experiment_id,timestamp,run_timestamp,dataset_name,train_dataset_name,test_dataset_name,num_videos,train_split,seed,train_texture_type,train_direction,train_view_angle,train_speed_range,train_resolution,train_fps,train_duration,train_brightness,train_contrast,train_lighting_variation,train_lighting_intensity,train_motion_blur,train_camera_noise,train_edge_width,train_stripe_width,train_stripe_spacing,train_stripe_gray,train_background_gray,train_stripe_distance_variance,train_add_object,train_object_type,train_object_position,train_object_size,train_num_objects,train_add_blur,train_blur_type,train_blur_intensity,train_random_blur_variation,train_vary_parameters,test_texture_type,test_direction,test_view_angle,test_speed_range,test_resolution,test_fps,test_duration,test_brightness,test_contrast,test_lighting_variation,test_lighting_intensity,test_motion_blur,test_camera_noise,test_edge_width,test_stripe_width,test_stripe_spacing,test_stripe_gray,test_background_gray,test_stripe_distance_variance,test_add_object,test_object_type,test_object_position,test_object_size,test_num_objects,test_add_blur,test_blur_type,test_blur_intensity,test_random_blur_variation,test_vary_parameters,model_name_or_path,template,lora_output_dir,lora_rank,lora_alpha,lora_dropout,cutoff_len,per_device_train_batch_size,gradient_accumulation_steps,learning_rate,num_train_epochs,lr_scheduler_type,warmup_ratio,bf16,fp16,quantization_bit,logging_steps,save_steps,eval_steps,eval_max_new_tokens,eval_batch_size,eval_video_fps,eval_video_maxlen,gpu_memory_utilization,skip_dataset,skip_training,skip_evaluation,use_docker,dataset_status,training_status,evaluation_status,base_model_accuracy,base_model_f1_score,base_model_f1_moving,base_model_f1_stopped,base_model_precision,base_model_recall,base_model_moving_correct,base_model_moving_total,base_model_stopped_correct,base_model_stopped_total,finetuned_model_accuracy,finetuned_model_f1_score,finetuned_model_f1_moving,finetuned_model_f1_stopped,finetuned_model_precision,finetuned_model_recall,finetuned_model_moving_correct,finetuned_model_moving_total,finetuned_model_stopped_correct,finetuned_model_stopped_total,base_model_per_texture_results,base_model_per_angle_results,finetuned_model_per_texture_results,finetuned_model_per_angle_results,notes_1,notes_2,
2,12/1/2025 13:14,20251201_131404,_exp_20251201_151245,_exp_20251201_151245_train,_exp_20251201_151245_test,100,0.9,42,subtle_gray_stripes,"left,right,up,down","0.0,15.0","0.0,14.0",640x480,4,12,1,1,none,1,0,0,5,20,20,20,15,0,FALSE,,,,,FALSE,,,,FALSE,subtle_gray_stripes,"left,right,up,down","0.0,15.0,30.0,45.0","0.0,14.0",640x480,4,12,1,1,none,1,0,0,5,20,20,15,10,0,FALSE,,,,,FALSE,,,,FALSE,Qwen/Qwen2.5-VL-3B-Instruct,qwen2_vl,saves/qwen2vl-treadmill-lora-pipeline,8,16,0.05,8192,1,8,5.00E-05,2,cosine,0.1,FALSE,TRUE,4,10,100,100,128,1024,4,128,0.8,TRUE,FALSE,FALSE,FALSE,skipped,completed,completed,50,0,0,0,0,0,0,16,16,16,50,66.67,0,0,50,100,16,16,0,16,"{""subtle_gray_stripes"": {""accuracy"": 50.0, ""f1_score"": 0.0, ""correct"": 16, ""total"": 32}}","{""angle0"": {""accuracy"": 50.0, ""f1_score"": 0.0, ""correct"": 4, ""total"": 8}, ""angle15"": {""accuracy"": 50.0, ""f1_score"": 0.0, ""correct"": 4, ""total"": 8}, ""angle30"": {""accuracy"": 50.0, ""f1_score"": 0.0, ""correct"": 4, ""total"": 8}, ""angle45"": {""accuracy"": 50.0, ""f1_score"": 0.0, ""correct"": 4, ""total"": 8}}","{""subtle_gray_stripes"": {""accuracy"": 50.0, ""f1_score"": 66.67, ""correct"": 16, ""total"": 32}}","{""angle0"": {""accuracy"": 50.0, ""f1_score"": 66.67, ""correct"": 4, ""total"": 8}, ""angle15"": {""accuracy"": 50.0, ""f1_score"": 66.67, ""correct"": 4, ""total"": 8}, ""angle30"": {""accuracy"": 50.0, ""f1_score"": 66.67, ""correct"": 4, ""total"": 8}, ""angle45"": {""accuracy"": 50.0, ""f1_score"": 66.67, ""correct"": 4, ""total"": 8}}",,,
3,12/1/2025 14:44,20251201_144439,_exp_20251201_164411,_exp_20251201_164411_train,_exp_20251201_164411_test,100,1,42,subtle_gray_stripes,"left,right,up,down",0,"0.0,10.0",640x480,4,12,1,1,none,1,0,0,5,20,20,20,15,0,TRUE,box,center,30,1,FALSE,,,,FALSE,subtle_gray_stripes,"left,right,up,down","0.0,15.0","0.0,10.0",640x480,4,12,1,1,none,1,0,0,5,20,20,15,10,0,TRUE,box,center,30,1,FALSE,,,,FALSE,Qwen/Qwen2.5-VL-3B-Instruct,qwen2_vl,saves/qwen2vl-treadmill-lora-pipeline,8,16,0.05,8192,1,8,5.00E-05,1,cosine,0.1,FALSE,TRUE,4,10,100,100,128,1024,4,128,0.8,TRUE,FALSE,FALSE,FALSE,skipped,completed,completed,50,33.33,0,0,25,50,0,8,8,8,50,33.33,0,0,25,50,0,8,8,8,"{""subtle_gray_stripes"": {""accuracy"": 50.0, ""f1_score"": 33.33, ""correct"": 8, ""total"": 16}}","{""angle0"": {""accuracy"": 50.0, ""f1_score"": 33.33, ""correct"": 4, ""total"": 8}, ""angle15"": {""accuracy"": 50.0, ""f1_score"": 33.33, ""correct"": 4, ""total"": 8}}","{""subtle_gray_stripes"": {""accuracy"": 50.0, ""f1_score"": 33.33, ""correct"": 8, ""total"": 16}}","{""angle0"": {""accuracy"": 50.0, ""f1_score"": 33.33, ""correct"": 4, ""total"": 8}, ""angle15"": {""accuracy"": 50.0, ""f1_score"": 33.33, ""correct"": 4, ""total"": 8}}",,,
4,12/1/2025 15:02,20251201_150254,_exp_20251201_170226,_exp_20251201_170226_train,_exp_20251201_170226_test,100,1,42,subtle_gray_stripes,"left,right,up,down",0,"0.0,10.0",640x480,4,12,0,1,none,1,0,0,5,20,20,20,15,0,TRUE,box,center,30,1,FALSE,,,,FALSE,subtle_gray_stripes,"left,right,up,down","0.0,15.0","0.0,10.0",640x480,4,12,0,1,none,1,0,0,5,20,20,15,10,0,TRUE,box,center,30,1,FALSE,,,,FALSE,Qwen/Qwen2.5-VL-3B-Instruct,qwen2_vl,saves/qwen2vl-treadmill-lora-pipeline,8,16,0.05,8192,1,8,5.00E-05,1,cosine,0.1,FALSE,TRUE,4,10,100,100,128,1024,4,128,0.8,TRUE,FALSE,FALSE,FALSE,skipped,completed,completed,50,33.33,0,0,25,50,8,8,0,8,50,50,0,0,50,50,4,8,4,8,"{""subtle_gray_stripes"": {""accuracy"": 50.0, ""f1_score"": 33.33, ""correct"": 8, ""total"": 16}}","{""angle0"": {""accuracy"": 50.0, ""f1_score"": 33.33, ""correct"": 4, ""total"": 8}, ""angle15"": {""accuracy"": 50.0, ""f1_score"": 33.33, ""correct"": 4, ""total"": 8}}","{""subtle_gray_stripes"": {""accuracy"": 50.0, ""f1_score"": 50.0, ""correct"": 8, ""total"": 16}}","{""angle0"": {""accuracy"": 50.0, ""f1_score"": 33.33, ""correct"": 4, ""total"": 8}, ""angle15"": {""accuracy"": 50.0, ""f1_score"": 33.33, ""correct"": 4, ""total"": 8}}",,,
5,12/1/2025 15:20,20251201_152037,_exp_20251201_172008,_exp_20251201_172008_train,_exp_20251201_172008_test,100,1,42,subtle_gray_stripes,"left,right,up,down",0,"0.0,10.0",640x480,4,12,0,1,none,1,0,0,5,20,20,20,15,0,TRUE,box,center,30,1,FALSE,,,,FALSE,subtle_gray_stripes,"left,right,up,down","0.0,15.0","0.0,10.0",640x480,4,12,0,1,none,1,0,0,5,20,20,15,10,0,TRUE,box,center,30,1,FALSE,,,,FALSE,Qwen/Qwen2.5-VL-3B-Instruct,qwen2_vl,saves/qwen2vl-treadmill-lora-pipeline,8,16,0.05,8192,1,8,5.00E-05,1,cosine,0.1,FALSE,TRUE,4,10,100,100,128,1024,4,128,0.8,TRUE,FALSE,FALSE,FALSE,skipped,completed,completed,50,33.33,0,0,25,50,8,8,0,8,50,50,0,0,50,50,4,8,4,8,"{""subtle_gray_stripes"": {""accuracy"": 50.0, ""f1_score"": 33.33, ""correct"": 8, ""total"": 16}}","{""angle0"": {""accuracy"": 50.0, ""f1_score"": 33.33, ""correct"": 4, ""total"": 8}, ""angle15"": {""accuracy"": 50.0, ""f1_score"": 33.33, ""correct"": 4, ""total"": 8}}","{""subtle_gray_stripes"": {""accuracy"": 50.0, ""f1_score"": 50.0, ""correct"": 8, ""total"": 16}}","{""angle0"": {""accuracy"": 50.0, ""f1_score"": 33.33, ""correct"": 4, ""total"": 8}, ""angle15"": {""accuracy"": 50.0, ""f1_score"": 33.33, ""correct"": 4, ""total"": 8}}",,,
6,12/1/2025 17:35,20251201_173529,_exp_20251201_193411,_exp_20251201_193411_train,_exp_20251201_193411_test,100,1,42,"factory_dark,factory_dark_stripes,noise,stripes","left,right","0.0,15.0,30.0","0.0,14.0",640x480,4,12,0,1,none,1,0,0,5,20,20,20,15,0,FALSE,,,,,FALSE,,,,FALSE,"factory_dark,factory_dark_stripes,noise,stripes","left,right","45.0,60.0","0.0,14.0",640x480,4,12,0,1,none,1,0,0,5,20,20,15,10,0,FALSE,,,,,FALSE,,,,FALSE,Qwen/Qwen2.5-VL-3B-Instruct,qwen2_vl,saves/qwen2vl-treadmill-lora-pipeline,8,16,0.05,8192,1,8,5.00E-05,3,cosine,0.1,FALSE,TRUE,4,10,100,100,128,1024,4,128,0.8,TRUE,FALSE,FALSE,FALSE,skipped,completed,completed,50,33.33,0,0,25,50,8,8,0,8,50,33.33,0,0,25,50,8,8,0,8,"{""factory_dark"": {""accuracy"": 50.0, ""f1_score"": 33.33, ""correct"": 4, ""total"": 8}, ""factory_dark_stripes"": {""accuracy"": 50.0, ""f1_score"": 33.33, ""correct"": 4, ""total"": 8}}","{""angle45"": {""accuracy"": 50.0, ""f1_score"": 33.33, ""correct"": 4, ""total"": 8}, ""angle60"": {""accuracy"": 50.0, ""f1_score"": 33.33, ""correct"": 4, ""total"": 8}}","{""factory_dark"": {""accuracy"": 50.0, ""f1_score"": 33.33, ""correct"": 4, ""total"": 8}, ""factory_dark_stripes"": {""accuracy"": 50.0, ""f1_score"": 33.33, ""correct"": 4, ""total"": 8}}","{""angle45"": {""accuracy"": 50.0, ""f1_score"": 33.33, ""correct"": 4, ""total"": 8}, ""angle60"": {""accuracy"": 50.0, ""f1_score"": 33.33, ""correct"": 4, ""total"": 8}}",,,
7,12/1/2025 17:48,20251201_174825,_exp_20251201_194618,_exp_20251201_194618_train,_exp_20251201_194618_test,100,1,42,"factory_dark,factory_dark_stripes,noise,stripes","left,right","0.0,15.0,30.0","0.0,14.0",640x480,4,12,0,1,none,1,0,0,5,20,20,20,15,0,FALSE,,,,,FALSE,,,,FALSE,"factory_dark,factory_dark_stripes,noise,stripes","left,right","45.0,60.0","0.0,14.0",640x480,4,12,0,1,none,1,0,0,5,20,20,15,10,0,FALSE,,,,,FALSE,,,,FALSE,Qwen/Qwen2.5-VL-3B-Instruct,qwen2_vl,saves/qwen2vl-treadmill-lora-pipeline,8,16,0.05,8192,1,8,5.00E-05,3,cosine,0.1,FALSE,TRUE,4,10,100,100,128,1024,4,128,0.8,TRUE,FALSE,FALSE,FALSE,skipped,completed,completed,50,33.33,0,0,25,50,16,16,0,16,50,33.33,0,0,25,50,16,16,0,16,"{""factory_dark"": {""accuracy"": 50.0, ""f1_score"": 33.33, ""correct"": 4, ""total"": 8}, ""factory_dark_stripes"": {""accuracy"": 50.0, ""f1_score"": 33.33, ""correct"": 4, ""total"": 8}, ""noise"": {""accuracy"": 50.0, ""f1_score"": 33.33, ""correct"": 4, ""total"": 8}, ""stripes"": {""accuracy"": 50.0, ""f1_score"": 33.33, ""correct"": 4, ""total"": 8}}","{""angle45"": {""accuracy"": 50.0, ""f1_score"": 33.33, ""correct"": 8, ""total"": 16}, ""angle60"": {""accuracy"": 50.0, ""f1_score"": 33.33, ""correct"": 8, ""total"": 16}}","{""factory_dark"": {""accuracy"": 50.0, ""f1_score"": 33.33, ""correct"": 4, ""total"": 8}, ""factory_dark_stripes"": {""accuracy"": 50.0, ""f1_score"": 33.33, ""correct"": 4, ""total"": 8}, ""noise"": {""accuracy"": 50.0, ""f1_score"": 33.33, ""correct"": 4, ""total"": 8}, ""stripes"": {""accuracy"": 50.0, ""f1_score"": 33.33, ""correct"": 4, ""total"": 8}}","{""angle45"": {""accuracy"": 50.0, ""f1_score"": 33.33, ""correct"": 8, ""total"": 16}, ""angle60"": {""accuracy"": 50.0, ""f1_score"": 33.33, ""correct"": 8, ""total"": 16}}",,,
8,12/1/2025 18:15,20251201_181556,_exp_20251201_201437,_exp_20251201_201437_train,_exp_20251201_201437_test,100,1,42,"factory_dark,factory_dark_stripes,noise,stripes","left,right","0.0,15.0,30.0","0.0,14.0",640x480,4,12,1,1,none,1,0,0,5,20,20,20,15,0,FALSE,,,,,FALSE,,,,FALSE,"factory_dark,factory_dark_stripes,noise,stripes","left,right","45.0,60.0","0.0,14.0",640x480,4,12,1,1,none,1,0,0,5,20,20,15,10,0,FALSE,,,,,FALSE,,,,FALSE,Qwen/Qwen2.5-VL-3B-Instruct,qwen2_vl,saves/qwen2vl-treadmill-lora-pipeline,8,16,0.05,8192,1,8,5.00E-05,3,cosine,0.1,FALSE,TRUE,4,10,100,100,128,1024,4,128,0.8,TRUE,FALSE,FALSE,FALSE,skipped,completed,completed,50,33.33,0,0,25,50,0,16,16,16,50,33.33,0,0,25,50,16,16,0,16,"{""factory_dark"": {""accuracy"": 50.0, ""f1_score"": 33.33, ""correct"": 4, ""total"": 8}, ""factory_dark_stripes"": {""accuracy"": 50.0, ""f1_score"": 33.33, ""correct"": 4, ""total"": 8}, ""noise"": {""accuracy"": 50.0, ""f1_score"": 33.33, ""correct"": 4, ""total"": 8}, ""stripes"": {""accuracy"": 50.0, ""f1_score"": 33.33, ""correct"": 4, ""total"": 8}}","{""angle45"": {""accuracy"": 50.0, ""f1_score"": 33.33, ""correct"": 8, ""total"": 16}, ""angle60"": {""accuracy"": 50.0, ""f1_score"": 33.33, ""correct"": 8, ""total"": 16}}","{""factory_dark"": {""accuracy"": 50.0, ""f1_score"": 33.33, ""correct"": 4, ""total"": 8}, ""factory_dark_stripes"": {""accuracy"": 50.0, ""f1_score"": 33.33, ""correct"": 4, ""total"": 8}, ""noise"": {""accuracy"": 50.0, ""f1_score"": 33.33, ""correct"": 4, ""total"": 8}, ""stripes"": {""accuracy"": 50.0, ""f1_score"": 33.33, ""correct"": 4, ""total"": 8}}","{""angle45"": {""accuracy"": 50.0, ""f1_score"": 33.33, ""correct"": 8, ""total"": 16}, ""angle60"": {""accuracy"": 50.0, ""f1_score"": 33.33, ""correct"": 8, ""total"": 16}}",,,
9,12/2/2025 9:12,20251202_091245,_exp_20251202_111122,_exp_20251202_111122_train,_exp_20251202_111122_test,100,1,42,"factory_dark,factory_dark_stripes,noise,stripes","left,right","0,15,30","0.0,14.0",640x480,4,12,0,1,none,1,0,0,5,20,20,20,15,0,FALSE,,,,,FALSE,,,,FALSE,"factory_dark,factory_dark_stripes,noise,stripes","left,right","22,45","0.0,14.0",640x480,4,12,0,1,none,1,0,0,5,20,20,15,10,0,FALSE,,,,,FALSE,,,,FALSE,Qwen/Qwen2.5-VL-3B-Instruct,qwen2_vl,saves/qwen2vl-treadmill-lora-pipeline,8,16,0.05,8192,1,8,5.00E-05,3,cosine,0.1,FALSE,TRUE,4,10,100,100,128,1024,4,128,0.8,TRUE,FALSE,FALSE,FALSE,skipped,completed,completed,50,33.33,0,0,25,50,16,16,0,16,50,33.33,0,0,25,50,16,16,0,16,"{""factory_dark"": {""accuracy"": 50.0, ""f1_score"": 33.33, ""correct"": 4, ""total"": 8}, ""factory_dark_stripes"": {""accuracy"": 50.0, ""f1_score"": 33.33, ""correct"": 4, ""total"": 8}, ""noise"": {""accuracy"": 50.0, ""f1_score"": 33.33, ""correct"": 4, ""total"": 8}, ""stripes"": {""accuracy"": 50.0, ""f1_score"": 33.33, ""correct"": 4, ""total"": 8}}","{""angle22"": {""accuracy"": 50.0, ""f1_score"": 33.33, ""correct"": 8, ""total"": 16}, ""angle45"": {""accuracy"": 50.0, ""f1_score"": 33.33, ""correct"": 8, ""total"": 16}}","{""factory_dark"": {""accuracy"": 50.0, ""f1_score"": 33.33, ""correct"": 4, ""total"": 8}, ""factory_dark_stripes"": {""accuracy"": 50.0, ""f1_score"": 33.33, ""correct"": 4, ""total"": 8}, ""noise"": {""accuracy"": 50.0, ""f1_score"": 33.33, ""correct"": 4, ""total"": 8}, ""stripes"": {""accuracy"": 50.0, ""f1_score"": 33.33, ""correct"": 4, ""total"": 8}}","{""angle22"": {""accuracy"": 50.0, ""f1_score"": 33.33, ""correct"": 8, ""total"": 16}, ""angle45"": {""accuracy"": 50.0, ""f1_score"": 33.33, ""correct"": 8, ""total"": 16}}",,,
10,12/2/2025 10:01,20251202_100136,_exp_20251202_120019,_exp_20251202_120019_train,_exp_20251202_120019_test,100,1,42,"factory_dark,factory_dark_stripes,noise,stripes","left,right","0,15,30","0.0,14.0",640x480,4,12,0,1,none,1,0,0,0.1,20,20,20,15,0,FALSE,,,,,FALSE,,,,FALSE,"factory_dark,factory_dark_stripes,noise,stripes","left,right","22,45","0.0,14.0",640x480,4,12,0,1,none,1,0,0,0.1,20,20,15,10,0,FALSE,,,,,FALSE,,,,FALSE,Qwen/Qwen2.5-VL-3B-Instruct,qwen2_vl,saves/qwen2vl-treadmill-lora-pipeline,8,16,0.05,8192,1,8,5.00E-05,3,cosine,0.1,FALSE,TRUE,4,10,100,100,128,1024,4,128,0.8,TRUE,FALSE,FALSE,FALSE,skipped,completed,completed,84.38,83.98,0,0,88.1,84.38,11,16,16,16,50,33.33,0,0,25,50,16,16,0,16,"{""factory_dark"": {""accuracy"": 100.0, ""f1_score"": 100.0, ""correct"": 8, ""total"": 8}, ""factory_dark_stripes"": {""accuracy"": 87.5, ""f1_score"": 87.3, ""correct"": 7, ""total"": 8}, ""noise"": {""accuracy"": 100.0, ""f1_score"": 100.0, ""correct"": 8, ""total"": 8}, ""stripes"": {""accuracy"": 50.0, ""f1_score"": 33.33, ""correct"": 4, ""total"": 8}}","{""angle22"": {""accuracy"": 81.25, ""f1_score"": 80.57, ""correct"": 13, ""total"": 16}, ""angle45"": {""accuracy"": 87.5, ""f1_score"": 87.3, ""correct"": 14, ""total"": 16}}","{""factory_dark"": {""accuracy"": 50.0, ""f1_score"": 33.33, ""correct"": 4, ""total"": 8}, ""factory_dark_stripes"": {""accuracy"": 50.0, ""f1_score"": 33.33, ""correct"": 4, ""total"": 8}, ""noise"": {""accuracy"": 50.0, ""f1_score"": 33.33, ""correct"": 4, ""total"": 8}, ""stripes"": {""accuracy"": 50.0, ""f1_score"": 33.33, ""correct"": 4, ""total"": 8}}","{""angle22"": {""accuracy"": 50.0, ""f1_score"": 33.33, ""correct"": 8, ""total"": 16}, ""angle45"": {""accuracy"": 50.0, ""f1_score"": 33.33, ""correct"": 8, ""total"": 16}}",,,
11,12/2/2025 10:55,20251202_105540,_exp_20251202_125414,_exp_20251202_125414_train,_exp_20251202_125414_test,100,1,42,"factory_dark,factory_dark_stripes,noise,stripes","left,right","0,15,30","0.0,14.0",640x480,4,12,0,1,none,1,0,0,0.1,20,20,20,15,0,FALSE,,,,,FALSE,,,,FALSE,"factory_dark,factory_dark_stripes,noise,stripes","left,right","22,45","0.0,14.0",640x480,4,12,0,1,none,1,0,0,0.1,20,20,15,10,0,FALSE,,,,,FALSE,,,,FALSE,Qwen/Qwen2.5-VL-3B-Instruct,qwen2_vl,saves/qwen2vl-treadmill-lora-pipeline,8,16,0.05,8192,1,8,5.00E-05,3,cosine,0.1,FALSE,TRUE,4,10,100,100,128,1024,4,128,0.8,TRUE,FALSE,FALSE,FALSE,skipped,completed,completed,84.38,83.98,0,0,88.1,84.38,11,16,16,16,50,33.33,0,0,25,50,16,16,0,16,"{""factory_dark"": {""accuracy"": 100.0, ""f1_score"": 100.0, ""correct"": 8, ""total"": 8}, ""factory_dark_stripes"": {""accuracy"": 87.5, ""f1_score"": 87.3, ""correct"": 7, ""total"": 8}, ""noise"": {""accuracy"": 100.0, ""f1_score"": 100.0, ""correct"": 8, ""total"": 8}, ""stripes"": {""accuracy"": 50.0, ""f1_score"": 33.33, ""correct"": 4, ""total"": 8}}","{""angle22"": {""accuracy"": 81.25, ""f1_score"": 80.57, ""correct"": 13, ""total"": 16}, ""angle45"": {""accuracy"": 87.5, ""f1_score"": 87.3, ""correct"": 14, ""total"": 16}}","{""factory_dark"": {""accuracy"": 50.0, ""f1_score"": 33.33, ""correct"": 4, ""total"": 8}, ""factory_dark_stripes"": {""accuracy"": 50.0, ""f1_score"": 33.33, ""correct"": 4, ""total"": 8}, ""noise"": {""accuracy"": 50.0, ""f1_score"": 33.33, ""correct"": 4, ""total"": 8}, ""stripes"": {""accuracy"": 50.0, ""f1_score"": 33.33, ""correct"": 4, ""total"": 8}}","{""angle22"": {""accuracy"": 50.0, ""f1_score"": 33.33, ""correct"": 8, ""total"": 16}, ""angle45"": {""accuracy"": 50.0, ""f1_score"": 33.33, ""correct"": 8, ""total"": 16}}",,,
12,12/2/2025 11:05,20251202_110548,_exp_20251202_130454,_exp_20251202_130454_train,_exp_20251202_130454_test,100,1,42,"factory_dark,factory_dark_stripes,noise,stripes","left,right","0,15,30","0.0,14.0",640x480,4,12,0,1,none,1,0,0,0.1,20,20,20,15,0,FALSE,,,,,FALSE,,,,FALSE,"factory_dark,factory_dark_stripes,noise,stripes","left,right","22,45","0.0,14.0",640x480,4,12,0,1,none,1,0,0,0.1,20,20,15,10,0,FALSE,,,,,FALSE,,,,FALSE,Qwen/Qwen2.5-VL-3B-Instruct,qwen2_vl,saves/qwen2vl-treadmill-lora-pipeline,8,16,0.05,8192,1,8,5.00E-05,3,cosine,0.1,FALSE,TRUE,4,10,100,100,128,1024,4,128,0.8,TRUE,FALSE,FALSE,FALSE,skipped,completed,completed,84.38,83.98,0,0,88.1,84.38,11,16,16,16,50,33.33,0,0,25,50,16,16,0,16,"{""factory_dark"": {""accuracy"": 100.0, ""f1_score"": 100.0, ""correct"": 8, ""total"": 8}, ""factory_dark_stripes"": {""accuracy"": 87.5, ""f1_score"": 87.3, ""correct"": 7, ""total"": 8}, ""noise"": {""accuracy"": 100.0, ""f1_score"": 100.0, ""correct"": 8, ""total"": 8}, ""stripes"": {""accuracy"": 50.0, ""f1_score"": 33.33, ""correct"": 4, ""total"": 8}}","{""angle22"": {""accuracy"": 81.25, ""f1_score"": 80.57, ""correct"": 13, ""total"": 16}, ""angle45"": {""accuracy"": 87.5, ""f1_score"": 87.3, ""correct"": 14, ""total"": 16}}","{""factory_dark"": {""accuracy"": 50.0, ""f1_score"": 33.33, ""correct"": 4, ""total"": 8}, ""factory_dark_stripes"": {""accuracy"": 50.0, ""f1_score"": 33.33, ""correct"": 4, ""total"": 8}, ""noise"": {""accuracy"": 50.0, ""f1_score"": 33.33, ""correct"": 4, ""total"": 8}, ""stripes"": {""accuracy"": 50.0, ""f1_score"": 33.33, ""correct"": 4, ""total"": 8}}","{""angle22"": {""accuracy"": 50.0, ""f1_score"": 33.33, ""correct"": 8, ""total"": 16}, ""angle45"": {""accuracy"": 50.0, ""f1_score"": 33.33, ""correct"": 8, ""total"": 16}}",,,
13,12/2/2025 11:19,20251202_111927,_exp_20251202_131837,_exp_20251202_131837_train,_exp_20251202_131837_test,100,1,42,"factory_dark,factory_dark_stripes,noise,stripes","left,right","0,15,30","0.0,14.0",640x480,4,12,0,1,none,1,0,0,0.1,20,20,20,15,0,FALSE,,,,,FALSE,,,,FALSE,"factory_dark,factory_dark_stripes,noise,stripes","left,right","22,45","0.0,14.0",640x480,4,12,0,1,none,1,0,0,0.1,20,20,15,10,0,FALSE,,,,,FALSE,,,,FALSE,Qwen/Qwen2.5-VL-3B-Instruct,qwen2_vl,saves/qwen2vl-treadmill-lora-pipeline,8,16,0.05,8192,1,8,5.00E-05,3,cosine,0.1,FALSE,TRUE,4,10,100,100,128,1024,4,128,0.8,TRUE,FALSE,FALSE,FALSE,skipped,completed,completed,84.38,83.98,0,0,88.1,84.38,11,16,16,16,90.62,90.54,0,0,92.11,90.62,13,16,16,16,"{""factory_dark"": {""accuracy"": 100.0, ""f1_score"": 100.0, ""correct"": 8, ""total"": 8}, ""factory_dark_stripes"": {""accuracy"": 87.5, ""f1_score"": 87.3, ""correct"": 7, ""total"": 8}, ""noise"": {""accuracy"": 100.0, ""f1_score"": 100.0, ""correct"": 8, ""total"": 8}, ""stripes"": {""accuracy"": 50.0, ""f1_score"": 33.33, ""correct"": 4, ""total"": 8}}","{""angle22"": {""accuracy"": 81.25, ""f1_score"": 80.57, ""correct"": 13, ""total"": 16}, ""angle45"": {""accuracy"": 87.5, ""f1_score"": 87.3, ""correct"": 14, ""total"": 16}}","{""factory_dark"": {""accuracy"": 100.0, ""f1_score"": 100.0, ""correct"": 8, ""total"": 8}, ""factory_dark_stripes"": {""accuracy"": 100.0, ""f1_score"": 100.0, ""correct"": 8, ""total"": 8}, ""noise"": {""accuracy"": 100.0, ""f1_score"": 100.0, ""correct"": 8, ""total"": 8}, ""stripes"": {""accuracy"": 62.5, ""f1_score"": 56.36, ""correct"": 5, ""total"": 8}}","{""angle22"": {""accuracy"": 87.5, ""f1_score"": 87.3, ""correct"": 14, ""total"": 16}, ""angle45"": {""accuracy"": 93.75, ""f1_score"": 93.73, ""correct"": 15, ""total"": 16}}",,,
16,12/2/2025 14:10,20251202_141047,_exp_20251202_144656,_exp_20251202_144656_train,_exp_20251202_144656_test,100,1,42,,,,,,,,,,,,,,,,,,,,,,,,,,,,,,,,,,,,,,,,,,,,,,,,,,,,,,,,,,,Qwen/Qwen2.5-VL-3B-Instruct,qwen2_vl,saves/qwen2vl-treadmill-lora-pipeline,8,16,0.05,8192,1,8,5.00E-05,5,cosine,0.1,FALSE,TRUE,4,10,100,100,128,1024,2,128,0.8,TRUE,FALSE,FALSE,FALSE,skipped,completed,completed,77.73,77.26,0,0,80.26,77.73,81,128,118,128,93.75,93.73,0,0,94.44,93.75,128,128,112,128,"{""diamond_plate"": {""accuracy"": 100.0, ""f1_score"": 100.0, ""correct"": 64, ""total"": 64}, ""factory_dark"": {""accuracy"": 96.88, ""f1_score"": 96.87, ""correct"": 62, ""total"": 64}, ""stripes"": {""accuracy"": 59.38, ""f1_score"": 51.35, ""correct"": 38, ""total"": 64}, ""subtle_gray_stripes_stripe15_bg10"": {""accuracy"": 50.0, ""f1_score"": 46.67, ""correct"": 8, ""total"": 16}, ""subtle_gray_stripes_stripe15_bg11"": {""accuracy"": 56.25, ""f1_score"": 54.66, ""correct"": 9, ""total"": 16}, ""subtle_gray_stripes_stripe16_bg10"": {""accuracy"": 50.0, ""f1_score"": 46.67, ""correct"": 8, ""total"": 16}, ""subtle_gray_stripes_stripe16_bg11"": {""accuracy"": 62.5, ""f1_score"": 61.9, ""correct"": 10, ""total"": 16}}","{""angle0"": {""accuracy"": 75.0, ""f1_score"": 74.9, ""correct"": 48, ""total"": 64}, ""angle15"": {""accuracy"": 75.0, ""f1_score"": 73.33, ""correct"": 48, ""total"": 64}, ""angle30"": {""accuracy"": 81.25, ""f1_score"": 80.57, ""correct"": 52, ""total"": 64}, ""angle45"": {""accuracy"": 79.69, ""f1_score"": 78.81, ""correct"": 51, ""total"": 64}}","{""diamond_plate"": {""accuracy"": 100.0, ""f1_score"": 100.0, ""correct"": 64, ""total"": 64}, ""factory_dark"": {""accuracy"": 96.88, ""f1_score"": 96.87, ""correct"": 62, ""total"": 64}, ""stripes"": {""accuracy"": 87.5, ""f1_score"": 87.3, ""correct"": 56, ""total"": 64}, ""subtle_gray_stripes_stripe15_bg10"": {""accuracy"": 87.5, ""f1_score"": 87.3, ""correct"": 14, ""total"": 16}, ""subtle_gray_stripes_stripe15_bg11"": {""accuracy"": 100.0, ""f1_score"": 100.0, ""correct"": 16, ""total"": 16}, ""subtle_gray_stripes_stripe16_bg10"": {""accuracy"": 93.75, ""f1_score"": 93.73, ""correct"": 15, ""total"": 16}, ""subtle_gray_stripes_stripe16_bg11"": {""accuracy"": 81.25, ""f1_score"": 80.57, ""correct"": 13, ""total"": 16}}","{""angle0"": {""accuracy"": 87.5, ""f1_score"": 87.3, ""correct"": 56, ""total"": 64}, ""angle15"": {""accuracy"": 95.31, ""f1_score"": 95.3, ""correct"": 61, ""total"": 64}, ""angle30"": {""accuracy"": 96.88, ""f1_score"": 96.87, ""correct"": 62, ""total"": 64}, ""angle45"": {""accuracy"": 95.31, ""f1_score"": 95.3, ""correct"": 61, ""total"": 64}}",,,
17,12/2/2025 15:23,20251202_152338,_exp_20251202_172211,_exp_20251202_172211_train,_exp_20251202_172211_test,100,1,42,subtle_gray_stripes,left,"0.0,30.0","0.0,14.0",640x480,4,12,0,1,none,1,0,0,0.1,20,20,"20,21,22,23","15,16,17,18,19",0,FALSE,,,,,FALSE,,,,FALSE,subtle_gray_stripes,left,"0,30.0","0.0,14.0",640x480,4,12,0,1,none,1,0,0,0.1,20,20,"15,16,17,18","10,11,12,13",0,FALSE,,,,,FALSE,,,,FALSE,Qwen/Qwen2.5-VL-3B-Instruct,qwen2_vl,saves/qwen2vl-treadmill-lora-pipeline,8,16,0.05,8192,1,8,5.00E-05,3,cosine,0.1,FALSE,TRUE,4,10,100,100,128,1024,4,128,0.8,TRUE,FALSE,FALSE,FALSE,skipped,completed,completed,57.81,57.55,0,0,58.01,57.81,21,32,16,32,65.62,64.76,0,0,67.32,65.62,26,32,16,32,"{""subtle_gray_stripes_stripe15_bg10"": {""accuracy"": 50.0, ""f1_score"": 50.0, ""correct"": 2, ""total"": 4}, ""subtle_gray_stripes_stripe15_bg11"": {""accuracy"": 50.0, ""f1_score"": 50.0, ""correct"": 2, ""total"": 4}, ""subtle_gray_stripes_stripe15_bg12"": {""accuracy"": 50.0, ""f1_score"": 50.0, ""correct"": 2, ""total"": 4}, ""subtle_gray_stripes_stripe15_bg13"": {""accuracy"": 75.0, ""f1_score"": 73.33, ""correct"": 3, ""total"": 4}, ""subtle_gray_stripes_stripe16_bg10"": {""accuracy"": 75.0, ""f1_score"": 73.33, ""correct"": 3, ""total"": 4}, ""subtle_gray_stripes_stripe16_bg11"": {""accuracy"": 50.0, ""f1_score"": 50.0, ""correct"": 2, ""total"": 4}, ""subtle_gray_stripes_stripe16_bg12"": {""accuracy"": 50.0, ""f1_score"": 50.0, ""correct"": 2, ""total"": 4}, ""subtle_gray_stripes_stripe16_bg13"": {""accuracy"": 50.0, ""f1_score"": 50.0, ""correct"": 2, ""total"": 4}, ""subtle_gray_stripes_stripe17_bg10"": {""accuracy"": 50.0, ""f1_score"": 50.0, ""correct"": 2, ""total"": 4}, ""subtle_gray_stripes_stripe17_bg11"": {""accuracy"": 50.0, ""f1_score"": 50.0, ""correct"": 2, ""total"": 4}, ""subtle_gray_stripes_stripe17_bg12"": {""accuracy"": 75.0, ""f1_score"": 73.33, ""correct"": 3, ""total"": 4}, ""subtle_gray_stripes_stripe17_bg13"": {""accuracy"": 75.0, ""f1_score"": 73.33, ""correct"": 3, ""total"": 4}, ""subtle_gray_stripes_stripe18_bg10"": {""accuracy"": 50.0, ""f1_score"": 50.0, ""correct"": 2, ""total"": 4}, ""subtle_gray_stripes_stripe18_bg11"": {""accuracy"": 50.0, ""f1_score"": 50.0, ""correct"": 2, ""total"": 4}, ""subtle_gray_stripes_stripe18_bg12"": {""accuracy"": 50.0, ""f1_score"": 50.0, ""correct"": 2, ""total"": 4}, ""subtle_gray_stripes_stripe18_bg13"": {""accuracy"": 75.0, ""f1_score"": 73.33, ""correct"": 3, ""total"": 4}}","{""angle0"": {""accuracy"": 50.0, ""f1_score"": 33.33, ""correct"": 16, ""total"": 32}, ""angle30"": {""accuracy"": 65.62, ""f1_score"": 61.02, ""correct"": 21, ""total"": 32}}","{""subtle_gray_stripes_stripe15_bg10"": {""accuracy"": 50.0, ""f1_score"": 50.0, ""correct"": 2, ""total"": 4}, ""subtle_gray_stripes_stripe15_bg11"": {""accuracy"": 75.0, ""f1_score"": 73.33, ""correct"": 3, ""total"": 4}, ""subtle_gray_stripes_stripe15_bg12"": {""accuracy"": 50.0, ""f1_score"": 50.0, ""correct"": 2, ""total"": 4}, ""subtle_gray_stripes_stripe15_bg13"": {""accuracy"": 75.0, ""f1_score"": 73.33, ""correct"": 3, ""total"": 4}, ""subtle_gray_stripes_stripe16_bg10"": {""accuracy"": 75.0, ""f1_score"": 73.33, ""correct"": 3, ""total"": 4}, ""subtle_gray_stripes_stripe16_bg11"": {""accuracy"": 50.0, ""f1_score"": 50.0, ""correct"": 2, ""total"": 4}, ""subtle_gray_stripes_stripe16_bg12"": {""accuracy"": 75.0, ""f1_score"": 73.33, ""correct"": 3, ""total"": 4}, ""subtle_gray_stripes_stripe16_bg13"": {""accuracy"": 50.0, ""f1_score"": 50.0, ""correct"": 2, ""total"": 4}, ""subtle_gray_stripes_stripe17_bg10"": {""accuracy"": 50.0, ""f1_score"": 50.0, ""correct"": 2, ""total"": 4}, ""subtle_gray_stripes_stripe17_bg11"": {""accuracy"": 75.0, ""f1_score"": 73.33, ""correct"": 3, ""total"": 4}, ""subtle_gray_stripes_stripe17_bg12"": {""accuracy"": 75.0, ""f1_score"": 73.33, ""correct"": 3, ""total"": 4}, ""subtle_gray_stripes_stripe17_bg13"": {""accuracy"": 75.0, ""f1_score"": 73.33, ""correct"": 3, ""total"": 4}, ""subtle_gray_stripes_stripe18_bg10"": {""accuracy"": 50.0, ""f1_score"": 50.0, ""correct"": 2, ""total"": 4}, ""subtle_gray_stripes_stripe18_bg11"": {""accuracy"": 75.0, ""f1_score"": 73.33, ""correct"": 3, ""total"": 4}, ""subtle_gray_stripes_stripe18_bg12"": {""accuracy"": 75.0, ""f1_score"": 73.33, ""correct"": 3, ""total"": 4}, ""subtle_gray_stripes_stripe18_bg13"": {""accuracy"": 75.0, ""f1_score"": 73.33, ""correct"": 3, ""total"": 4}}","{""angle0"": {""accuracy"": 50.0, ""f1_score"": 33.33, ""correct"": 16, ""total"": 32}, ""angle30"": {""accuracy"": 81.25, ""f1_score"": 80.57, ""correct"": 26, ""total"": 32}}",,,
18,12/2/2025 16:00,20251202_160038,_exp_20251202_175914,_exp_20251202_175914_train,_exp_20251202_175914_test,100,1,42,subtle_gray_stripes,left,"0.0,30.0","0.0,14.0",640x480,4,12,0,1,none,1,0,0,0.1,20,20,"20,21,22,23","15,16,17,18,19",0,FALSE,,,,,FALSE,,,,FALSE,subtle_gray_stripes,left,"0,30.0","0.0,14.0",640x480,4,12,0,1,none,1,0,0,0.1,20,20,"15,16,17,18","10,11,12,13",0,FALSE,,,,,FALSE,,,,FALSE,Qwen/Qwen2.5-VL-3B-Instruct,qwen2_vl,saves/qwen2vl-treadmill-lora-pipeline,8,16,0.05,8192,1,8,5.00E-05,6,cosine,0.1,FALSE,TRUE,4,10,100,100,128,1024,4,128,0.8,TRUE,FALSE,FALSE,FALSE,skipped,completed,completed,57.81,57.55,0,0,58.01,57.81,21,32,16,32,70.31,67.44,0,0,81.37,70.31,32,32,13,32,"{""subtle_gray_stripes_stripe15_bg10"": {""accuracy"": 50.0, ""f1_score"": 50.0, ""correct"": 2, ""total"": 4}, ""subtle_gray_stripes_stripe15_bg11"": {""accuracy"": 50.0, ""f1_score"": 50.0, ""correct"": 2, ""total"": 4}, ""subtle_gray_stripes_stripe15_bg12"": {""accuracy"": 50.0, ""f1_score"": 50.0, ""correct"": 2, ""total"": 4}, ""subtle_gray_stripes_stripe15_bg13"": {""accuracy"": 75.0, ""f1_score"": 73.33, ""correct"": 3, ""total"": 4}, ""subtle_gray_stripes_stripe16_bg10"": {""accuracy"": 75.0, ""f1_score"": 73.33, ""correct"": 3, ""total"": 4}, ""subtle_gray_stripes_stripe16_bg11"": {""accuracy"": 50.0, ""f1_score"": 50.0, ""correct"": 2, ""total"": 4}, ""subtle_gray_stripes_stripe16_bg12"": {""accuracy"": 50.0, ""f1_score"": 50.0, ""correct"": 2, ""total"": 4}, ""subtle_gray_stripes_stripe16_bg13"": {""accuracy"": 50.0, ""f1_score"": 50.0, ""correct"": 2, ""total"": 4}, ""subtle_gray_stripes_stripe17_bg10"": {""accuracy"": 50.0, ""f1_score"": 50.0, ""correct"": 2, ""total"": 4}, ""subtle_gray_stripes_stripe17_bg11"": {""accuracy"": 50.0, ""f1_score"": 50.0, ""correct"": 2, ""total"": 4}, ""subtle_gray_stripes_stripe17_bg12"": {""accuracy"": 75.0, ""f1_score"": 73.33, ""correct"": 3, ""total"": 4}, ""subtle_gray_stripes_stripe17_bg13"": {""accuracy"": 75.0, ""f1_score"": 73.33, ""correct"": 3, ""total"": 4}, ""subtle_gray_stripes_stripe18_bg10"": {""accuracy"": 50.0, ""f1_score"": 50.0, ""correct"": 2, ""total"": 4}, ""subtle_gray_stripes_stripe18_bg11"": {""accuracy"": 50.0, ""f1_score"": 50.0, ""correct"": 2, ""total"": 4}, ""subtle_gray_stripes_stripe18_bg12"": {""accuracy"": 50.0, ""f1_score"": 50.0, ""correct"": 2, ""total"": 4}, ""subtle_gray_stripes_stripe18_bg13"": {""accuracy"": 75.0, ""f1_score"": 73.33, ""correct"": 3, ""total"": 4}}","{""angle0"": {""accuracy"": 50.0, ""f1_score"": 33.33, ""correct"": 16, ""total"": 32}, ""angle30"": {""accuracy"": 65.62, ""f1_score"": 61.02, ""correct"": 21, ""total"": 32}}","{""subtle_gray_stripes_stripe15_bg10"": {""accuracy"": 75.0, ""f1_score"": 73.33, ""correct"": 3, ""total"": 4}, ""subtle_gray_stripes_stripe15_bg11"": {""accuracy"": 75.0, ""f1_score"": 73.33, ""correct"": 3, ""total"": 4}, ""subtle_gray_stripes_stripe15_bg12"": {""accuracy"": 75.0, ""f1_score"": 73.33, ""correct"": 3, ""total"": 4}, ""subtle_gray_stripes_stripe15_bg13"": {""accuracy"": 50.0, ""f1_score"": 33.33, ""correct"": 2, ""total"": 4}, ""subtle_gray_stripes_stripe16_bg10"": {""accuracy"": 75.0, ""f1_score"": 73.33, ""correct"": 3, ""total"": 4}, ""subtle_gray_stripes_stripe16_bg11"": {""accuracy"": 75.0, ""f1_score"": 73.33, ""correct"": 3, ""total"": 4}, ""subtle_gray_stripes_stripe16_bg12"": {""accuracy"": 75.0, ""f1_score"": 73.33, ""correct"": 3, ""total"": 4}, ""subtle_gray_stripes_stripe16_bg13"": {""accuracy"": 75.0, ""f1_score"": 73.33, ""correct"": 3, ""total"": 4}, ""subtle_gray_stripes_stripe17_bg10"": {""accuracy"": 75.0, ""f1_score"": 73.33, ""correct"": 3, ""total"": 4}, ""subtle_gray_stripes_stripe17_bg11"": {""accuracy"": 50.0, ""f1_score"": 33.33, ""correct"": 2, ""total"": 4}, ""subtle_gray_stripes_stripe17_bg12"": {""accuracy"": 50.0, ""f1_score"": 33.33, ""correct"": 2, ""total"": 4}, ""subtle_gray_stripes_stripe17_bg13"": {""accuracy"": 75.0, ""f1_score"": 73.33, ""correct"": 3, ""total"": 4}, ""subtle_gray_stripes_stripe18_bg10"": {""accuracy"": 75.0, ""f1_score"": 73.33, ""correct"": 3, ""total"": 4}, ""subtle_gray_stripes_stripe18_bg11"": {""accuracy"": 75.0, ""f1_score"": 73.33, ""correct"": 3, ""total"": 4}, ""subtle_gray_stripes_stripe18_bg12"": {""accuracy"": 75.0, ""f1_score"": 73.33, ""correct"": 3, ""total"": 4}, ""subtle_gray_stripes_stripe18_bg13"": {""accuracy"": 75.0, ""f1_score"": 73.33, ""correct"": 3, ""total"": 4}}","{""angle0"": {""accuracy"": 50.0, ""f1_score"": 33.33, ""correct"": 16, ""total"": 32}, ""angle30"": {""accuracy"": 90.62, ""f1_score"": 90.54, ""correct"": 29, ""total"": 32}}",,,
19,12/2/2025 16:39,20251202_163944,_exp_20251202_183458,_exp_20251202_183458_train,_exp_20251202_183458_test,100,1,42,subtle_gray_stripes,left,"0.0,30.0","0.0,14.0",640x480,4,12,0,1,none,1,0,0,0.1,20,20,"28,29,30,31","20,21,22,23",0,FALSE,,,,,FALSE,,,,FALSE,subtle_gray_stripes,left,"0,30.0","0.0,14.0",640x480,4,12,0,1,none,1,0,0,0.1,20,20,"13,14,15,16,17,18,19,20","3,4,5,6,7,8,9,10",0,FALSE,,,,,FALSE,,,,FALSE,Qwen/Qwen2.5-VL-3B-Instruct,qwen2_vl,saves/qwen2vl-treadmill-lora-pipeline,8,16,0.05,8192,10,8,5.00E-05,7,cosine,0.1,FALSE,TRUE,4,10,100,100,128,1024,4,128,0.8,TRUE,FALSE,FALSE,FALSE,skipped,completed,completed,56.25,56.08,0,0,56.35,56.25,80,128,64,128,55.47,55.34,0,0,55.53,55.47,78,128,64,128,"{""subtle_gray_stripes_stripe13_bg10"": {""accuracy"": 50.0, ""f1_score"": 50.0, ""correct"": 2, ""total"": 4}, ""subtle_gray_stripes_stripe13_bg3"": {""accuracy"": 50.0, ""f1_score"": 50.0, ""correct"": 2, ""total"": 4}, ""subtle_gray_stripes_stripe13_bg4"": {""accuracy"": 50.0, ""f1_score"": 50.0, ""correct"": 2, ""total"": 4}, ""subtle_gray_stripes_stripe13_bg5"": {""accuracy"": 50.0, ""f1_score"": 50.0, ""correct"": 2, ""total"": 4}, ""subtle_gray_stripes_stripe13_bg6"": {""accuracy"": 50.0, ""f1_score"": 50.0, ""correct"": 2, ""total"": 4}, ""subtle_gray_stripes_stripe13_bg7"": {""accuracy"": 50.0, ""f1_score"": 50.0, ""correct"": 2, ""total"": 4}, ""subtle_gray_stripes_stripe13_bg8"": {""accuracy"": 75.0, ""f1_score"": 73.33, ""correct"": 3, ""total"": 4}, ""subtle_gray_stripes_stripe13_bg9"": {""accuracy"": 50.0, ""f1_score"": 50.0, ""correct"": 2, ""total"": 4}, ""subtle_gray_stripes_stripe14_bg10"": {""accuracy"": 50.0, ""f1_score"": 50.0, ""correct"": 2, ""total"": 4}, ""subtle_gray_stripes_stripe14_bg3"": {""accuracy"": 75.0, ""f1_score"": 73.33, ""correct"": 3, ""total"": 4}, ""subtle_gray_stripes_stripe14_bg4"": {""accuracy"": 50.0, ""f1_score"": 50.0, ""correct"": 2, ""total"": 4}, ""subtle_gray_stripes_stripe14_bg5"": {""accuracy"": 50.0, ""f1_score"": 50.0, ""correct"": 2, ""total"": 4}, ""subtle_gray_stripes_stripe14_bg6"": {""accuracy"": 50.0, ""f1_score"": 50.0, ""correct"": 2, ""total"": 4}, ""subtle_gray_stripes_stripe14_bg7"": {""accuracy"": 50.0, ""f1_score"": 50.0, ""correct"": 2, ""total"": 4}, ""subtle_gray_stripes_stripe14_bg8"": {""accuracy"": 50.0, ""f1_score"": 50.0, ""correct"": 2, ""total"": 4}, ""subtle_gray_stripes_stripe14_bg9"": {""accuracy"": 50.0, ""f1_score"": 50.0, ""correct"": 2, ""total"": 4}, ""subtle_gray_stripes_stripe15_bg10"": {""accuracy"": 50.0, ""f1_score"": 50.0, ""correct"": 2, ""total"": 4}, ""subtle_gray_stripes_stripe15_bg3"": {""accuracy"": 50.0, ""f1_score"": 50.0, ""correct"": 2, ""total"": 4}, ""subtle_gray_stripes_stripe15_bg4"": {""accuracy"": 50.0, ""f1_score"": 50.0, ""correct"": 2, ""total"": 4}, ""subtle_gray_stripes_stripe15_bg5"": {""accuracy"": 50.0, ""f1_score"": 50.0, ""correct"": 2, ""total"": 4}, ""subtle_gray_stripes_stripe15_bg6"": {""accuracy"": 50.0, ""f1_score"": 50.0, ""correct"": 2, ""total"": 4}, ""subtle_gray_stripes_stripe15_bg7"": {""accuracy"": 50.0, ""f1_score"": 50.0, ""correct"": 2, ""total"": 4}, ""subtle_gray_stripes_stripe15_bg8"": {""accuracy"": 50.0, ""f1_score"": 50.0, ""correct"": 2, ""total"": 4}, ""subtle_gray_stripes_stripe15_bg9"": {""accuracy"": 50.0, ""f1_score"": 50.0, ""correct"": 2, ""total"": 4}, ""subtle_gray_stripes_stripe16_bg10"": {""accuracy"": 50.0, ""f1_score"": 50.0, ""correct"": 2, ""total"": 4}, ""subtle_gray_stripes_stripe16_bg3"": {""accuracy"": 50.0, ""f1_score"": 50.0, ""correct"": 2, ""total"": 4}, ""subtle_gray_stripes_stripe16_bg4"": {""accuracy"": 50.0, ""f1_score"": 50.0, ""correct"": 2, ""total"": 4}, ""subtle_gray_stripes_stripe16_bg5"": {""accuracy"": 50.0, ""f1_score"": 50.0, ""correct"": 2, ""total"": 4}, ""subtle_gray_stripes_stripe16_bg6"": {""accuracy"": 75.0, ""f1_score"": 73.33, ""correct"": 3, ""total"": 4}, ""subtle_gray_stripes_stripe16_bg7"": {""accuracy"": 50.0, ""f1_score"": 50.0, ""correct"": 2, ""total"": 4}, ""subtle_gray_stripes_stripe16_bg8"": {""accuracy"": 50.0, ""f1_score"": 50.0, ""correct"": 2, ""total"": 4}, ""subtle_gray_stripes_stripe16_bg9"": {""accuracy"": 50.0, ""f1_score"": 50.0, ""correct"": 2, ""total"": 4}, ""subtle_gray_stripes_stripe17_bg10"": {""accuracy"": 75.0, ""f1_score"": 73.33, ""correct"": 3, ""total"": 4}, ""subtle_gray_stripes_stripe17_bg3"": {""accuracy"": 50.0, ""f1_score"": 50.0, ""correct"": 2, ""total"": 4}, ""subtle_gray_stripes_stripe17_bg4"": {""accuracy"": 50.0, ""f1_score"": 50.0, ""correct"": 2, ""total"": 4}, ""subtle_gray_stripes_stripe17_bg5"": {""accuracy"": 50.0, ""f1_score"": 50.0, ""correct"": 2, ""total"": 4}, ""subtle_gray_stripes_stripe17_bg6"": {""accuracy"": 50.0, ""f1_score"": 50.0, ""correct"": 2, ""total"": 4}, ""subtle_gray_stripes_stripe17_bg7"": {""accuracy"": 50.0, ""f1_score"": 50.0, ""correct"": 2, ""total"": 4}, ""subtle_gray_stripes_stripe17_bg8"": {""accuracy"": 75.0, ""f1_score"": 73.33, ""correct"": 3, ""total"": 4}, ""subtle_gray_stripes_stripe17_bg9"": {""accuracy"": 50.0, ""f1_score"": 50.0, ""correct"": 2, ""total"": 4}, ""subtle_gray_stripes_stripe18_bg10"": {""accuracy"": 50.0, ""f1_score"": 50.0, ""correct"": 2, ""total"": 4}, ""subtle_gray_stripes_stripe18_bg3"": {""accuracy"": 50.0, ""f1_score"": 50.0, ""correct"": 2, ""total"": 4}, ""subtle_gray_stripes_stripe18_bg4"": {""accuracy"": 75.0, ""f1_score"": 73.33, ""correct"": 3, ""total"": 4}, ""subtle_gray_stripes_stripe18_bg5"": {""accuracy"": 50.0, ""f1_score"": 50.0, ""correct"": 2, ""total"": 4}, ""subtle_gray_stripes_stripe18_bg6"": {""accuracy"": 75.0, ""f1_score"": 73.33, ""correct"": 3, ""total"": 4}, ""subtle_gray_stripes_stripe18_bg7"": {""accuracy"": 50.0, ""f1_score"": 50.0, ""correct"": 2, ""total"": 4}, ""subtle_gray_stripes_stripe18_bg8"": {""accuracy"": 75.0, ""f1_score"": 73.33, ""correct"": 3, ""total"": 4}, ""subtle_gray_stripes_stripe18_bg9"": {""accuracy"": 75.0, ""f1_score"": 73.33, ""correct"": 3, ""total"": 4}, ""subtle_gray_stripes_stripe19_bg10"": {""accuracy"": 75.0, ""f1_score"": 73.33, ""correct"": 3, ""total"": 4}, ""subtle_gray_stripes_stripe19_bg3"": {""accuracy"": 75.0, ""f1_score"": 73.33, ""correct"": 3, ""total"": 4}, ""subtle_gray_stripes_stripe19_bg4"": {""accuracy"": 50.0, ""f1_score"": 50.0, ""correct"": 2, ""total"": 4}, ""subtle_gray_stripes_stripe19_bg5"": {""accuracy"": 75.0, ""f1_score"": 73.33, ""correct"": 3, ""total"": 4}, ""subtle_gray_stripes_stripe19_bg6"": {""accuracy"": 50.0, ""f1_score"": 50.0, ""correct"": 2, ""total"": 4}, ""subtle_gray_stripes_stripe19_bg7"": {""accuracy"": 75.0, ""f1_score"": 73.33, ""correct"": 3, ""total"": 4}, ""subtle_gray_stripes_stripe19_bg8"": {""accuracy"": 75.0, ""f1_score"": 73.33, ""correct"": 3, ""total"": 4}, ""subtle_gray_stripes_stripe19_bg9"": {""accuracy"": 75.0, ""f1_score"": 73.33, ""correct"": 3, ""total"": 4}, ""subtle_gray_stripes_stripe20_bg10"": {""accuracy"": 50.0, ""f1_score"": 50.0, ""correct"": 2, ""total"": 4}, ""subtle_gray_stripes_stripe20_bg3"": {""accuracy"": 50.0, ""f1_score"": 50.0, ""correct"": 2, ""total"": 4}, ""subtle_gray_stripes_stripe20_bg4"": {""accuracy"": 50.0, ""f1_score"": 50.0, ""correct"": 2, ""total"": 4}, ""subtle_gray_stripes_stripe20_bg5"": {""accuracy"": 50.0, ""f1_score"": 50.0, ""correct"": 2, ""total"": 4}, ""subtle_gray_stripes_stripe20_bg6"": {""accuracy"": 50.0, ""f1_score"": 50.0, ""correct"": 2, ""total"": 4}, ""subtle_gray_stripes_stripe20_bg7"": {""accuracy"": 50.0, ""f1_score"": 50.0, ""correct"": 2, ""total"": 4}, ""subtle_gray_stripes_stripe20_bg8"": {""accuracy"": 50.0, ""f1_score"": 50.0, ""correct"": 2, ""total"": 4}, ""subtle_gray_stripes_stripe20_bg9"": {""accuracy"": 75.0, ""f1_score"": 73.33, ""correct"": 3, ""total"": 4}}","{""angle0"": {""accuracy"": 50.0, ""f1_score"": 33.33, ""correct"": 64, ""total"": 128}, ""angle30"": {""accuracy"": 62.5, ""f1_score"": 56.36, ""correct"": 80, ""total"": 128}}","{""subtle_gray_stripes_stripe13_bg10"": {""accuracy"": 50.0, ""f1_score"": 50.0, ""correct"": 2, ""total"": 4}, ""subtle_gray_stripes_stripe13_bg3"": {""accuracy"": 50.0, ""f1_score"": 50.0, ""correct"": 2, ""total"": 4}, ""subtle_gray_stripes_stripe13_bg4"": {""accuracy"": 50.0, ""f1_score"": 50.0, ""correct"": 2, ""total"": 4}, ""subtle_gray_stripes_stripe13_bg5"": {""accuracy"": 50.0, ""f1_score"": 50.0, ""correct"": 2, ""total"": 4}, ""subtle_gray_stripes_stripe13_bg6"": {""accuracy"": 50.0, ""f1_score"": 50.0, ""correct"": 2, ""total"": 4}, ""subtle_gray_stripes_stripe13_bg7"": {""accuracy"": 50.0, ""f1_score"": 50.0, ""correct"": 2, ""total"": 4}, ""subtle_gray_stripes_stripe13_bg8"": {""accuracy"": 75.0, ""f1_score"": 73.33, ""correct"": 3, ""total"": 4}, ""subtle_gray_stripes_stripe13_bg9"": {""accuracy"": 50.0, ""f1_score"": 50.0, ""correct"": 2, ""total"": 4}, ""subtle_gray_stripes_stripe14_bg10"": {""accuracy"": 50.0, ""f1_score"": 50.0, ""correct"": 2, ""total"": 4}, ""subtle_gray_stripes_stripe14_bg3"": {""accuracy"": 50.0, ""f1_score"": 50.0, ""correct"": 2, ""total"": 4}, ""subtle_gray_stripes_stripe14_bg4"": {""accuracy"": 50.0, ""f1_score"": 50.0, ""correct"": 2, ""total"": 4}, ""subtle_gray_stripes_stripe14_bg5"": {""accuracy"": 50.0, ""f1_score"": 50.0, ""correct"": 2, ""total"": 4}, ""subtle_gray_stripes_stripe14_bg6"": {""accuracy"": 50.0, ""f1_score"": 50.0, ""correct"": 2, ""total"": 4}, ""subtle_gray_stripes_stripe14_bg7"": {""accuracy"": 50.0, ""f1_score"": 50.0, ""correct"": 2, ""total"": 4}, ""subtle_gray_stripes_stripe14_bg8"": {""accuracy"": 50.0, ""f1_score"": 50.0, ""correct"": 2, ""total"": 4}, ""subtle_gray_stripes_stripe14_bg9"": {""accuracy"": 50.0, ""f1_score"": 50.0, ""correct"": 2, ""total"": 4}, ""subtle_gray_stripes_stripe15_bg10"": {""accuracy"": 50.0, ""f1_score"": 50.0, ""correct"": 2, ""total"": 4}, ""subtle_gray_stripes_stripe15_bg3"": {""accuracy"": 50.0, ""f1_score"": 50.0, ""correct"": 2, ""total"": 4}, ""subtle_gray_stripes_stripe15_bg4"": {""accuracy"": 50.0, ""f1_score"": 50.0, ""correct"": 2, ""total"": 4}, ""subtle_gray_stripes_stripe15_bg5"": {""accuracy"": 50.0, ""f1_score"": 50.0, ""correct"": 2, ""total"": 4}, ""subtle_gray_stripes_stripe15_bg6"": {""accuracy"": 50.0, ""f1_score"": 50.0, ""correct"": 2, ""total"": 4}, ""subtle_gray_stripes_stripe15_bg7"": {""accuracy"": 50.0, ""f1_score"": 50.0, ""correct"": 2, ""total"": 4}, ""subtle_gray_stripes_stripe15_bg8"": {""accuracy"": 50.0, ""f1_score"": 50.0, ""correct"": 2, ""total"": 4}, ""subtle_gray_stripes_stripe15_bg9"": {""accuracy"": 50.0, ""f1_score"": 50.0, ""correct"": 2, ""total"": 4}, ""subtle_gray_stripes_stripe16_bg10"": {""accuracy"": 50.0, ""f1_score"": 50.0, ""correct"": 2, ""total"": 4}, ""subtle_gray_stripes_stripe16_bg3"": {""accuracy"": 50.0, ""f1_score"": 50.0, ""correct"": 2, ""total"": 4}, ""subtle_gray_stripes_stripe16_bg4"": {""accuracy"": 50.0, ""f1_score"": 50.0, ""correct"": 2, ""total"": 4}, ""subtle_gray_stripes_stripe16_bg5"": {""accuracy"": 50.0, ""f1_score"": 50.0, ""correct"": 2, ""total"": 4}, ""subtle_gray_stripes_stripe16_bg6"": {""accuracy"": 75.0, ""f1_score"": 73.33, ""correct"": 3, ""total"": 4}, ""subtle_gray_stripes_stripe16_bg7"": {""accuracy"": 50.0, ""f1_score"": 50.0, ""correct"": 2, ""total"": 4}, ""subtle_gray_stripes_stripe16_bg8"": {""accuracy"": 50.0, ""f1_score"": 50.0, ""correct"": 2, ""total"": 4}, ""subtle_gray_stripes_stripe16_bg9"": {""accuracy"": 50.0, ""f1_score"": 50.0, ""correct"": 2, ""total"": 4}, ""subtle_gray_stripes_stripe17_bg10"": {""accuracy"": 75.0, ""f1_score"": 73.33, ""correct"": 3, ""total"": 4}, ""subtle_gray_stripes_stripe17_bg3"": {""accuracy"": 50.0, ""f1_score"": 50.0, ""correct"": 2, ""total"": 4}, ""subtle_gray_stripes_stripe17_bg4"": {""accuracy"": 50.0, ""f1_score"": 50.0, ""correct"": 2, ""total"": 4}, ""subtle_gray_stripes_stripe17_bg5"": {""accuracy"": 50.0, ""f1_score"": 50.0, ""correct"": 2, ""total"": 4}, ""subtle_gray_stripes_stripe17_bg6"": {""accuracy"": 50.0, ""f1_score"": 50.0, ""correct"": 2, ""total"": 4}, ""subtle_gray_stripes_stripe17_bg7"": {""accuracy"": 50.0, ""f1_score"": 50.0, ""correct"": 2, ""total"": 4}, ""subtle_gray_stripes_stripe17_bg8"": {""accuracy"": 75.0, ""f1_score"": 73.33, ""correct"": 3, ""total"": 4}, ""subtle_gray_stripes_stripe17_bg9"": {""accuracy"": 50.0, ""f1_score"": 50.0, ""correct"": 2, ""total"": 4}, ""subtle_gray_stripes_stripe18_bg10"": {""accuracy"": 50.0, ""f1_score"": 50.0, ""correct"": 2, ""total"": 4}, ""subtle_gray_stripes_stripe18_bg3"": {""accuracy"": 50.0, ""f1_score"": 50.0, ""correct"": 2, ""total"": 4}, ""subtle_gray_stripes_stripe18_bg4"": {""accuracy"": 50.0, ""f1_score"": 50.0, ""correct"": 2, ""total"": 4}, ""subtle_gray_stripes_stripe18_bg5"": {""accuracy"": 50.0, ""f1_score"": 50.0, ""correct"": 2, ""total"": 4}, ""subtle_gray_stripes_stripe18_bg6"": {""accuracy"": 75.0, ""f1_score"": 73.33, ""correct"": 3, ""total"": 4}, ""subtle_gray_stripes_stripe18_bg7"": {""accuracy"": 50.0, ""f1_score"": 50.0, ""correct"": 2, ""total"": 4}, ""subtle_gray_stripes_stripe18_bg8"": {""accuracy"": 75.0, ""f1_score"": 73.33, ""correct"": 3, ""total"": 4}, ""subtle_gray_stripes_stripe18_bg9"": {""accuracy"": 75.0, ""f1_score"": 73.33, ""correct"": 3, ""total"": 4}, ""subtle_gray_stripes_stripe19_bg10"": {""accuracy"": 75.0, ""f1_score"": 73.33, ""correct"": 3, ""total"": 4}, ""subtle_gray_stripes_stripe19_bg3"": {""accuracy"": 75.0, ""f1_score"": 73.33, ""correct"": 3, ""total"": 4}, ""subtle_gray_stripes_stripe19_bg4"": {""accuracy"": 50.0, ""f1_score"": 50.0, ""correct"": 2, ""total"": 4}, ""subtle_gray_stripes_stripe19_bg5"": {""accuracy"": 75.0, ""f1_score"": 73.33, ""correct"": 3, ""total"": 4}, ""subtle_gray_stripes_stripe19_bg6"": {""accuracy"": 50.0, ""f1_score"": 50.0, ""correct"": 2, ""total"": 4}, ""subtle_gray_stripes_stripe19_bg7"": {""accuracy"": 75.0, ""f1_score"": 73.33, ""correct"": 3, ""total"": 4}, ""subtle_gray_stripes_stripe19_bg8"": {""accuracy"": 75.0, ""f1_score"": 73.33, ""correct"": 3, ""total"": 4}, ""subtle_gray_stripes_stripe19_bg9"": {""accuracy"": 75.0, ""f1_score"": 73.33, ""correct"": 3, ""total"": 4}, ""subtle_gray_stripes_stripe20_bg10"": {""accuracy"": 50.0, ""f1_score"": 50.0, ""correct"": 2, ""total"": 4}, ""subtle_gray_stripes_stripe20_bg3"": {""accuracy"": 50.0, ""f1_score"": 50.0, ""correct"": 2, ""total"": 4}, ""subtle_gray_stripes_stripe20_bg4"": {""accuracy"": 50.0, ""f1_score"": 50.0, ""correct"": 2, ""total"": 4}, ""subtle_gray_stripes_stripe20_bg5"": {""accuracy"": 50.0, ""f1_score"": 50.0, ""correct"": 2, ""total"": 4}, ""subtle_gray_stripes_stripe20_bg6"": {""accuracy"": 50.0, ""f1_score"": 50.0, ""correct"": 2, ""total"": 4}, ""subtle_gray_stripes_stripe20_bg7"": {""accuracy"": 50.0, ""f1_score"": 50.0, ""correct"": 2, ""total"": 4}, ""subtle_gray_stripes_stripe20_bg8"": {""accuracy"": 50.0, ""f1_score"": 50.0, ""correct"": 2, ""total"": 4}, ""subtle_gray_stripes_stripe20_bg9"": {""accuracy"": 75.0, ""f1_score"": 73.33, ""correct"": 3, ""total"": 4}}","{""angle0"": {""accuracy"": 50.0, ""f1_score"": 33.33, ""correct"": 64, ""total"": 128}, ""angle30"": {""accuracy"": 60.94, ""f1_score"": 53.9, ""correct"": 78, ""total"": 128}}",,,
22,12/2/2025 17:40,20251202_174054,_exp_20251202_194040,_exp_20251202_194040_train,_exp_20251202_194040_test,100,1,42,subtle_gray_stripes,left,0,"0.0,10.0",640x480,4,12,0,1,none,1,0,0,0.1,10,60,228,120,0,FALSE,,,,,FALSE,,,,FALSE,subtle_gray_stripes,left,0,"0.0,10.0",640x480,4,12,0,1,none,1,0,0,0.1,10,60,85,10,0,FALSE,,,,,FALSE,,,,FALSE,Qwen/Qwen2.5-VL-3B-Instruct,qwen2_vl,saves/qwen2vl-treadmill-lora-pipeline,8,16,0.05,8192,1,8,5.00E-05,1,cosine,0.1,FALSE,TRUE,4,10,100,100,128,1024,4,128,0.8,TRUE,FALSE,FALSE,FALSE,skipped,completed,completed,100,100,0,0,100,100,4,4,6,6,100,100,0,0,100,100,4,4,6,6,"{""subtle_gray_stripes_stripe85_bg10"": {""accuracy"": 100.0, ""f1_score"": 100.0, ""correct"": 10, ""total"": 10}}","{""angle0"": {""accuracy"": 100.0, ""f1_score"": 100.0, ""correct"": 10, ""total"": 10}}","{""subtle_gray_stripes_stripe85_bg10"": {""accuracy"": 100.0, ""f1_score"": 100.0, ""correct"": 10, ""total"": 10}}","{""angle0"": {""accuracy"": 100.0, ""f1_score"": 100.0, ""correct"": 10, ""total"": 10}}","wrong eval method, trained on yes/no. eval with moving/stopped",,
23,12/2/2025 17:49,20251202_174915,_exp_20251202_194605,_exp_20251202_194605_train,_exp_20251202_194605_test,100,1,42,subtle_gray_stripes,left,"0.0,30.0","0.0,14.0",640x480,4,12,0,1,none,1,0,0,0.1,10,60,"228,229,230,231","120,121,122,123",0,FALSE,,,,,FALSE,,,,FALSE,subtle_gray_stripes,left,"0,30.0","0.0,14.0",640x480,4,12,0,1,none,1,0,0,0.1,10,60,"83,84,85,86,87,88,89,90","3,4,5,6,7,8,9,10",0,FALSE,,,,,FALSE,,,,FALSE,Qwen/Qwen2.5-VL-3B-Instruct,qwen2_vl,saves/qwen2vl-treadmill-lora-pipeline,8,16,0.05,8192,5,8,5.00E-05,7,cosine,0.1,FALSE,TRUE,4,10,100,100,128,1024,4,128,0.8,TRUE,FALSE,FALSE,FALSE,skipped,completed,completed,89.84,89.74,0,0,91.56,89.84,128,128,102,128,78.12,77.03,0,0,84.78,78.12,128,128,72,128,"{""subtle_gray_stripes_stripe83_bg10"": {""accuracy"": 100.0, ""f1_score"": 100.0, ""correct"": 4, ""total"": 4}, ""subtle_gray_stripes_stripe83_bg3"": {""accuracy"": 75.0, ""f1_score"": 73.33, ""correct"": 3, ""total"": 4}, ""subtle_gray_stripes_stripe83_bg4"": {""accuracy"": 100.0, ""f1_score"": 100.0, ""correct"": 4, ""total"": 4}, ""subtle_gray_stripes_stripe83_bg5"": {""accuracy"": 75.0, ""f1_score"": 73.33, ""correct"": 3, ""total"": 4}, ""subtle_gray_stripes_stripe83_bg6"": {""accuracy"": 100.0, ""f1_score"": 100.0, ""correct"": 4, ""total"": 4}, ""subtle_gray_stripes_stripe83_bg7"": {""accuracy"": 100.0, ""f1_score"": 100.0, ""correct"": 4, ""total"": 4}, ""subtle_gray_stripes_stripe83_bg8"": {""accuracy"": 100.0, ""f1_score"": 100.0, ""correct"": 4, ""total"": 4}, ""subtle_gray_stripes_stripe83_bg9"": {""accuracy"": 100.0, ""f1_score"": 100.0, ""correct"": 4, ""total"": 4}, ""subtle_gray_stripes_stripe84_bg10"": {""accuracy"": 100.0, ""f1_score"": 100.0, ""correct"": 4, ""total"": 4}, ""subtle_gray_stripes_stripe84_bg3"": {""accuracy"": 75.0, ""f1_score"": 73.33, ""correct"": 3, ""total"": 4}, ""subtle_gray_stripes_stripe84_bg4"": {""accuracy"": 100.0, ""f1_score"": 100.0, ""correct"": 4, ""total"": 4}, ""subtle_gray_stripes_stripe84_bg5"": {""accuracy"": 75.0, ""f1_score"": 73.33, ""correct"": 3, ""total"": 4}, ""subtle_gray_stripes_stripe84_bg6"": {""accuracy"": 75.0, ""f1_score"": 73.33, ""correct"": 3, ""total"": 4}, ""subtle_gray_stripes_stripe84_bg7"": {""accuracy"": 100.0, ""f1_score"": 100.0, ""correct"": 4, ""total"": 4}, ""subtle_gray_stripes_stripe84_bg8"": {""accuracy"": 100.0, ""f1_score"": 100.0, ""correct"": 4, ""total"": 4}, ""subtle_gray_stripes_stripe84_bg9"": {""accuracy"": 100.0, ""f1_score"": 100.0, ""correct"": 4, ""total"": 4}, ""subtle_gray_stripes_stripe85_bg10"": {""accuracy"": 100.0, ""f1_score"": 100.0, ""correct"": 4, ""total"": 4}, ""subtle_gray_stripes_stripe85_bg3"": {""accuracy"": 100.0, ""f1_score"": 100.0, ""correct"": 4, ""total"": 4}, ""subtle_gray_stripes_stripe85_bg4"": {""accuracy"": 75.0, ""f1_score"": 73.33, ""correct"": 3, ""total"": 4}, ""subtle_gray_stripes_stripe85_bg5"": {""accuracy"": 75.0, ""f1_score"": 73.33, ""correct"": 3, ""total"": 4}, ""subtle_gray_stripes_stripe85_bg6"": {""accuracy"": 100.0, ""f1_score"": 100.0, ""correct"": 4, ""total"": 4}, ""subtle_gray_stripes_stripe85_bg7"": {""accuracy"": 100.0, ""f1_score"": 100.0, ""correct"": 4, ""total"": 4}, ""subtle_gray_stripes_stripe85_bg8"": {""accuracy"": 100.0, ""f1_score"": 100.0, ""correct"": 4, ""total"": 4}, ""subtle_gray_stripes_stripe85_bg9"": {""accuracy"": 100.0, ""f1_score"": 100.0, ""correct"": 4, ""total"": 4}, ""subtle_gray_stripes_stripe86_bg10"": {""accuracy"": 100.0, ""f1_score"": 100.0, ""correct"": 4, ""total"": 4}, ""subtle_gray_stripes_stripe86_bg3"": {""accuracy"": 100.0, ""f1_score"": 100.0, ""correct"": 4, ""total"": 4}, ""subtle_gray_stripes_stripe86_bg4"": {""accuracy"": 75.0, ""f1_score"": 73.33, ""correct"": 3, ""total"": 4}, ""subtle_gray_stripes_stripe86_bg5"": {""accuracy"": 75.0, ""f1_score"": 73.33, ""correct"": 3, ""total"": 4}, ""subtle_gray_stripes_stripe86_bg6"": {""accuracy"": 100.0, ""f1_score"": 100.0, ""correct"": 4, ""total"": 4}, ""subtle_gray_stripes_stripe86_bg7"": {""accuracy"": 75.0, ""f1_score"": 73.33, ""correct"": 3, ""total"": 4}, ""subtle_gray_stripes_stripe86_bg8"": {""accuracy"": 100.0, ""f1_score"": 100.0, ""correct"": 4, ""total"": 4}, ""subtle_gray_stripes_stripe86_bg9"": {""accuracy"": 100.0, ""f1_score"": 100.0, ""correct"": 4, ""total"": 4}, ""subtle_gray_stripes_stripe87_bg10"": {""accuracy"": 75.0, ""f1_score"": 73.33, ""correct"": 3, ""total"": 4}, ""subtle_gray_stripes_stripe87_bg3"": {""accuracy"": 100.0, ""f1_score"": 100.0, ""correct"": 4, ""total"": 4}, ""subtle_gray_stripes_stripe87_bg4"": {""accuracy"": 100.0, ""f1_score"": 100.0, ""correct"": 4, ""total"": 4}, ""subtle_gray_stripes_stripe87_bg5"": {""accuracy"": 75.0, ""f1_score"": 73.33, ""correct"": 3, ""total"": 4}, ""subtle_gray_stripes_stripe87_bg6"": {""accuracy"": 75.0, ""f1_score"": 73.33, ""correct"": 3, ""total"": 4}, ""subtle_gray_stripes_stripe87_bg7"": {""accuracy"": 75.0, ""f1_score"": 73.33, ""correct"": 3, ""total"": 4}, ""subtle_gray_stripes_stripe87_bg8"": {""accuracy"": 75.0, ""f1_score"": 73.33, ""correct"": 3, ""total"": 4}, ""subtle_gray_stripes_stripe87_bg9"": {""accuracy"": 100.0, ""f1_score"": 100.0, ""correct"": 4, ""total"": 4}, ""subtle_gray_stripes_stripe88_bg10"": {""accuracy"": 100.0, ""f1_score"": 100.0, ""correct"": 4, ""total"": 4}, ""subtle_gray_stripes_stripe88_bg3"": {""accuracy"": 75.0, ""f1_score"": 73.33, ""correct"": 3, ""total"": 4}, ""subtle_gray_stripes_stripe88_bg4"": {""accuracy"": 75.0, ""f1_score"": 73.33, ""correct"": 3, ""total"": 4}, ""subtle_gray_stripes_stripe88_bg5"": {""accuracy"": 100.0, ""f1_score"": 100.0, ""correct"": 4, ""total"": 4}, ""subtle_gray_stripes_stripe88_bg6"": {""accuracy"": 100.0, ""f1_score"": 100.0, ""correct"": 4, ""total"": 4}, ""subtle_gray_stripes_stripe88_bg7"": {""accuracy"": 100.0, ""f1_score"": 100.0, ""correct"": 4, ""total"": 4}, ""subtle_gray_stripes_stripe88_bg8"": {""accuracy"": 75.0, ""f1_score"": 73.33, ""correct"": 3, ""total"": 4}, ""subtle_gray_stripes_stripe88_bg9"": {""accuracy"": 100.0, ""f1_score"": 100.0, ""correct"": 4, ""total"": 4}, ""subtle_gray_stripes_stripe89_bg10"": {""accuracy"": 100.0, ""f1_score"": 100.0, ""correct"": 4, ""total"": 4}, ""subtle_gray_stripes_stripe89_bg3"": {""accuracy"": 100.0, ""f1_score"": 100.0, ""correct"": 4, ""total"": 4}, ""subtle_gray_stripes_stripe89_bg4"": {""accuracy"": 100.0, ""f1_score"": 100.0, ""correct"": 4, ""total"": 4}, ""subtle_gray_stripes_stripe89_bg5"": {""accuracy"": 100.0, ""f1_score"": 100.0, ""correct"": 4, ""total"": 4}, ""subtle_gray_stripes_stripe89_bg6"": {""accuracy"": 75.0, ""f1_score"": 73.33, ""correct"": 3, ""total"": 4}, ""subtle_gray_stripes_stripe89_bg7"": {""accuracy"": 100.0, ""f1_score"": 100.0, ""correct"": 4, ""total"": 4}, ""subtle_gray_stripes_stripe89_bg8"": {""accuracy"": 75.0, ""f1_score"": 73.33, ""correct"": 3, ""total"": 4}, ""subtle_gray_stripes_stripe89_bg9"": {""accuracy"": 75.0, ""f1_score"": 73.33, ""correct"": 3, ""total"": 4}, ""subtle_gray_stripes_stripe90_bg10"": {""accuracy"": 75.0, ""f1_score"": 73.33, ""correct"": 3, ""total"": 4}, ""subtle_gray_stripes_stripe90_bg3"": {""accuracy"": 100.0, ""f1_score"": 100.0, ""correct"": 4, ""total"": 4}, ""subtle_gray_stripes_stripe90_bg4"": {""accuracy"": 75.0, ""f1_score"": 73.33, ""correct"": 3, ""total"": 4}, ""subtle_gray_stripes_stripe90_bg5"": {""accuracy"": 100.0, ""f1_score"": 100.0, ""correct"": 4, ""total"": 4}, ""subtle_gray_stripes_stripe90_bg6"": {""accuracy"": 75.0, ""f1_score"": 73.33, ""correct"": 3, ""total"": 4}, ""subtle_gray_stripes_stripe90_bg7"": {""accuracy"": 75.0, ""f1_score"": 73.33, ""correct"": 3, ""total"": 4}, ""subtle_gray_stripes_stripe90_bg8"": {""accuracy"": 75.0, ""f1_score"": 73.33, ""correct"": 3, ""total"": 4}, ""subtle_gray_stripes_stripe90_bg9"": {""accuracy"": 100.0, ""f1_score"": 100.0, ""correct"": 4, ""total"": 4}}","{""angle0"": {""accuracy"": 98.44, ""f1_score"": 98.44, ""correct"": 126, ""total"": 128}, ""angle30"": {""accuracy"": 81.25, ""f1_score"": 80.57, ""correct"": 104, ""total"": 128}}","{""subtle_gray_stripes_stripe83_bg10"": {""accuracy"": 100.0, ""f1_score"": 100.0, ""correct"": 4, ""total"": 4}, ""subtle_gray_stripes_stripe83_bg3"": {""accuracy"": 75.0, ""f1_score"": 73.33, ""correct"": 3, ""total"": 4}, ""subtle_gray_stripes_stripe83_bg4"": {""accuracy"": 75.0, ""f1_score"": 73.33, ""correct"": 3, ""total"": 4}, ""subtle_gray_stripes_stripe83_bg5"": {""accuracy"": 75.0, ""f1_score"": 73.33, ""correct"": 3, ""total"": 4}, ""subtle_gray_stripes_stripe83_bg6"": {""accuracy"": 100.0, ""f1_score"": 100.0, ""correct"": 4, ""total"": 4}, ""subtle_gray_stripes_stripe83_bg7"": {""accuracy"": 75.0, ""f1_score"": 73.33, ""correct"": 3, ""total"": 4}, ""subtle_gray_stripes_stripe83_bg8"": {""accuracy"": 100.0, ""f1_score"": 100.0, ""correct"": 4, ""total"": 4}, ""subtle_gray_stripes_stripe83_bg9"": {""accuracy"": 75.0, ""f1_score"": 73.33, ""correct"": 3, ""total"": 4}, ""subtle_gray_stripes_stripe84_bg10"": {""accuracy"": 100.0, ""f1_score"": 100.0, ""correct"": 4, ""total"": 4}, ""subtle_gray_stripes_stripe84_bg3"": {""accuracy"": 75.0, ""f1_score"": 73.33, ""correct"": 3, ""total"": 4}, ""subtle_gray_stripes_stripe84_bg4"": {""accuracy"": 75.0, ""f1_score"": 73.33, ""correct"": 3, ""total"": 4}, ""subtle_gray_stripes_stripe84_bg5"": {""accuracy"": 75.0, ""f1_score"": 73.33, ""correct"": 3, ""total"": 4}, ""subtle_gray_stripes_stripe84_bg6"": {""accuracy"": 75.0, ""f1_score"": 73.33, ""correct"": 3, ""total"": 4}, ""subtle_gray_stripes_stripe84_bg7"": {""accuracy"": 75.0, ""f1_score"": 73.33, ""correct"": 3, ""total"": 4}, ""subtle_gray_stripes_stripe84_bg8"": {""accuracy"": 75.0, ""f1_score"": 73.33, ""correct"": 3, ""total"": 4}, ""subtle_gray_stripes_stripe84_bg9"": {""accuracy"": 100.0, ""f1_score"": 100.0, ""correct"": 4, ""total"": 4}, ""subtle_gray_stripes_stripe85_bg10"": {""accuracy"": 75.0, ""f1_score"": 73.33, ""correct"": 3, ""total"": 4}, ""subtle_gray_stripes_stripe85_bg3"": {""accuracy"": 100.0, ""f1_score"": 100.0, ""correct"": 4, ""total"": 4}, ""subtle_gray_stripes_stripe85_bg4"": {""accuracy"": 75.0, ""f1_score"": 73.33, ""correct"": 3, ""total"": 4}, ""subtle_gray_stripes_stripe85_bg5"": {""accuracy"": 75.0, ""f1_score"": 73.33, ""correct"": 3, ""total"": 4}, ""subtle_gray_stripes_stripe85_bg6"": {""accuracy"": 75.0, ""f1_score"": 73.33, ""correct"": 3, ""total"": 4}, ""subtle_gray_stripes_stripe85_bg7"": {""accuracy"": 75.0, ""f1_score"": 73.33, ""correct"": 3, ""total"": 4}, ""subtle_gray_stripes_stripe85_bg8"": {""accuracy"": 100.0, ""f1_score"": 100.0, ""correct"": 4, ""total"": 4}, ""subtle_gray_stripes_stripe85_bg9"": {""accuracy"": 75.0, ""f1_score"": 73.33, ""correct"": 3, ""total"": 4}, ""subtle_gray_stripes_stripe86_bg10"": {""accuracy"": 100.0, ""f1_score"": 100.0, ""correct"": 4, ""total"": 4}, ""subtle_gray_stripes_stripe86_bg3"": {""accuracy"": 100.0, ""f1_score"": 100.0, ""correct"": 4, ""total"": 4}, ""subtle_gray_stripes_stripe86_bg4"": {""accuracy"": 75.0, ""f1_score"": 73.33, ""correct"": 3, ""total"": 4}, ""subtle_gray_stripes_stripe86_bg5"": {""accuracy"": 75.0, ""f1_score"": 73.33, ""correct"": 3, ""total"": 4}, ""subtle_gray_stripes_stripe86_bg6"": {""accuracy"": 50.0, ""f1_score"": 33.33, ""correct"": 2, ""total"": 4}, ""subtle_gray_stripes_stripe86_bg7"": {""accuracy"": 75.0, ""f1_score"": 73.33, ""correct"": 3, ""total"": 4}, ""subtle_gray_stripes_stripe86_bg8"": {""accuracy"": 75.0, ""f1_score"": 73.33, ""correct"": 3, ""total"": 4}, ""subtle_gray_stripes_stripe86_bg9"": {""accuracy"": 100.0, ""f1_score"": 100.0, ""correct"": 4, ""total"": 4}, ""subtle_gray_stripes_stripe87_bg10"": {""accuracy"": 75.0, ""f1_score"": 73.33, ""correct"": 3, ""total"": 4}, ""subtle_gray_stripes_stripe87_bg3"": {""accuracy"": 75.0, ""f1_score"": 73.33, ""correct"": 3, ""total"": 4}, ""subtle_gray_stripes_stripe87_bg4"": {""accuracy"": 75.0, ""f1_score"": 73.33, ""correct"": 3, ""total"": 4}, ""subtle_gray_stripes_stripe87_bg5"": {""accuracy"": 50.0, ""f1_score"": 33.33, ""correct"": 2, ""total"": 4}, ""subtle_gray_stripes_stripe87_bg6"": {""accuracy"": 75.0, ""f1_score"": 73.33, ""correct"": 3, ""total"": 4}, ""subtle_gray_stripes_stripe87_bg7"": {""accuracy"": 75.0, ""f1_score"": 73.33, ""correct"": 3, ""total"": 4}, ""subtle_gray_stripes_stripe87_bg8"": {""accuracy"": 75.0, ""f1_score"": 73.33, ""correct"": 3, ""total"": 4}, ""subtle_gray_stripes_stripe87_bg9"": {""accuracy"": 75.0, ""f1_score"": 73.33, ""correct"": 3, ""total"": 4}, ""subtle_gray_stripes_stripe88_bg10"": {""accuracy"": 75.0, ""f1_score"": 73.33, ""correct"": 3, ""total"": 4}, ""subtle_gray_stripes_stripe88_bg3"": {""accuracy"": 75.0, ""f1_score"": 73.33, ""correct"": 3, ""total"": 4}, ""subtle_gray_stripes_stripe88_bg4"": {""accuracy"": 75.0, ""f1_score"": 73.33, ""correct"": 3, ""total"": 4}, ""subtle_gray_stripes_stripe88_bg5"": {""accuracy"": 75.0, ""f1_score"": 73.33, ""correct"": 3, ""total"": 4}, ""subtle_gray_stripes_stripe88_bg6"": {""accuracy"": 75.0, ""f1_score"": 73.33, ""correct"": 3, ""total"": 4}, ""subtle_gray_stripes_stripe88_bg7"": {""accuracy"": 75.0, ""f1_score"": 73.33, ""correct"": 3, ""total"": 4}, ""subtle_gray_stripes_stripe88_bg8"": {""accuracy"": 75.0, ""f1_score"": 73.33, ""correct"": 3, ""total"": 4}, ""subtle_gray_stripes_stripe88_bg9"": {""accuracy"": 75.0, ""f1_score"": 73.33, ""correct"": 3, ""total"": 4}, ""subtle_gray_stripes_stripe89_bg10"": {""accuracy"": 75.0, ""f1_score"": 73.33, ""correct"": 3, ""total"": 4}, ""subtle_gray_stripes_stripe89_bg3"": {""accuracy"": 75.0, ""f1_score"": 73.33, ""correct"": 3, ""total"": 4}, ""subtle_gray_stripes_stripe89_bg4"": {""accuracy"": 100.0, ""f1_score"": 100.0, ""correct"": 4, ""total"": 4}, ""subtle_gray_stripes_stripe89_bg5"": {""accuracy"": 100.0, ""f1_score"": 100.0, ""correct"": 4, ""total"": 4}, ""subtle_gray_stripes_stripe89_bg6"": {""accuracy"": 75.0, ""f1_score"": 73.33, ""correct"": 3, ""total"": 4}, ""subtle_gray_stripes_stripe89_bg7"": {""accuracy"": 50.0, ""f1_score"": 33.33, ""correct"": 2, ""total"": 4}, ""subtle_gray_stripes_stripe89_bg8"": {""accuracy"": 75.0, ""f1_score"": 73.33, ""correct"": 3, ""total"": 4}, ""subtle_gray_stripes_stripe89_bg9"": {""accuracy"": 75.0, ""f1_score"": 73.33, ""correct"": 3, ""total"": 4}, ""subtle_gray_stripes_stripe90_bg10"": {""accuracy"": 50.0, ""f1_score"": 33.33, ""correct"": 2, ""total"": 4}, ""subtle_gray_stripes_stripe90_bg3"": {""accuracy"": 100.0, ""f1_score"": 100.0, ""correct"": 4, ""total"": 4}, ""subtle_gray_stripes_stripe90_bg4"": {""accuracy"": 75.0, ""f1_score"": 73.33, ""correct"": 3, ""total"": 4}, ""subtle_gray_stripes_stripe90_bg5"": {""accuracy"": 75.0, ""f1_score"": 73.33, ""correct"": 3, ""total"": 4}, ""subtle_gray_stripes_stripe90_bg6"": {""accuracy"": 50.0, ""f1_score"": 33.33, ""correct"": 2, ""total"": 4}, ""subtle_gray_stripes_stripe90_bg7"": {""accuracy"": 75.0, ""f1_score"": 73.33, ""correct"": 3, ""total"": 4}, ""subtle_gray_stripes_stripe90_bg8"": {""accuracy"": 75.0, ""f1_score"": 73.33, ""correct"": 3, ""total"": 4}, ""subtle_gray_stripes_stripe90_bg9"": {""accuracy"": 75.0, ""f1_score"": 73.33, ""correct"": 3, ""total"": 4}}","{""angle0"": {""accuracy"": 94.53, ""f1_score"": 94.51, ""correct"": 121, ""total"": 128}, ""angle30"": {""accuracy"": 61.72, ""f1_score"": 55.15, ""correct"": 79, ""total"": 128}}","wrong eval method, trained on yes/no. eval with moving/stopped",,
24,12/3/2025 9:14,20251203_091411,_exp_20251202_194605,_exp_20251202_194605_train,_exp_20251202_194605_test,100,1,42,subtle_gray_stripes,"left,right,up,down","0.0,15.0,30.0,45.0","0.0,14.0",640x480,4,12,0,1,none,1,0,0,0.1,10,60,20,15,0,FALSE,,,,,FALSE,,,,FALSE,subtle_gray_stripes,"left,right,up,down","0.0,15.0,30.0,45.0","0.0,14.0",640x480,4,12,0,1,none,1,0,0,0.1,10,60,15,10,0,FALSE,,,,,FALSE,,,,FALSE,Qwen/Qwen2.5-VL-3B-Instruct,qwen2_vl,saves/qwen2vl-treadmill-lora-pipeline,8,16,0.05,8192,14,1,5.00E-05,10,cosine,0.1,FALSE,TRUE,4,10,100,100,128,1024,4,128,0.8,TRUE,FALSE,FALSE,FALSE,skipped,completed,completed,89.84,89.74,0,0,91.56,89.84,128,128,102,128,75.39,73.8,0,0,83.51,75.39,128,128,65,128,"{""subtle_gray_stripes_stripe83_bg10"": {""accuracy"": 100.0, ""f1_score"": 100.0, ""correct"": 4, ""total"": 4}, ""subtle_gray_stripes_stripe83_bg3"": {""accuracy"": 75.0, ""f1_score"": 73.33, ""correct"": 3, ""total"": 4}, ""subtle_gray_stripes_stripe83_bg4"": {""accuracy"": 100.0, ""f1_score"": 100.0, ""correct"": 4, ""total"": 4}, ""subtle_gray_stripes_stripe83_bg5"": {""accuracy"": 75.0, ""f1_score"": 73.33, ""correct"": 3, ""total"": 4}, ""subtle_gray_stripes_stripe83_bg6"": {""accuracy"": 100.0, ""f1_score"": 100.0, ""correct"": 4, ""total"": 4}, ""subtle_gray_stripes_stripe83_bg7"": {""accuracy"": 100.0, ""f1_score"": 100.0, ""correct"": 4, ""total"": 4}, ""subtle_gray_stripes_stripe83_bg8"": {""accuracy"": 100.0, ""f1_score"": 100.0, ""correct"": 4, ""total"": 4}, ""subtle_gray_stripes_stripe83_bg9"": {""accuracy"": 100.0, ""f1_score"": 100.0, ""correct"": 4, ""total"": 4}, ""subtle_gray_stripes_stripe84_bg10"": {""accuracy"": 100.0, ""f1_score"": 100.0, ""correct"": 4, ""total"": 4}, ""subtle_gray_stripes_stripe84_bg3"": {""accuracy"": 75.0, ""f1_score"": 73.33, ""correct"": 3, ""total"": 4}, ""subtle_gray_stripes_stripe84_bg4"": {""accuracy"": 100.0, ""f1_score"": 100.0, ""correct"": 4, ""total"": 4}, ""subtle_gray_stripes_stripe84_bg5"": {""accuracy"": 75.0, ""f1_score"": 73.33, ""correct"": 3, ""total"": 4}, ""subtle_gray_stripes_stripe84_bg6"": {""accuracy"": 75.0, ""f1_score"": 73.33, ""correct"": 3, ""total"": 4}, ""subtle_gray_stripes_stripe84_bg7"": {""accuracy"": 100.0, ""f1_score"": 100.0, ""correct"": 4, ""total"": 4}, ""subtle_gray_stripes_stripe84_bg8"": {""accuracy"": 100.0, ""f1_score"": 100.0, ""correct"": 4, ""total"": 4}, ""subtle_gray_stripes_stripe84_bg9"": {""accuracy"": 100.0, ""f1_score"": 100.0, ""correct"": 4, ""total"": 4}, ""subtle_gray_stripes_stripe85_bg10"": {""accuracy"": 100.0, ""f1_score"": 100.0, ""correct"": 4, ""total"": 4}, ""subtle_gray_stripes_stripe85_bg3"": {""accuracy"": 100.0, ""f1_score"": 100.0, ""correct"": 4, ""total"": 4}, ""subtle_gray_stripes_stripe85_bg4"": {""accuracy"": 75.0, ""f1_score"": 73.33, ""correct"": 3, ""total"": 4}, ""subtle_gray_stripes_stripe85_bg5"": {""accuracy"": 75.0, ""f1_score"": 73.33, ""correct"": 3, ""total"": 4}, ""subtle_gray_stripes_stripe85_bg6"": {""accuracy"": 100.0, ""f1_score"": 100.0, ""correct"": 4, ""total"": 4}, ""subtle_gray_stripes_stripe85_bg7"": {""accuracy"": 100.0, ""f1_score"": 100.0, ""correct"": 4, ""total"": 4}, ""subtle_gray_stripes_stripe85_bg8"": {""accuracy"": 100.0, ""f1_score"": 100.0, ""correct"": 4, ""total"": 4}, ""subtle_gray_stripes_stripe85_bg9"": {""accuracy"": 100.0, ""f1_score"": 100.0, ""correct"": 4, ""total"": 4}, ""subtle_gray_stripes_stripe86_bg10"": {""accuracy"": 100.0, ""f1_score"": 100.0, ""correct"": 4, ""total"": 4}, ""subtle_gray_stripes_stripe86_bg3"": {""accuracy"": 100.0, ""f1_score"": 100.0, ""correct"": 4, ""total"": 4}, ""subtle_gray_stripes_stripe86_bg4"": {""accuracy"": 75.0, ""f1_score"": 73.33, ""correct"": 3, ""total"": 4}, ""subtle_gray_stripes_stripe86_bg5"": {""accuracy"": 75.0, ""f1_score"": 73.33, ""correct"": 3, ""total"": 4}, ""subtle_gray_stripes_stripe86_bg6"": {""accuracy"": 100.0, ""f1_score"": 100.0, ""correct"": 4, ""total"": 4}, ""subtle_gray_stripes_stripe86_bg7"": {""accuracy"": 75.0, ""f1_score"": 73.33, ""correct"": 3, ""total"": 4}, ""subtle_gray_stripes_stripe86_bg8"": {""accuracy"": 100.0, ""f1_score"": 100.0, ""correct"": 4, ""total"": 4}, ""subtle_gray_stripes_stripe86_bg9"": {""accuracy"": 100.0, ""f1_score"": 100.0, ""correct"": 4, ""total"": 4}, ""subtle_gray_stripes_stripe87_bg10"": {""accuracy"": 75.0, ""f1_score"": 73.33, ""correct"": 3, ""total"": 4}, ""subtle_gray_stripes_stripe87_bg3"": {""accuracy"": 100.0, ""f1_score"": 100.0, ""correct"": 4, ""total"": 4}, ""subtle_gray_stripes_stripe87_bg4"": {""accuracy"": 100.0, ""f1_score"": 100.0, ""correct"": 4, ""total"": 4}, ""subtle_gray_stripes_stripe87_bg5"": {""accuracy"": 75.0, ""f1_score"": 73.33, ""correct"": 3, ""total"": 4}, ""subtle_gray_stripes_stripe87_bg6"": {""accuracy"": 75.0, ""f1_score"": 73.33, ""correct"": 3, ""total"": 4}, ""subtle_gray_stripes_stripe87_bg7"": {""accuracy"": 75.0, ""f1_score"": 73.33, ""correct"": 3, ""total"": 4}, ""subtle_gray_stripes_stripe87_bg8"": {""accuracy"": 75.0, ""f1_score"": 73.33, ""correct"": 3, ""total"": 4}, ""subtle_gray_stripes_stripe87_bg9"": {""accuracy"": 100.0, ""f1_score"": 100.0, ""correct"": 4, ""total"": 4}, ""subtle_gray_stripes_stripe88_bg10"": {""accuracy"": 100.0, ""f1_score"": 100.0, ""correct"": 4, ""total"": 4}, ""subtle_gray_stripes_stripe88_bg3"": {""accuracy"": 75.0, ""f1_score"": 73.33, ""correct"": 3, ""total"": 4}, ""subtle_gray_stripes_stripe88_bg4"": {""accuracy"": 75.0, ""f1_score"": 73.33, ""correct"": 3, ""total"": 4}, ""subtle_gray_stripes_stripe88_bg5"": {""accuracy"": 100.0, ""f1_score"": 100.0, ""correct"": 4, ""total"": 4}, ""subtle_gray_stripes_stripe88_bg6"": {""accuracy"": 100.0, ""f1_score"": 100.0, ""correct"": 4, ""total"": 4}, ""subtle_gray_stripes_stripe88_bg7"": {""accuracy"": 100.0, ""f1_score"": 100.0, ""correct"": 4, ""total"": 4}, ""subtle_gray_stripes_stripe88_bg8"": {""accuracy"": 75.0, ""f1_score"": 73.33, ""correct"": 3, ""total"": 4}, ""subtle_gray_stripes_stripe88_bg9"": {""accuracy"": 100.0, ""f1_score"": 100.0, ""correct"": 4, ""total"": 4}, ""subtle_gray_stripes_stripe89_bg10"": {""accuracy"": 100.0, ""f1_score"": 100.0, ""correct"": 4, ""total"": 4}, ""subtle_gray_stripes_stripe89_bg3"": {""accuracy"": 100.0, ""f1_score"": 100.0, ""correct"": 4, ""total"": 4}, ""subtle_gray_stripes_stripe89_bg4"": {""accuracy"": 100.0, ""f1_score"": 100.0, ""correct"": 4, ""total"": 4}, ""subtle_gray_stripes_stripe89_bg5"": {""accuracy"": 100.0, ""f1_score"": 100.0, ""correct"": 4, ""total"": 4}, ""subtle_gray_stripes_stripe89_bg6"": {""accuracy"": 75.0, ""f1_score"": 73.33, ""correct"": 3, ""total"": 4}, ""subtle_gray_stripes_stripe89_bg7"": {""accuracy"": 100.0, ""f1_score"": 100.0, ""correct"": 4, ""total"": 4}, ""subtle_gray_stripes_stripe89_bg8"": {""accuracy"": 75.0, ""f1_score"": 73.33, ""correct"": 3, ""total"": 4}, ""subtle_gray_stripes_stripe89_bg9"": {""accuracy"": 75.0, ""f1_score"": 73.33, ""correct"": 3, ""total"": 4}, ""subtle_gray_stripes_stripe90_bg10"": {""accuracy"": 75.0, ""f1_score"": 73.33, ""correct"": 3, ""total"": 4}, ""subtle_gray_stripes_stripe90_bg3"": {""accuracy"": 100.0, ""f1_score"": 100.0, ""correct"": 4, ""total"": 4}, ""subtle_gray_stripes_stripe90_bg4"": {""accuracy"": 75.0, ""f1_score"": 73.33, ""correct"": 3, ""total"": 4}, ""subtle_gray_stripes_stripe90_bg5"": {""accuracy"": 100.0, ""f1_score"": 100.0, ""correct"": 4, ""total"": 4}, ""subtle_gray_stripes_stripe90_bg6"": {""accuracy"": 75.0, ""f1_score"": 73.33, ""correct"": 3, ""total"": 4}, ""subtle_gray_stripes_stripe90_bg7"": {""accuracy"": 75.0, ""f1_score"": 73.33, ""correct"": 3, ""total"": 4}, ""subtle_gray_stripes_stripe90_bg8"": {""accuracy"": 75.0, ""f1_score"": 73.33, ""correct"": 3, ""total"": 4}, ""subtle_gray_stripes_stripe90_bg9"": {""accuracy"": 100.0, ""f1_score"": 100.0, ""correct"": 4, ""total"": 4}}","{""angle0"": {""accuracy"": 98.44, ""f1_score"": 98.44, ""correct"": 126, ""total"": 128}, ""angle30"": {""accuracy"": 81.25, ""f1_score"": 80.57, ""correct"": 104, ""total"": 128}}","{""subtle_gray_stripes_stripe83_bg10"": {""accuracy"": 100.0, ""f1_score"": 100.0, ""correct"": 4, ""total"": 4}, ""subtle_gray_stripes_stripe83_bg3"": {""accuracy"": 75.0, ""f1_score"": 73.33, ""correct"": 3, ""total"": 4}, ""subtle_gray_stripes_stripe83_bg4"": {""accuracy"": 100.0, ""f1_score"": 100.0, ""correct"": 4, ""total"": 4}, ""subtle_gray_stripes_stripe83_bg5"": {""accuracy"": 75.0, ""f1_score"": 73.33, ""correct"": 3, ""total"": 4}, ""subtle_gray_stripes_stripe83_bg6"": {""accuracy"": 75.0, ""f1_score"": 73.33, ""correct"": 3, ""total"": 4}, ""subtle_gray_stripes_stripe83_bg7"": {""accuracy"": 75.0, ""f1_score"": 73.33, ""correct"": 3, ""total"": 4}, ""subtle_gray_stripes_stripe83_bg8"": {""accuracy"": 100.0, ""f1_score"": 100.0, ""correct"": 4, ""total"": 4}, ""subtle_gray_stripes_stripe83_bg9"": {""accuracy"": 75.0, ""f1_score"": 73.33, ""correct"": 3, ""total"": 4}, ""subtle_gray_stripes_stripe84_bg10"": {""accuracy"": 100.0, ""f1_score"": 100.0, ""correct"": 4, ""total"": 4}, ""subtle_gray_stripes_stripe84_bg3"": {""accuracy"": 75.0, ""f1_score"": 73.33, ""correct"": 3, ""total"": 4}, ""subtle_gray_stripes_stripe84_bg4"": {""accuracy"": 75.0, ""f1_score"": 73.33, ""correct"": 3, ""total"": 4}, ""subtle_gray_stripes_stripe84_bg5"": {""accuracy"": 50.0, ""f1_score"": 33.33, ""correct"": 2, ""total"": 4}, ""subtle_gray_stripes_stripe84_bg6"": {""accuracy"": 75.0, ""f1_score"": 73.33, ""correct"": 3, ""total"": 4}, ""subtle_gray_stripes_stripe84_bg7"": {""accuracy"": 50.0, ""f1_score"": 33.33, ""correct"": 2, ""total"": 4}, ""subtle_gray_stripes_stripe84_bg8"": {""accuracy"": 75.0, ""f1_score"": 73.33, ""correct"": 3, ""total"": 4}, ""subtle_gray_stripes_stripe84_bg9"": {""accuracy"": 75.0, ""f1_score"": 73.33, ""correct"": 3, ""total"": 4}, ""subtle_gray_stripes_stripe85_bg10"": {""accuracy"": 75.0, ""f1_score"": 73.33, ""correct"": 3, ""total"": 4}, ""subtle_gray_stripes_stripe85_bg3"": {""accuracy"": 75.0, ""f1_score"": 73.33, ""correct"": 3, ""total"": 4}, ""subtle_gray_stripes_stripe85_bg4"": {""accuracy"": 75.0, ""f1_score"": 73.33, ""correct"": 3, ""total"": 4}, ""subtle_gray_stripes_stripe85_bg5"": {""accuracy"": 50.0, ""f1_score"": 33.33, ""correct"": 2, ""total"": 4}, ""subtle_gray_stripes_stripe85_bg6"": {""accuracy"": 75.0, ""f1_score"": 73.33, ""correct"": 3, ""total"": 4}, ""subtle_gray_stripes_stripe85_bg7"": {""accuracy"": 50.0, ""f1_score"": 33.33, ""correct"": 2, ""total"": 4}, ""subtle_gray_stripes_stripe85_bg8"": {""accuracy"": 75.0, ""f1_score"": 73.33, ""correct"": 3, ""total"": 4}, ""subtle_gray_stripes_stripe85_bg9"": {""accuracy"": 75.0, ""f1_score"": 73.33, ""correct"": 3, ""total"": 4}, ""subtle_gray_stripes_stripe86_bg10"": {""accuracy"": 100.0, ""f1_score"": 100.0, ""correct"": 4, ""total"": 4}, ""subtle_gray_stripes_stripe86_bg3"": {""accuracy"": 100.0, ""f1_score"": 100.0, ""correct"": 4, ""total"": 4}, ""subtle_gray_stripes_stripe86_bg4"": {""accuracy"": 75.0, ""f1_score"": 73.33, ""correct"": 3, ""total"": 4}, ""subtle_gray_stripes_stripe86_bg5"": {""accuracy"": 75.0, ""f1_score"": 73.33, ""correct"": 3, ""total"": 4}, ""subtle_gray_stripes_stripe86_bg6"": {""accuracy"": 50.0, ""f1_score"": 33.33, ""correct"": 2, ""total"": 4}, ""subtle_gray_stripes_stripe86_bg7"": {""accuracy"": 75.0, ""f1_score"": 73.33, ""correct"": 3, ""total"": 4}, ""subtle_gray_stripes_stripe86_bg8"": {""accuracy"": 75.0, ""f1_score"": 73.33, ""correct"": 3, ""total"": 4}, ""subtle_gray_stripes_stripe86_bg9"": {""accuracy"": 75.0, ""f1_score"": 73.33, ""correct"": 3, ""total"": 4}, ""subtle_gray_stripes_stripe87_bg10"": {""accuracy"": 75.0, ""f1_score"": 73.33, ""correct"": 3, ""total"": 4}, ""subtle_gray_stripes_stripe87_bg3"": {""accuracy"": 75.0, ""f1_score"": 73.33, ""correct"": 3, ""total"": 4}, ""subtle_gray_stripes_stripe87_bg4"": {""accuracy"": 100.0, ""f1_score"": 100.0, ""correct"": 4, ""total"": 4}, ""subtle_gray_stripes_stripe87_bg5"": {""accuracy"": 50.0, ""f1_score"": 33.33, ""correct"": 2, ""total"": 4}, ""subtle_gray_stripes_stripe87_bg6"": {""accuracy"": 75.0, ""f1_score"": 73.33, ""correct"": 3, ""total"": 4}, ""subtle_gray_stripes_stripe87_bg7"": {""accuracy"": 75.0, ""f1_score"": 73.33, ""correct"": 3, ""total"": 4}, ""subtle_gray_stripes_stripe87_bg8"": {""accuracy"": 75.0, ""f1_score"": 73.33, ""correct"": 3, ""total"": 4}, ""subtle_gray_stripes_stripe87_bg9"": {""accuracy"": 75.0, ""f1_score"": 73.33, ""correct"": 3, ""total"": 4}, ""subtle_gray_stripes_stripe88_bg10"": {""accuracy"": 50.0, ""f1_score"": 33.33, ""correct"": 2, ""total"": 4}, ""subtle_gray_stripes_stripe88_bg3"": {""accuracy"": 75.0, ""f1_score"": 73.33, ""correct"": 3, ""total"": 4}, ""subtle_gray_stripes_stripe88_bg4"": {""accuracy"": 50.0, ""f1_score"": 33.33, ""correct"": 2, ""total"": 4}, ""subtle_gray_stripes_stripe88_bg5"": {""accuracy"": 100.0, ""f1_score"": 100.0, ""correct"": 4, ""total"": 4}, ""subtle_gray_stripes_stripe88_bg6"": {""accuracy"": 75.0, ""f1_score"": 73.33, ""correct"": 3, ""total"": 4}, ""subtle_gray_stripes_stripe88_bg7"": {""accuracy"": 75.0, ""f1_score"": 73.33, ""correct"": 3, ""total"": 4}, ""subtle_gray_stripes_stripe88_bg8"": {""accuracy"": 50.0, ""f1_score"": 33.33, ""correct"": 2, ""total"": 4}, ""subtle_gray_stripes_stripe88_bg9"": {""accuracy"": 75.0, ""f1_score"": 73.33, ""correct"": 3, ""total"": 4}, ""subtle_gray_stripes_stripe89_bg10"": {""accuracy"": 75.0, ""f1_score"": 73.33, ""correct"": 3, ""total"": 4}, ""subtle_gray_stripes_stripe89_bg3"": {""accuracy"": 100.0, ""f1_score"": 100.0, ""correct"": 4, ""total"": 4}, ""subtle_gray_stripes_stripe89_bg4"": {""accuracy"": 100.0, ""f1_score"": 100.0, ""correct"": 4, ""total"": 4}, ""subtle_gray_stripes_stripe89_bg5"": {""accuracy"": 75.0, ""f1_score"": 73.33, ""correct"": 3, ""total"": 4}, ""subtle_gray_stripes_stripe89_bg6"": {""accuracy"": 75.0, ""f1_score"": 73.33, ""correct"": 3, ""total"": 4}, ""subtle_gray_stripes_stripe89_bg7"": {""accuracy"": 75.0, ""f1_score"": 73.33, ""correct"": 3, ""total"": 4}, ""subtle_gray_stripes_stripe89_bg8"": {""accuracy"": 75.0, ""f1_score"": 73.33, ""correct"": 3, ""total"": 4}, ""subtle_gray_stripes_stripe89_bg9"": {""accuracy"": 75.0, ""f1_score"": 73.33, ""correct"": 3, ""total"": 4}, ""subtle_gray_stripes_stripe90_bg10"": {""accuracy"": 50.0, ""f1_score"": 33.33, ""correct"": 2, ""total"": 4}, ""subtle_gray_stripes_stripe90_bg3"": {""accuracy"": 100.0, ""f1_score"": 100.0, ""correct"": 4, ""total"": 4}, ""subtle_gray_stripes_stripe90_bg4"": {""accuracy"": 75.0, ""f1_score"": 73.33, ""correct"": 3, ""total"": 4}, ""subtle_gray_stripes_stripe90_bg5"": {""accuracy"": 100.0, ""f1_score"": 100.0, ""correct"": 4, ""total"": 4}, ""subtle_gray_stripes_stripe90_bg6"": {""accuracy"": 50.0, ""f1_score"": 33.33, ""correct"": 2, ""total"": 4}, ""subtle_gray_stripes_stripe90_bg7"": {""accuracy"": 75.0, ""f1_score"": 73.33, ""correct"": 3, ""total"": 4}, ""subtle_gray_stripes_stripe90_bg8"": {""accuracy"": 75.0, ""f1_score"": 73.33, ""correct"": 3, ""total"": 4}, ""subtle_gray_stripes_stripe90_bg9"": {""accuracy"": 75.0, ""f1_score"": 73.33, ""correct"": 3, ""total"": 4}}","{""angle0"": {""accuracy"": 85.94, ""f1_score"": 85.65, ""correct"": 110, ""total"": 128}, ""angle30"": {""accuracy"": 64.84, ""f1_score"": 59.89, ""correct"": 83, ""total"": 128}}","wrong eval method, trained on yes/no. eval with moving/stopped",,
25,12/3/2025 9:50,20251203_095023,_exp_20251203_114718,_exp_20251203_114718_train,_exp_20251203_114718_test,100,1,42,subtle_gray_stripes,left,"0.0,30.0","0.0,14.0",640x480,4,12,0,1,none,1,0,0,0.1,10,60,"28,29,30,31","20,21,22,23",0,FALSE,,,,,FALSE,,,,FALSE,subtle_gray_stripes,left,"0.0,30.0","0.0,14.0",640x480,4,12,0,1,none,1,0,0,0.1,10,60,"13,14,15,16,17,18,19,20","3,4,5,6,7,8,9,10",0,FALSE,,,,,FALSE,,,,FALSE,Qwen/Qwen2.5-VL-3B-Instruct,qwen2_vl,saves/qwen2vl-treadmill-lora-pipeline,8,16,0.05,8192,14,1,5.00E-05,6,cosine,0.1,FALSE,TRUE,4,10,100,100,128,1024,4,128,0.8,TRUE,FALSE,FALSE,FALSE,skipped,completed,completed,100,100,0,0,100,100,128,128,128,128,93.75,93.73,0,0,94.44,93.75,128,128,112,128,"{""subtle_gray_stripes_stripe13_bg10"": {""accuracy"": 100.0, ""f1_score"": 100.0, ""correct"": 4, ""total"": 4}, ""subtle_gray_stripes_stripe13_bg3"": {""accuracy"": 100.0, ""f1_score"": 100.0, ""correct"": 4, ""total"": 4}, ""subtle_gray_stripes_stripe13_bg4"": {""accuracy"": 100.0, ""f1_score"": 100.0, ""correct"": 4, ""total"": 4}, ""subtle_gray_stripes_stripe13_bg5"": {""accuracy"": 100.0, ""f1_score"": 100.0, ""correct"": 4, ""total"": 4}, ""subtle_gray_stripes_stripe13_bg6"": {""accuracy"": 100.0, ""f1_score"": 100.0, ""correct"": 4, ""total"": 4}, ""subtle_gray_stripes_stripe13_bg7"": {""accuracy"": 100.0, ""f1_score"": 100.0, ""correct"": 4, ""total"": 4}, ""subtle_gray_stripes_stripe13_bg8"": {""accuracy"": 100.0, ""f1_score"": 100.0, ""correct"": 4, ""total"": 4}, ""subtle_gray_stripes_stripe13_bg9"": {""accuracy"": 100.0, ""f1_score"": 100.0, ""correct"": 4, ""total"": 4}, ""subtle_gray_stripes_stripe14_bg10"": {""accuracy"": 100.0, ""f1_score"": 100.0, ""correct"": 4, ""total"": 4}, ""subtle_gray_stripes_stripe14_bg3"": {""accuracy"": 100.0, ""f1_score"": 100.0, ""correct"": 4, ""total"": 4}, ""subtle_gray_stripes_stripe14_bg4"": {""accuracy"": 100.0, ""f1_score"": 100.0, ""correct"": 4, ""total"": 4}, ""subtle_gray_stripes_stripe14_bg5"": {""accuracy"": 100.0, ""f1_score"": 100.0, ""correct"": 4, ""total"": 4}, ""subtle_gray_stripes_stripe14_bg6"": {""accuracy"": 100.0, ""f1_score"": 100.0, ""correct"": 4, ""total"": 4}, ""subtle_gray_stripes_stripe14_bg7"": {""accuracy"": 100.0, ""f1_score"": 100.0, ""correct"": 4, ""total"": 4}, ""subtle_gray_stripes_stripe14_bg8"": {""accuracy"": 100.0, ""f1_score"": 100.0, ""correct"": 4, ""total"": 4}, ""subtle_gray_stripes_stripe14_bg9"": {""accuracy"": 100.0, ""f1_score"": 100.0, ""correct"": 4, ""total"": 4}, ""subtle_gray_stripes_stripe15_bg10"": {""accuracy"": 100.0, ""f1_score"": 100.0, ""correct"": 4, ""total"": 4}, ""subtle_gray_stripes_stripe15_bg3"": {""accuracy"": 100.0, ""f1_score"": 100.0, ""correct"": 4, ""total"": 4}, ""subtle_gray_stripes_stripe15_bg4"": {""accuracy"": 100.0, ""f1_score"": 100.0, ""correct"": 4, ""total"": 4}, ""subtle_gray_stripes_stripe15_bg5"": {""accuracy"": 100.0, ""f1_score"": 100.0, ""correct"": 4, ""total"": 4}, ""subtle_gray_stripes_stripe15_bg6"": {""accuracy"": 100.0, ""f1_score"": 100.0, ""correct"": 4, ""total"": 4}, ""subtle_gray_stripes_stripe15_bg7"": {""accuracy"": 100.0, ""f1_score"": 100.0, ""correct"": 4, ""total"": 4}, ""subtle_gray_stripes_stripe15_bg8"": {""accuracy"": 100.0, ""f1_score"": 100.0, ""correct"": 4, ""total"": 4}, ""subtle_gray_stripes_stripe15_bg9"": {""accuracy"": 100.0, ""f1_score"": 100.0, ""correct"": 4, ""total"": 4}, ""subtle_gray_stripes_stripe16_bg10"": {""accuracy"": 100.0, ""f1_score"": 100.0, ""correct"": 4, ""total"": 4}, ""subtle_gray_stripes_stripe16_bg3"": {""accuracy"": 100.0, ""f1_score"": 100.0, ""correct"": 4, ""total"": 4}, ""subtle_gray_stripes_stripe16_bg4"": {""accuracy"": 100.0, ""f1_score"": 100.0, ""correct"": 4, ""total"": 4}, ""subtle_gray_stripes_stripe16_bg5"": {""accuracy"": 100.0, ""f1_score"": 100.0, ""correct"": 4, ""total"": 4}, ""subtle_gray_stripes_stripe16_bg6"": {""accuracy"": 100.0, ""f1_score"": 100.0, ""correct"": 4, ""total"": 4}, ""subtle_gray_stripes_stripe16_bg7"": {""accuracy"": 100.0, ""f1_score"": 100.0, ""correct"": 4, ""total"": 4}, ""subtle_gray_stripes_stripe16_bg8"": {""accuracy"": 100.0, ""f1_score"": 100.0, ""correct"": 4, ""total"": 4}, ""subtle_gray_stripes_stripe16_bg9"": {""accuracy"": 100.0, ""f1_score"": 100.0, ""correct"": 4, ""total"": 4}, ""subtle_gray_stripes_stripe17_bg10"": {""accuracy"": 100.0, ""f1_score"": 100.0, ""correct"": 4, ""total"": 4}, ""subtle_gray_stripes_stripe17_bg3"": {""accuracy"": 100.0, ""f1_score"": 100.0, ""correct"": 4, ""total"": 4}, ""subtle_gray_stripes_stripe17_bg4"": {""accuracy"": 100.0, ""f1_score"": 100.0, ""correct"": 4, ""total"": 4}, ""subtle_gray_stripes_stripe17_bg5"": {""accuracy"": 100.0, ""f1_score"": 100.0, ""correct"": 4, ""total"": 4}, ""subtle_gray_stripes_stripe17_bg6"": {""accuracy"": 100.0, ""f1_score"": 100.0, ""correct"": 4, ""total"": 4}, ""subtle_gray_stripes_stripe17_bg7"": {""accuracy"": 100.0, ""f1_score"": 100.0, ""correct"": 4, ""total"": 4}, ""subtle_gray_stripes_stripe17_bg8"": {""accuracy"": 100.0, ""f1_score"": 100.0, ""correct"": 4, ""total"": 4}, ""subtle_gray_stripes_stripe17_bg9"": {""accuracy"": 100.0, ""f1_score"": 100.0, ""correct"": 4, ""total"": 4}, ""subtle_gray_stripes_stripe18_bg10"": {""accuracy"": 100.0, ""f1_score"": 100.0, ""correct"": 4, ""total"": 4}, ""subtle_gray_stripes_stripe18_bg3"": {""accuracy"": 100.0, ""f1_score"": 100.0, ""correct"": 4, ""total"": 4}, ""subtle_gray_stripes_stripe18_bg4"": {""accuracy"": 100.0, ""f1_score"": 100.0, ""correct"": 4, ""total"": 4}, ""subtle_gray_stripes_stripe18_bg5"": {""accuracy"": 100.0, ""f1_score"": 100.0, ""correct"": 4, ""total"": 4}, ""subtle_gray_stripes_stripe18_bg6"": {""accuracy"": 100.0, ""f1_score"": 100.0, ""correct"": 4, ""total"": 4}, ""subtle_gray_stripes_stripe18_bg7"": {""accuracy"": 100.0, ""f1_score"": 100.0, ""correct"": 4, ""total"": 4}, ""subtle_gray_stripes_stripe18_bg8"": {""accuracy"": 100.0, ""f1_score"": 100.0, ""correct"": 4, ""total"": 4}, ""subtle_gray_stripes_stripe18_bg9"": {""accuracy"": 100.0, ""f1_score"": 100.0, ""correct"": 4, ""total"": 4}, ""subtle_gray_stripes_stripe19_bg10"": {""accuracy"": 100.0, ""f1_score"": 100.0, ""correct"": 4, ""total"": 4}, ""subtle_gray_stripes_stripe19_bg3"": {""accuracy"": 100.0, ""f1_score"": 100.0, ""correct"": 4, ""total"": 4}, ""subtle_gray_stripes_stripe19_bg4"": {""accuracy"": 100.0, ""f1_score"": 100.0, ""correct"": 4, ""total"": 4}, ""subtle_gray_stripes_stripe19_bg5"": {""accuracy"": 100.0, ""f1_score"": 100.0, ""correct"": 4, ""total"": 4}, ""subtle_gray_stripes_stripe19_bg6"": {""accuracy"": 100.0, ""f1_score"": 100.0, ""correct"": 4, ""total"": 4}, ""subtle_gray_stripes_stripe19_bg7"": {""accuracy"": 100.0, ""f1_score"": 100.0, ""correct"": 4, ""total"": 4}, ""subtle_gray_stripes_stripe19_bg8"": {""accuracy"": 100.0, ""f1_score"": 100.0, ""correct"": 4, ""total"": 4}, ""subtle_gray_stripes_stripe19_bg9"": {""accuracy"": 100.0, ""f1_score"": 100.0, ""correct"": 4, ""total"": 4}, ""subtle_gray_stripes_stripe20_bg10"": {""accuracy"": 100.0, ""f1_score"": 100.0, ""correct"": 4, ""total"": 4}, ""subtle_gray_stripes_stripe20_bg3"": {""accuracy"": 100.0, ""f1_score"": 100.0, ""correct"": 4, ""total"": 4}, ""subtle_gray_stripes_stripe20_bg4"": {""accuracy"": 100.0, ""f1_score"": 100.0, ""correct"": 4, ""total"": 4}, ""subtle_gray_stripes_stripe20_bg5"": {""accuracy"": 100.0, ""f1_score"": 100.0, ""correct"": 4, ""total"": 4}, ""subtle_gray_stripes_stripe20_bg6"": {""accuracy"": 100.0, ""f1_score"": 100.0, ""correct"": 4, ""total"": 4}, ""subtle_gray_stripes_stripe20_bg7"": {""accuracy"": 100.0, ""f1_score"": 100.0, ""correct"": 4, ""total"": 4}, ""subtle_gray_stripes_stripe20_bg8"": {""accuracy"": 100.0, ""f1_score"": 100.0, ""correct"": 4, ""total"": 4}, ""subtle_gray_stripes_stripe20_bg9"": {""accuracy"": 100.0, ""f1_score"": 100.0, ""correct"": 4, ""total"": 4}}","{""angle0"": {""accuracy"": 100.0, ""f1_score"": 100.0, ""correct"": 128, ""total"": 128}, ""angle30"": {""accuracy"": 100.0, ""f1_score"": 100.0, ""correct"": 128, ""total"": 128}}","{""subtle_gray_stripes_stripe13_bg10"": {""accuracy"": 50.0, ""f1_score"": 33.33, ""correct"": 2, ""total"": 4}, ""subtle_gray_stripes_stripe13_bg3"": {""accuracy"": 100.0, ""f1_score"": 100.0, ""correct"": 4, ""total"": 4}, ""subtle_gray_stripes_stripe13_bg4"": {""accuracy"": 100.0, ""f1_score"": 100.0, ""correct"": 4, ""total"": 4}, ""subtle_gray_stripes_stripe13_bg5"": {""accuracy"": 100.0, ""f1_score"": 100.0, ""correct"": 4, ""total"": 4}, ""subtle_gray_stripes_stripe13_bg6"": {""accuracy"": 100.0, ""f1_score"": 100.0, ""correct"": 4, ""total"": 4}, ""subtle_gray_stripes_stripe13_bg7"": {""accuracy"": 100.0, ""f1_score"": 100.0, ""correct"": 4, ""total"": 4}, ""subtle_gray_stripes_stripe13_bg8"": {""accuracy"": 100.0, ""f1_score"": 100.0, ""correct"": 4, ""total"": 4}, ""subtle_gray_stripes_stripe13_bg9"": {""accuracy"": 75.0, ""f1_score"": 73.33, ""correct"": 3, ""total"": 4}, ""subtle_gray_stripes_stripe14_bg10"": {""accuracy"": 100.0, ""f1_score"": 100.0, ""correct"": 4, ""total"": 4}, ""subtle_gray_stripes_stripe14_bg3"": {""accuracy"": 100.0, ""f1_score"": 100.0, ""correct"": 4, ""total"": 4}, ""subtle_gray_stripes_stripe14_bg4"": {""accuracy"": 100.0, ""f1_score"": 100.0, ""correct"": 4, ""total"": 4}, ""subtle_gray_stripes_stripe14_bg5"": {""accuracy"": 75.0, ""f1_score"": 73.33, ""correct"": 3, ""total"": 4}, ""subtle_gray_stripes_stripe14_bg6"": {""accuracy"": 100.0, ""f1_score"": 100.0, ""correct"": 4, ""total"": 4}, ""subtle_gray_stripes_stripe14_bg7"": {""accuracy"": 100.0, ""f1_score"": 100.0, ""correct"": 4, ""total"": 4}, ""subtle_gray_stripes_stripe14_bg8"": {""accuracy"": 100.0, ""f1_score"": 100.0, ""correct"": 4, ""total"": 4}, ""subtle_gray_stripes_stripe14_bg9"": {""accuracy"": 75.0, ""f1_score"": 73.33, ""correct"": 3, ""total"": 4}, ""subtle_gray_stripes_stripe15_bg10"": {""accuracy"": 75.0, ""f1_score"": 73.33, ""correct"": 3, ""total"": 4}, ""subtle_gray_stripes_stripe15_bg3"": {""accuracy"": 100.0, ""f1_score"": 100.0, ""correct"": 4, ""total"": 4}, ""subtle_gray_stripes_stripe15_bg4"": {""accuracy"": 75.0, ""f1_score"": 73.33, ""correct"": 3, ""total"": 4}, ""subtle_gray_stripes_stripe15_bg5"": {""accuracy"": 100.0, ""f1_score"": 100.0, ""correct"": 4, ""total"": 4}, ""subtle_gray_stripes_stripe15_bg6"": {""accuracy"": 100.0, ""f1_score"": 100.0, ""correct"": 4, ""total"": 4}, ""subtle_gray_stripes_stripe15_bg7"": {""accuracy"": 100.0, ""f1_score"": 100.0, ""correct"": 4, ""total"": 4}, ""subtle_gray_stripes_stripe15_bg8"": {""accuracy"": 100.0, ""f1_score"": 100.0, ""correct"": 4, ""total"": 4}, ""subtle_gray_stripes_stripe15_bg9"": {""accuracy"": 75.0, ""f1_score"": 73.33, ""correct"": 3, ""total"": 4}, ""subtle_gray_stripes_stripe16_bg10"": {""accuracy"": 100.0, ""f1_score"": 100.0, ""correct"": 4, ""total"": 4}, ""subtle_gray_stripes_stripe16_bg3"": {""accuracy"": 100.0, ""f1_score"": 100.0, ""correct"": 4, ""total"": 4}, ""subtle_gray_stripes_stripe16_bg4"": {""accuracy"": 100.0, ""f1_score"": 100.0, ""correct"": 4, ""total"": 4}, ""subtle_gray_stripes_stripe16_bg5"": {""accuracy"": 100.0, ""f1_score"": 100.0, ""correct"": 4, ""total"": 4}, ""subtle_gray_stripes_stripe16_bg6"": {""accuracy"": 75.0, ""f1_score"": 73.33, ""correct"": 3, ""total"": 4}, ""subtle_gray_stripes_stripe16_bg7"": {""accuracy"": 100.0, ""f1_score"": 100.0, ""correct"": 4, ""total"": 4}, ""subtle_gray_stripes_stripe16_bg8"": {""accuracy"": 100.0, ""f1_score"": 100.0, ""correct"": 4, ""total"": 4}, ""subtle_gray_stripes_stripe16_bg9"": {""accuracy"": 100.0, ""f1_score"": 100.0, ""correct"": 4, ""total"": 4}, ""subtle_gray_stripes_stripe17_bg10"": {""accuracy"": 100.0, ""f1_score"": 100.0, ""correct"": 4, ""total"": 4}, ""subtle_gray_stripes_stripe17_bg3"": {""accuracy"": 100.0, ""f1_score"": 100.0, ""correct"": 4, ""total"": 4}, ""subtle_gray_stripes_stripe17_bg4"": {""accuracy"": 100.0, ""f1_score"": 100.0, ""correct"": 4, ""total"": 4}, ""subtle_gray_stripes_stripe17_bg5"": {""accuracy"": 75.0, ""f1_score"": 73.33, ""correct"": 3, ""total"": 4}, ""subtle_gray_stripes_stripe17_bg6"": {""accuracy"": 75.0, ""f1_score"": 73.33, ""correct"": 3, ""total"": 4}, ""subtle_gray_stripes_stripe17_bg7"": {""accuracy"": 100.0, ""f1_score"": 100.0, ""correct"": 4, ""total"": 4}, ""subtle_gray_stripes_stripe17_bg8"": {""accuracy"": 100.0, ""f1_score"": 100.0, ""correct"": 4, ""total"": 4}, ""subtle_gray_stripes_stripe17_bg9"": {""accuracy"": 100.0, ""f1_score"": 100.0, ""correct"": 4, ""total"": 4}, ""subtle_gray_stripes_stripe18_bg10"": {""accuracy"": 100.0, ""f1_score"": 100.0, ""correct"": 4, ""total"": 4}, ""subtle_gray_stripes_stripe18_bg3"": {""accuracy"": 100.0, ""f1_score"": 100.0, ""correct"": 4, ""total"": 4}, ""subtle_gray_stripes_stripe18_bg4"": {""accuracy"": 100.0, ""f1_score"": 100.0, ""correct"": 4, ""total"": 4}, ""subtle_gray_stripes_stripe18_bg5"": {""accuracy"": 100.0, ""f1_score"": 100.0, ""correct"": 4, ""total"": 4}, ""subtle_gray_stripes_stripe18_bg6"": {""accuracy"": 100.0, ""f1_score"": 100.0, ""correct"": 4, ""total"": 4}, ""subtle_gray_stripes_stripe18_bg7"": {""accuracy"": 75.0, ""f1_score"": 73.33, ""correct"": 3, ""total"": 4}, ""subtle_gray_stripes_stripe18_bg8"": {""accuracy"": 75.0, ""f1_score"": 73.33, ""correct"": 3, ""total"": 4}, ""subtle_gray_stripes_stripe18_bg9"": {""accuracy"": 75.0, ""f1_score"": 73.33, ""correct"": 3, ""total"": 4}, ""subtle_gray_stripes_stripe19_bg10"": {""accuracy"": 100.0, ""f1_score"": 100.0, ""correct"": 4, ""total"": 4}, ""subtle_gray_stripes_stripe19_bg3"": {""accuracy"": 100.0, ""f1_score"": 100.0, ""correct"": 4, ""total"": 4}, ""subtle_gray_stripes_stripe19_bg4"": {""accuracy"": 100.0, ""f1_score"": 100.0, ""correct"": 4, ""total"": 4}, ""subtle_gray_stripes_stripe19_bg5"": {""accuracy"": 100.0, ""f1_score"": 100.0, ""correct"": 4, ""total"": 4}, ""subtle_gray_stripes_stripe19_bg6"": {""accuracy"": 100.0, ""f1_score"": 100.0, ""correct"": 4, ""total"": 4}, ""subtle_gray_stripes_stripe19_bg7"": {""accuracy"": 75.0, ""f1_score"": 73.33, ""correct"": 3, ""total"": 4}, ""subtle_gray_stripes_stripe19_bg8"": {""accuracy"": 100.0, ""f1_score"": 100.0, ""correct"": 4, ""total"": 4}, ""subtle_gray_stripes_stripe19_bg9"": {""accuracy"": 100.0, ""f1_score"": 100.0, ""correct"": 4, ""total"": 4}, ""subtle_gray_stripes_stripe20_bg10"": {""accuracy"": 100.0, ""f1_score"": 100.0, ""correct"": 4, ""total"": 4}, ""subtle_gray_stripes_stripe20_bg3"": {""accuracy"": 100.0, ""f1_score"": 100.0, ""correct"": 4, ""total"": 4}, ""subtle_gray_stripes_stripe20_bg4"": {""accuracy"": 100.0, ""f1_score"": 100.0, ""correct"": 4, ""total"": 4}, ""subtle_gray_stripes_stripe20_bg5"": {""accuracy"": 100.0, ""f1_score"": 100.0, ""correct"": 4, ""total"": 4}, ""subtle_gray_stripes_stripe20_bg6"": {""accuracy"": 100.0, ""f1_score"": 100.0, ""correct"": 4, ""total"": 4}, ""subtle_gray_stripes_stripe20_bg7"": {""accuracy"": 75.0, ""f1_score"": 73.33, ""correct"": 3, ""total"": 4}, ""subtle_gray_stripes_stripe20_bg8"": {""accuracy"": 100.0, ""f1_score"": 100.0, ""correct"": 4, ""total"": 4}, ""subtle_gray_stripes_stripe20_bg9"": {""accuracy"": 100.0, ""f1_score"": 100.0, ""correct"": 4, ""total"": 4}}","{""angle0"": {""accuracy"": 99.22, ""f1_score"": 99.22, ""correct"": 127, ""total"": 128}, ""angle30"": {""accuracy"": 88.28, ""f1_score"": 88.12, ""correct"": 113, ""total"": 128}}","wrong eval method, trained on yes/no. eval with moving/stopped",,
26,12/3/2025 12:25,20251203_122545,_exp_20251203_142244,_exp_20251203_142244_train,_exp_20251203_142244_test,100,1,42,subtle_gray_stripes,left,"0.0,30.0","0.0,14.0",640x480,4,12,0,1,none,1,0,0,0.1,10,60,"28,29,30,31","20,21,22,23",0,FALSE,,,,,FALSE,,,,FALSE,subtle_gray_stripes,left,"0.0,30.0","0.0,14.0",640x480,4,12,0,1,none,1,0,0,0.1,10,60,"13,14,15,16,17,18,19,20","3,4,5,6,7,8,9,10",0,FALSE,,,,,FALSE,,,,FALSE,Qwen/Qwen2.5-VL-3B-Instruct,qwen2_vl,saves/qwen2vl-treadmill-lora-pipeline,8,16,0.05,8192,14,1,5.00E-05,7,cosine,0.1,FALSE,TRUE,4,10,100,100,128,1024,4,128,0.8,TRUE,FALSE,FALSE,FALSE,skipped,completed,completed,50,33.33,0,0,25,50,0,128,128,128,98.83,98.83,0,0,98.85,98.83,128,128,125,128,"{""subtle_gray_stripes_stripe13_bg10"": {""accuracy"": 50.0, ""f1_score"": 33.33, ""correct"": 2, ""total"": 4}, ""subtle_gray_stripes_stripe13_bg3"": {""accuracy"": 50.0, ""f1_score"": 33.33, ""correct"": 2, ""total"": 4}, ""subtle_gray_stripes_stripe13_bg4"": {""accuracy"": 50.0, ""f1_score"": 33.33, ""correct"": 2, ""total"": 4}, ""subtle_gray_stripes_stripe13_bg5"": {""accuracy"": 50.0, ""f1_score"": 33.33, ""correct"": 2, ""total"": 4}, ""subtle_gray_stripes_stripe13_bg6"": {""accuracy"": 50.0, ""f1_score"": 33.33, ""correct"": 2, ""total"": 4}, ""subtle_gray_stripes_stripe13_bg7"": {""accuracy"": 50.0, ""f1_score"": 33.33, ""correct"": 2, ""total"": 4}, ""subtle_gray_stripes_stripe13_bg8"": {""accuracy"": 50.0, ""f1_score"": 33.33, ""correct"": 2, ""total"": 4}, ""subtle_gray_stripes_stripe13_bg9"": {""accuracy"": 50.0, ""f1_score"": 33.33, ""correct"": 2, ""total"": 4}, ""subtle_gray_stripes_stripe14_bg10"": {""accuracy"": 50.0, ""f1_score"": 33.33, ""correct"": 2, ""total"": 4}, ""subtle_gray_stripes_stripe14_bg3"": {""accuracy"": 50.0, ""f1_score"": 33.33, ""correct"": 2, ""total"": 4}, ""subtle_gray_stripes_stripe14_bg4"": {""accuracy"": 50.0, ""f1_score"": 33.33, ""correct"": 2, ""total"": 4}, ""subtle_gray_stripes_stripe14_bg5"": {""accuracy"": 50.0, ""f1_score"": 33.33, ""correct"": 2, ""total"": 4}, ""subtle_gray_stripes_stripe14_bg6"": {""accuracy"": 50.0, ""f1_score"": 33.33, ""correct"": 2, ""total"": 4}, ""subtle_gray_stripes_stripe14_bg7"": {""accuracy"": 50.0, ""f1_score"": 33.33, ""correct"": 2, ""total"": 4}, ""subtle_gray_stripes_stripe14_bg8"": {""accuracy"": 50.0, ""f1_score"": 33.33, ""correct"": 2, ""total"": 4}, ""subtle_gray_stripes_stripe14_bg9"": {""accuracy"": 50.0, ""f1_score"": 33.33, ""correct"": 2, ""total"": 4}, ""subtle_gray_stripes_stripe15_bg10"": {""accuracy"": 50.0, ""f1_score"": 33.33, ""correct"": 2, ""total"": 4}, ""subtle_gray_stripes_stripe15_bg3"": {""accuracy"": 50.0, ""f1_score"": 33.33, ""correct"": 2, ""total"": 4}, ""subtle_gray_stripes_stripe15_bg4"": {""accuracy"": 50.0, ""f1_score"": 33.33, ""correct"": 2, ""total"": 4}, ""subtle_gray_stripes_stripe15_bg5"": {""accuracy"": 50.0, ""f1_score"": 33.33, ""correct"": 2, ""total"": 4}, ""subtle_gray_stripes_stripe15_bg6"": {""accuracy"": 50.0, ""f1_score"": 33.33, ""correct"": 2, ""total"": 4}, ""subtle_gray_stripes_stripe15_bg7"": {""accuracy"": 50.0, ""f1_score"": 33.33, ""correct"": 2, ""total"": 4}, ""subtle_gray_stripes_stripe15_bg8"": {""accuracy"": 50.0, ""f1_score"": 33.33, ""correct"": 2, ""total"": 4}, ""subtle_gray_stripes_stripe15_bg9"": {""accuracy"": 50.0, ""f1_score"": 33.33, ""correct"": 2, ""total"": 4}, ""subtle_gray_stripes_stripe16_bg10"": {""accuracy"": 50.0, ""f1_score"": 33.33, ""correct"": 2, ""total"": 4}, ""subtle_gray_stripes_stripe16_bg3"": {""accuracy"": 50.0, ""f1_score"": 33.33, ""correct"": 2, ""total"": 4}, ""subtle_gray_stripes_stripe16_bg4"": {""accuracy"": 50.0, ""f1_score"": 33.33, ""correct"": 2, ""total"": 4}, ""subtle_gray_stripes_stripe16_bg5"": {""accuracy"": 50.0, ""f1_score"": 33.33, ""correct"": 2, ""total"": 4}, ""subtle_gray_stripes_stripe16_bg6"": {""accuracy"": 50.0, ""f1_score"": 33.33, ""correct"": 2, ""total"": 4}, ""subtle_gray_stripes_stripe16_bg7"": {""accuracy"": 50.0, ""f1_score"": 33.33, ""correct"": 2, ""total"": 4}, ""subtle_gray_stripes_stripe16_bg8"": {""accuracy"": 50.0, ""f1_score"": 33.33, ""correct"": 2, ""total"": 4}, ""subtle_gray_stripes_stripe16_bg9"": {""accuracy"": 50.0, ""f1_score"": 33.33, ""correct"": 2, ""total"": 4}, ""subtle_gray_stripes_stripe17_bg10"": {""accuracy"": 50.0, ""f1_score"": 33.33, ""correct"": 2, ""total"": 4}, ""subtle_gray_stripes_stripe17_bg3"": {""accuracy"": 50.0, ""f1_score"": 33.33, ""correct"": 2, ""total"": 4}, ""subtle_gray_stripes_stripe17_bg4"": {""accuracy"": 50.0, ""f1_score"": 33.33, ""correct"": 2, ""total"": 4}, ""subtle_gray_stripes_stripe17_bg5"": {""accuracy"": 50.0, ""f1_score"": 33.33, ""correct"": 2, ""total"": 4}, ""subtle_gray_stripes_stripe17_bg6"": {""accuracy"": 50.0, ""f1_score"": 33.33, ""correct"": 2, ""total"": 4}, ""subtle_gray_stripes_stripe17_bg7"": {""accuracy"": 50.0, ""f1_score"": 33.33, ""correct"": 2, ""total"": 4}, ""subtle_gray_stripes_stripe17_bg8"": {""accuracy"": 50.0, ""f1_score"": 33.33, ""correct"": 2, ""total"": 4}, ""subtle_gray_stripes_stripe17_bg9"": {""accuracy"": 50.0, ""f1_score"": 33.33, ""correct"": 2, ""total"": 4}, ""subtle_gray_stripes_stripe18_bg10"": {""accuracy"": 50.0, ""f1_score"": 33.33, ""correct"": 2, ""total"": 4}, ""subtle_gray_stripes_stripe18_bg3"": {""accuracy"": 50.0, ""f1_score"": 33.33, ""correct"": 2, ""total"": 4}, ""subtle_gray_stripes_stripe18_bg4"": {""accuracy"": 50.0, ""f1_score"": 33.33, ""correct"": 2, ""total"": 4}, ""subtle_gray_stripes_stripe18_bg5"": {""accuracy"": 50.0, ""f1_score"": 33.33, ""correct"": 2, ""total"": 4}, ""subtle_gray_stripes_stripe18_bg6"": {""accuracy"": 50.0, ""f1_score"": 33.33, ""correct"": 2, ""total"": 4}, ""subtle_gray_stripes_stripe18_bg7"": {""accuracy"": 50.0, ""f1_score"": 33.33, ""correct"": 2, ""total"": 4}, ""subtle_gray_stripes_stripe18_bg8"": {""accuracy"": 50.0, ""f1_score"": 33.33, ""correct"": 2, ""total"": 4}, ""subtle_gray_stripes_stripe18_bg9"": {""accuracy"": 50.0, ""f1_score"": 33.33, ""correct"": 2, ""total"": 4}, ""subtle_gray_stripes_stripe19_bg10"": {""accuracy"": 50.0, ""f1_score"": 33.33, ""correct"": 2, ""total"": 4}, ""subtle_gray_stripes_stripe19_bg3"": {""accuracy"": 50.0, ""f1_score"": 33.33, ""correct"": 2, ""total"": 4}, ""subtle_gray_stripes_stripe19_bg4"": {""accuracy"": 50.0, ""f1_score"": 33.33, ""correct"": 2, ""total"": 4}, ""subtle_gray_stripes_stripe19_bg5"": {""accuracy"": 50.0, ""f1_score"": 33.33, ""correct"": 2, ""total"": 4}, ""subtle_gray_stripes_stripe19_bg6"": {""accuracy"": 50.0, ""f1_score"": 33.33, ""correct"": 2, ""total"": 4}, ""subtle_gray_stripes_stripe19_bg7"": {""accuracy"": 50.0, ""f1_score"": 33.33, ""correct"": 2, ""total"": 4}, ""subtle_gray_stripes_stripe19_bg8"": {""accuracy"": 50.0, ""f1_score"": 33.33, ""correct"": 2, ""total"": 4}, ""subtle_gray_stripes_stripe19_bg9"": {""accuracy"": 50.0, ""f1_score"": 33.33, ""correct"": 2, ""total"": 4}, ""subtle_gray_stripes_stripe20_bg10"": {""accuracy"": 50.0, ""f1_score"": 33.33, ""correct"": 2, ""total"": 4}, ""subtle_gray_stripes_stripe20_bg3"": {""accuracy"": 50.0, ""f1_score"": 33.33, ""correct"": 2, ""total"": 4}, ""subtle_gray_stripes_stripe20_bg4"": {""accuracy"": 50.0, ""f1_score"": 33.33, ""correct"": 2, ""total"": 4}, ""subtle_gray_stripes_stripe20_bg5"": {""accuracy"": 50.0, ""f1_score"": 33.33, ""correct"": 2, ""total"": 4}, ""subtle_gray_stripes_stripe20_bg6"": {""accuracy"": 50.0, ""f1_score"": 33.33, ""correct"": 2, ""total"": 4}, ""subtle_gray_stripes_stripe20_bg7"": {""accuracy"": 50.0, ""f1_score"": 33.33, ""correct"": 2, ""total"": 4}, ""subtle_gray_stripes_stripe20_bg8"": {""accuracy"": 50.0, ""f1_score"": 33.33, ""correct"": 2, ""total"": 4}, ""subtle_gray_stripes_stripe20_bg9"": {""accuracy"": 50.0, ""f1_score"": 33.33, ""correct"": 2, ""total"": 4}}","{""angle0"": {""accuracy"": 50.0, ""f1_score"": 33.33, ""correct"": 64, ""total"": 128}, ""angle30"": {""accuracy"": 50.0, ""f1_score"": 33.33, ""correct"": 64, ""total"": 128}}","{""subtle_gray_stripes_stripe13_bg10"": {""accuracy"": 100.0, ""f1_score"": 100.0, ""correct"": 4, ""total"": 4}, ""subtle_gray_stripes_stripe13_bg3"": {""accuracy"": 100.0, ""f1_score"": 100.0, ""correct"": 4, ""total"": 4}, ""subtle_gray_stripes_stripe13_bg4"": {""accuracy"": 100.0, ""f1_score"": 100.0, ""correct"": 4, ""total"": 4}, ""subtle_gray_stripes_stripe13_bg5"": {""accuracy"": 100.0, ""f1_score"": 100.0, ""correct"": 4, ""total"": 4}, ""subtle_gray_stripes_stripe13_bg6"": {""accuracy"": 100.0, ""f1_score"": 100.0, ""correct"": 4, ""total"": 4}, ""subtle_gray_stripes_stripe13_bg7"": {""accuracy"": 100.0, ""f1_score"": 100.0, ""correct"": 4, ""total"": 4}, ""subtle_gray_stripes_stripe13_bg8"": {""accuracy"": 100.0, ""f1_score"": 100.0, ""correct"": 4, ""total"": 4}, ""subtle_gray_stripes_stripe13_bg9"": {""accuracy"": 100.0, ""f1_score"": 100.0, ""correct"": 4, ""total"": 4}, ""subtle_gray_stripes_stripe14_bg10"": {""accuracy"": 100.0, ""f1_score"": 100.0, ""correct"": 4, ""total"": 4}, ""subtle_gray_stripes_stripe14_bg3"": {""accuracy"": 100.0, ""f1_score"": 100.0, ""correct"": 4, ""total"": 4}, ""subtle_gray_stripes_stripe14_bg4"": {""accuracy"": 100.0, ""f1_score"": 100.0, ""correct"": 4, ""total"": 4}, ""subtle_gray_stripes_stripe14_bg5"": {""accuracy"": 100.0, ""f1_score"": 100.0, ""correct"": 4, ""total"": 4}, ""subtle_gray_stripes_stripe14_bg6"": {""accuracy"": 100.0, ""f1_score"": 100.0, ""correct"": 4, ""total"": 4}, ""subtle_gray_stripes_stripe14_bg7"": {""accuracy"": 100.0, ""f1_score"": 100.0, ""correct"": 4, ""total"": 4}, ""subtle_gray_stripes_stripe14_bg8"": {""accuracy"": 100.0, ""f1_score"": 100.0, ""correct"": 4, ""total"": 4}, ""subtle_gray_stripes_stripe14_bg9"": {""accuracy"": 100.0, ""f1_score"": 100.0, ""correct"": 4, ""total"": 4}, ""subtle_gray_stripes_stripe15_bg10"": {""accuracy"": 75.0, ""f1_score"": 73.33, ""correct"": 3, ""total"": 4}, ""subtle_gray_stripes_stripe15_bg3"": {""accuracy"": 100.0, ""f1_score"": 100.0, ""correct"": 4, ""total"": 4}, ""subtle_gray_stripes_stripe15_bg4"": {""accuracy"": 100.0, ""f1_score"": 100.0, ""correct"": 4, ""total"": 4}, ""subtle_gray_stripes_stripe15_bg5"": {""accuracy"": 100.0, ""f1_score"": 100.0, ""correct"": 4, ""total"": 4}, ""subtle_gray_stripes_stripe15_bg6"": {""accuracy"": 100.0, ""f1_score"": 100.0, ""correct"": 4, ""total"": 4}, ""subtle_gray_stripes_stripe15_bg7"": {""accuracy"": 100.0, ""f1_score"": 100.0, ""correct"": 4, ""total"": 4}, ""subtle_gray_stripes_stripe15_bg8"": {""accuracy"": 100.0, ""f1_score"": 100.0, ""correct"": 4, ""total"": 4}, ""subtle_gray_stripes_stripe15_bg9"": {""accuracy"": 75.0, ""f1_score"": 73.33, ""correct"": 3, ""total"": 4}, ""subtle_gray_stripes_stripe16_bg10"": {""accuracy"": 100.0, ""f1_score"": 100.0, ""correct"": 4, ""total"": 4}, ""subtle_gray_stripes_stripe16_bg3"": {""accuracy"": 100.0, ""f1_score"": 100.0, ""correct"": 4, ""total"": 4}, ""subtle_gray_stripes_stripe16_bg4"": {""accuracy"": 100.0, ""f1_score"": 100.0, ""correct"": 4, ""total"": 4}, ""subtle_gray_stripes_stripe16_bg5"": {""accuracy"": 100.0, ""f1_score"": 100.0, ""correct"": 4, ""total"": 4}, ""subtle_gray_stripes_stripe16_bg6"": {""accuracy"": 100.0, ""f1_score"": 100.0, ""correct"": 4, ""total"": 4}, ""subtle_gray_stripes_stripe16_bg7"": {""accuracy"": 100.0, ""f1_score"": 100.0, ""correct"": 4, ""total"": 4}, ""subtle_gray_stripes_stripe16_bg8"": {""accuracy"": 100.0, ""f1_score"": 100.0, ""correct"": 4, ""total"": 4}, ""subtle_gray_stripes_stripe16_bg9"": {""accuracy"": 100.0, ""f1_score"": 100.0, ""correct"": 4, ""total"": 4}, ""subtle_gray_stripes_stripe17_bg10"": {""accuracy"": 100.0, ""f1_score"": 100.0, ""correct"": 4, ""total"": 4}, ""subtle_gray_stripes_stripe17_bg3"": {""accuracy"": 100.0, ""f1_score"": 100.0, ""correct"": 4, ""total"": 4}, ""subtle_gray_stripes_stripe17_bg4"": {""accuracy"": 100.0, ""f1_score"": 100.0, ""correct"": 4, ""total"": 4}, ""subtle_gray_stripes_stripe17_bg5"": {""accuracy"": 100.0, ""f1_score"": 100.0, ""correct"": 4, ""total"": 4}, ""subtle_gray_stripes_stripe17_bg6"": {""accuracy"": 100.0, ""f1_score"": 100.0, ""correct"": 4, ""total"": 4}, ""subtle_gray_stripes_stripe17_bg7"": {""accuracy"": 100.0, ""f1_score"": 100.0, ""correct"": 4, ""total"": 4}, ""subtle_gray_stripes_stripe17_bg8"": {""accuracy"": 100.0, ""f1_score"": 100.0, ""correct"": 4, ""total"": 4}, ""subtle_gray_stripes_stripe17_bg9"": {""accuracy"": 100.0, ""f1_score"": 100.0, ""correct"": 4, ""total"": 4}, ""subtle_gray_stripes_stripe18_bg10"": {""accuracy"": 100.0, ""f1_score"": 100.0, ""correct"": 4, ""total"": 4}, ""subtle_gray_stripes_stripe18_bg3"": {""accuracy"": 100.0, ""f1_score"": 100.0, ""correct"": 4, ""total"": 4}, ""subtle_gray_stripes_stripe18_bg4"": {""accuracy"": 100.0, ""f1_score"": 100.0, ""correct"": 4, ""total"": 4}, ""subtle_gray_stripes_stripe18_bg5"": {""accuracy"": 100.0, ""f1_score"": 100.0, ""correct"": 4, ""total"": 4}, ""subtle_gray_stripes_stripe18_bg6"": {""accuracy"": 100.0, ""f1_score"": 100.0, ""correct"": 4, ""total"": 4}, ""subtle_gray_stripes_stripe18_bg7"": {""accuracy"": 100.0, ""f1_score"": 100.0, ""correct"": 4, ""total"": 4}, ""subtle_gray_stripes_stripe18_bg8"": {""accuracy"": 100.0, ""f1_score"": 100.0, ""correct"": 4, ""total"": 4}, ""subtle_gray_stripes_stripe18_bg9"": {""accuracy"": 75.0, ""f1_score"": 73.33, ""correct"": 3, ""total"": 4}, ""subtle_gray_stripes_stripe19_bg10"": {""accuracy"": 100.0, ""f1_score"": 100.0, ""correct"": 4, ""total"": 4}, ""subtle_gray_stripes_stripe19_bg3"": {""accuracy"": 100.0, ""f1_score"": 100.0, ""correct"": 4, ""total"": 4}, ""subtle_gray_stripes_stripe19_bg4"": {""accuracy"": 100.0, ""f1_score"": 100.0, ""correct"": 4, ""total"": 4}, ""subtle_gray_stripes_stripe19_bg5"": {""accuracy"": 100.0, ""f1_score"": 100.0, ""correct"": 4, ""total"": 4}, ""subtle_gray_stripes_stripe19_bg6"": {""accuracy"": 100.0, ""f1_score"": 100.0, ""correct"": 4, ""total"": 4}, ""subtle_gray_stripes_stripe19_bg7"": {""accuracy"": 100.0, ""f1_score"": 100.0, ""correct"": 4, ""total"": 4}, ""subtle_gray_stripes_stripe19_bg8"": {""accuracy"": 100.0, ""f1_score"": 100.0, ""correct"": 4, ""total"": 4}, ""subtle_gray_stripes_stripe19_bg9"": {""accuracy"": 100.0, ""f1_score"": 100.0, ""correct"": 4, ""total"": 4}, ""subtle_gray_stripes_stripe20_bg10"": {""accuracy"": 100.0, ""f1_score"": 100.0, ""correct"": 4, ""total"": 4}, ""subtle_gray_stripes_stripe20_bg3"": {""accuracy"": 100.0, ""f1_score"": 100.0, ""correct"": 4, ""total"": 4}, ""subtle_gray_stripes_stripe20_bg4"": {""accuracy"": 100.0, ""f1_score"": 100.0, ""correct"": 4, ""total"": 4}, ""subtle_gray_stripes_stripe20_bg5"": {""accuracy"": 100.0, ""f1_score"": 100.0, ""correct"": 4, ""total"": 4}, ""subtle_gray_stripes_stripe20_bg6"": {""accuracy"": 100.0, ""f1_score"": 100.0, ""correct"": 4, ""total"": 4}, ""subtle_gray_stripes_stripe20_bg7"": {""accuracy"": 100.0, ""f1_score"": 100.0, ""correct"": 4, ""total"": 4}, ""subtle_gray_stripes_stripe20_bg8"": {""accuracy"": 100.0, ""f1_score"": 100.0, ""correct"": 4, ""total"": 4}, ""subtle_gray_stripes_stripe20_bg9"": {""accuracy"": 100.0, ""f1_score"": 100.0, ""correct"": 4, ""total"": 4}}","{""angle0"": {""accuracy"": 100.0, ""f1_score"": 100.0, ""correct"": 128, ""total"": 128}, ""angle30"": {""accuracy"": 97.66, ""f1_score"": 97.65, ""correct"": 125, ""total"": 128}}",,,
28,12/3/2025 14:27,20251203_142732,_exp_20251203_153238,_exp_20251203_153238_train,_exp_20251203_153238_test,100,1,42,subtle_gray_stripes,left,"0.0,30.0","0.0,14.0",640x480,4,12,0,1,none,1,0,0,0.1,10,60,"228,229,230,231","120,121,122,123",0,FALSE,,,,,FALSE,,,,FALSE,subtle_gray_stripes,left,"0,30.0","0.0,14.0",640x480,4,12,0,1,none,1,0,0,0.1,10,60,"83,84,85,86,87,88,89,90","3,4,5,6,7,8,9,10",0,FALSE,,,,,FALSE,,,,FALSE,Qwen/Qwen2.5-VL-3B-Instruct,qwen2_vl,saves/qwen2vl-treadmill-lora-pipeline,8,16,0.05,8192,14,1,5.00E-05,7,cosine,0.1,FALSE,TRUE,4,10,100,100,128,1024,4,128,0.8,TRUE,FALSE,FALSE,FALSE,skipped,completed,completed,50,33.33,0,0,25,50,0,128,128,128,99.22,99.22,0,0,99.23,99.22,128,128,126,128,"{""subtle_gray_stripes_stripe83_bg10"": {""accuracy"": 50.0, ""f1_score"": 33.33, ""correct"": 2, ""total"": 4}, ""subtle_gray_stripes_stripe83_bg3"": {""accuracy"": 50.0, ""f1_score"": 33.33, ""correct"": 2, ""total"": 4}, ""subtle_gray_stripes_stripe83_bg4"": {""accuracy"": 50.0, ""f1_score"": 33.33, ""correct"": 2, ""total"": 4}, ""subtle_gray_stripes_stripe83_bg5"": {""accuracy"": 50.0, ""f1_score"": 33.33, ""correct"": 2, ""total"": 4}, ""subtle_gray_stripes_stripe83_bg6"": {""accuracy"": 50.0, ""f1_score"": 33.33, ""correct"": 2, ""total"": 4}, ""subtle_gray_stripes_stripe83_bg7"": {""accuracy"": 50.0, ""f1_score"": 33.33, ""correct"": 2, ""total"": 4}, ""subtle_gray_stripes_stripe83_bg8"": {""accuracy"": 50.0, ""f1_score"": 33.33, ""correct"": 2, ""total"": 4}, ""subtle_gray_stripes_stripe83_bg9"": {""accuracy"": 50.0, ""f1_score"": 33.33, ""correct"": 2, ""total"": 4}, ""subtle_gray_stripes_stripe84_bg10"": {""accuracy"": 50.0, ""f1_score"": 33.33, ""correct"": 2, ""total"": 4}, ""subtle_gray_stripes_stripe84_bg3"": {""accuracy"": 50.0, ""f1_score"": 33.33, ""correct"": 2, ""total"": 4}, ""subtle_gray_stripes_stripe84_bg4"": {""accuracy"": 50.0, ""f1_score"": 33.33, ""correct"": 2, ""total"": 4}, ""subtle_gray_stripes_stripe84_bg5"": {""accuracy"": 50.0, ""f1_score"": 33.33, ""correct"": 2, ""total"": 4}, ""subtle_gray_stripes_stripe84_bg6"": {""accuracy"": 50.0, ""f1_score"": 33.33, ""correct"": 2, ""total"": 4}, ""subtle_gray_stripes_stripe84_bg7"": {""accuracy"": 50.0, ""f1_score"": 33.33, ""correct"": 2, ""total"": 4}, ""subtle_gray_stripes_stripe84_bg8"": {""accuracy"": 50.0, ""f1_score"": 33.33, ""correct"": 2, ""total"": 4}, ""subtle_gray_stripes_stripe84_bg9"": {""accuracy"": 50.0, ""f1_score"": 33.33, ""correct"": 2, ""total"": 4}, ""subtle_gray_stripes_stripe85_bg10"": {""accuracy"": 50.0, ""f1_score"": 33.33, ""correct"": 2, ""total"": 4}, ""subtle_gray_stripes_stripe85_bg3"": {""accuracy"": 50.0, ""f1_score"": 33.33, ""correct"": 2, ""total"": 4}, ""subtle_gray_stripes_stripe85_bg4"": {""accuracy"": 50.0, ""f1_score"": 33.33, ""correct"": 2, ""total"": 4}, ""subtle_gray_stripes_stripe85_bg5"": {""accuracy"": 50.0, ""f1_score"": 33.33, ""correct"": 2, ""total"": 4}, ""subtle_gray_stripes_stripe85_bg6"": {""accuracy"": 50.0, ""f1_score"": 33.33, ""correct"": 2, ""total"": 4}, ""subtle_gray_stripes_stripe85_bg7"": {""accuracy"": 50.0, ""f1_score"": 33.33, ""correct"": 2, ""total"": 4}, ""subtle_gray_stripes_stripe85_bg8"": {""accuracy"": 50.0, ""f1_score"": 33.33, ""correct"": 2, ""total"": 4}, ""subtle_gray_stripes_stripe85_bg9"": {""accuracy"": 50.0, ""f1_score"": 33.33, ""correct"": 2, ""total"": 4}, ""subtle_gray_stripes_stripe86_bg10"": {""accuracy"": 50.0, ""f1_score"": 33.33, ""correct"": 2, ""total"": 4}, ""subtle_gray_stripes_stripe86_bg3"": {""accuracy"": 50.0, ""f1_score"": 33.33, ""correct"": 2, ""total"": 4}, ""subtle_gray_stripes_stripe86_bg4"": {""accuracy"": 50.0, ""f1_score"": 33.33, ""correct"": 2, ""total"": 4}, ""subtle_gray_stripes_stripe86_bg5"": {""accuracy"": 50.0, ""f1_score"": 33.33, ""correct"": 2, ""total"": 4}, ""subtle_gray_stripes_stripe86_bg6"": {""accuracy"": 50.0, ""f1_score"": 33.33, ""correct"": 2, ""total"": 4}, ""subtle_gray_stripes_stripe86_bg7"": {""accuracy"": 50.0, ""f1_score"": 33.33, ""correct"": 2, ""total"": 4}, ""subtle_gray_stripes_stripe86_bg8"": {""accuracy"": 50.0, ""f1_score"": 33.33, ""correct"": 2, ""total"": 4}, ""subtle_gray_stripes_stripe86_bg9"": {""accuracy"": 50.0, ""f1_score"": 33.33, ""correct"": 2, ""total"": 4}, ""subtle_gray_stripes_stripe87_bg10"": {""accuracy"": 50.0, ""f1_score"": 33.33, ""correct"": 2, ""total"": 4}, ""subtle_gray_stripes_stripe87_bg3"": {""accuracy"": 50.0, ""f1_score"": 33.33, ""correct"": 2, ""total"": 4}, ""subtle_gray_stripes_stripe87_bg4"": {""accuracy"": 50.0, ""f1_score"": 33.33, ""correct"": 2, ""total"": 4}, ""subtle_gray_stripes_stripe87_bg5"": {""accuracy"": 50.0, ""f1_score"": 33.33, ""correct"": 2, ""total"": 4}, ""subtle_gray_stripes_stripe87_bg6"": {""accuracy"": 50.0, ""f1_score"": 33.33, ""correct"": 2, ""total"": 4}, ""subtle_gray_stripes_stripe87_bg7"": {""accuracy"": 50.0, ""f1_score"": 33.33, ""correct"": 2, ""total"": 4}, ""subtle_gray_stripes_stripe87_bg8"": {""accuracy"": 50.0, ""f1_score"": 33.33, ""correct"": 2, ""total"": 4}, ""subtle_gray_stripes_stripe87_bg9"": {""accuracy"": 50.0, ""f1_score"": 33.33, ""correct"": 2, ""total"": 4}, ""subtle_gray_stripes_stripe88_bg10"": {""accuracy"": 50.0, ""f1_score"": 33.33, ""correct"": 2, ""total"": 4}, ""subtle_gray_stripes_stripe88_bg3"": {""accuracy"": 50.0, ""f1_score"": 33.33, ""correct"": 2, ""total"": 4}, ""subtle_gray_stripes_stripe88_bg4"": {""accuracy"": 50.0, ""f1_score"": 33.33, ""correct"": 2, ""total"": 4}, ""subtle_gray_stripes_stripe88_bg5"": {""accuracy"": 50.0, ""f1_score"": 33.33, ""correct"": 2, ""total"": 4}, ""subtle_gray_stripes_stripe88_bg6"": {""accuracy"": 50.0, ""f1_score"": 33.33, ""correct"": 2, ""total"": 4}, ""subtle_gray_stripes_stripe88_bg7"": {""accuracy"": 50.0, ""f1_score"": 33.33, ""correct"": 2, ""total"": 4}, ""subtle_gray_stripes_stripe88_bg8"": {""accuracy"": 50.0, ""f1_score"": 33.33, ""correct"": 2, ""total"": 4}, ""subtle_gray_stripes_stripe88_bg9"": {""accuracy"": 50.0, ""f1_score"": 33.33, ""correct"": 2, ""total"": 4}, ""subtle_gray_stripes_stripe89_bg10"": {""accuracy"": 50.0, ""f1_score"": 33.33, ""correct"": 2, ""total"": 4}, ""subtle_gray_stripes_stripe89_bg3"": {""accuracy"": 50.0, ""f1_score"": 33.33, ""correct"": 2, ""total"": 4}, ""subtle_gray_stripes_stripe89_bg4"": {""accuracy"": 50.0, ""f1_score"": 33.33, ""correct"": 2, ""total"": 4}, ""subtle_gray_stripes_stripe89_bg5"": {""accuracy"": 50.0, ""f1_score"": 33.33, ""correct"": 2, ""total"": 4}, ""subtle_gray_stripes_stripe89_bg6"": {""accuracy"": 50.0, ""f1_score"": 33.33, ""correct"": 2, ""total"": 4}, ""subtle_gray_stripes_stripe89_bg7"": {""accuracy"": 50.0, ""f1_score"": 33.33, ""correct"": 2, ""total"": 4}, ""subtle_gray_stripes_stripe89_bg8"": {""accuracy"": 50.0, ""f1_score"": 33.33, ""correct"": 2, ""total"": 4}, ""subtle_gray_stripes_stripe89_bg9"": {""accuracy"": 50.0, ""f1_score"": 33.33, ""correct"": 2, ""total"": 4}, ""subtle_gray_stripes_stripe90_bg10"": {""accuracy"": 50.0, ""f1_score"": 33.33, ""correct"": 2, ""total"": 4}, ""subtle_gray_stripes_stripe90_bg3"": {""accuracy"": 50.0, ""f1_score"": 33.33, ""correct"": 2, ""total"": 4}, ""subtle_gray_stripes_stripe90_bg4"": {""accuracy"": 50.0, ""f1_score"": 33.33, ""correct"": 2, ""total"": 4}, ""subtle_gray_stripes_stripe90_bg5"": {""accuracy"": 50.0, ""f1_score"": 33.33, ""correct"": 2, ""total"": 4}, ""subtle_gray_stripes_stripe90_bg6"": {""accuracy"": 50.0, ""f1_score"": 33.33, ""correct"": 2, ""total"": 4}, ""subtle_gray_stripes_stripe90_bg7"": {""accuracy"": 50.0, ""f1_score"": 33.33, ""correct"": 2, ""total"": 4}, ""subtle_gray_stripes_stripe90_bg8"": {""accuracy"": 50.0, ""f1_score"": 33.33, ""correct"": 2, ""total"": 4}, ""subtle_gray_stripes_stripe90_bg9"": {""accuracy"": 50.0, ""f1_score"": 33.33, ""correct"": 2, ""total"": 4}}","{""angle0"": {""accuracy"": 50.0, ""f1_score"": 33.33, ""correct"": 64, ""total"": 128}, ""angle30"": {""accuracy"": 50.0, ""f1_score"": 33.33, ""correct"": 64, ""total"": 128}}","{""subtle_gray_stripes_stripe83_bg10"": {""accuracy"": 100.0, ""f1_score"": 100.0, ""correct"": 4, ""total"": 4}, ""subtle_gray_stripes_stripe83_bg3"": {""accuracy"": 100.0, ""f1_score"": 100.0, ""correct"": 4, ""total"": 4}, ""subtle_gray_stripes_stripe83_bg4"": {""accuracy"": 100.0, ""f1_score"": 100.0, ""correct"": 4, ""total"": 4}, ""subtle_gray_stripes_stripe83_bg5"": {""accuracy"": 100.0, ""f1_score"": 100.0, ""correct"": 4, ""total"": 4}, ""subtle_gray_stripes_stripe83_bg6"": {""accuracy"": 100.0, ""f1_score"": 100.0, ""correct"": 4, ""total"": 4}, ""subtle_gray_stripes_stripe83_bg7"": {""accuracy"": 100.0, ""f1_score"": 100.0, ""correct"": 4, ""total"": 4}, ""subtle_gray_stripes_stripe83_bg8"": {""accuracy"": 100.0, ""f1_score"": 100.0, ""correct"": 4, ""total"": 4}, ""subtle_gray_stripes_stripe83_bg9"": {""accuracy"": 100.0, ""f1_score"": 100.0, ""correct"": 4, ""total"": 4}, ""subtle_gray_stripes_stripe84_bg10"": {""accuracy"": 100.0, ""f1_score"": 100.0, ""correct"": 4, ""total"": 4}, ""subtle_gray_stripes_stripe84_bg3"": {""accuracy"": 100.0, ""f1_score"": 100.0, ""correct"": 4, ""total"": 4}, ""subtle_gray_stripes_stripe84_bg4"": {""accuracy"": 100.0, ""f1_score"": 100.0, ""correct"": 4, ""total"": 4}, ""subtle_gray_stripes_stripe84_bg5"": {""accuracy"": 100.0, ""f1_score"": 100.0, ""correct"": 4, ""total"": 4}, ""subtle_gray_stripes_stripe84_bg6"": {""accuracy"": 100.0, ""f1_score"": 100.0, ""correct"": 4, ""total"": 4}, ""subtle_gray_stripes_stripe84_bg7"": {""accuracy"": 100.0, ""f1_score"": 100.0, ""correct"": 4, ""total"": 4}, ""subtle_gray_stripes_stripe84_bg8"": {""accuracy"": 100.0, ""f1_score"": 100.0, ""correct"": 4, ""total"": 4}, ""subtle_gray_stripes_stripe84_bg9"": {""accuracy"": 100.0, ""f1_score"": 100.0, ""correct"": 4, ""total"": 4}, ""subtle_gray_stripes_stripe85_bg10"": {""accuracy"": 100.0, ""f1_score"": 100.0, ""correct"": 4, ""total"": 4}, ""subtle_gray_stripes_stripe85_bg3"": {""accuracy"": 100.0, ""f1_score"": 100.0, ""correct"": 4, ""total"": 4}, ""subtle_gray_stripes_stripe85_bg4"": {""accuracy"": 100.0, ""f1_score"": 100.0, ""correct"": 4, ""total"": 4}, ""subtle_gray_stripes_stripe85_bg5"": {""accuracy"": 100.0, ""f1_score"": 100.0, ""correct"": 4, ""total"": 4}, ""subtle_gray_stripes_stripe85_bg6"": {""accuracy"": 100.0, ""f1_score"": 100.0, ""correct"": 4, ""total"": 4}, ""subtle_gray_stripes_stripe85_bg7"": {""accuracy"": 100.0, ""f1_score"": 100.0, ""correct"": 4, ""total"": 4}, ""subtle_gray_stripes_stripe85_bg8"": {""accuracy"": 100.0, ""f1_score"": 100.0, ""correct"": 4, ""total"": 4}, ""subtle_gray_stripes_stripe85_bg9"": {""accuracy"": 100.0, ""f1_score"": 100.0, ""correct"": 4, ""total"": 4}, ""subtle_gray_stripes_stripe86_bg10"": {""accuracy"": 100.0, ""f1_score"": 100.0, ""correct"": 4, ""total"": 4}, ""subtle_gray_stripes_stripe86_bg3"": {""accuracy"": 100.0, ""f1_score"": 100.0, ""correct"": 4, ""total"": 4}, ""subtle_gray_stripes_stripe86_bg4"": {""accuracy"": 100.0, ""f1_score"": 100.0, ""correct"": 4, ""total"": 4}, ""subtle_gray_stripes_stripe86_bg5"": {""accuracy"": 100.0, ""f1_score"": 100.0, ""correct"": 4, ""total"": 4}, ""subtle_gray_stripes_stripe86_bg6"": {""accuracy"": 100.0, ""f1_score"": 100.0, ""correct"": 4, ""total"": 4}, ""subtle_gray_stripes_stripe86_bg7"": {""accuracy"": 100.0, ""f1_score"": 100.0, ""correct"": 4, ""total"": 4}, ""subtle_gray_stripes_stripe86_bg8"": {""accuracy"": 100.0, ""f1_score"": 100.0, ""correct"": 4, ""total"": 4}, ""subtle_gray_stripes_stripe86_bg9"": {""accuracy"": 100.0, ""f1_score"": 100.0, ""correct"": 4, ""total"": 4}, ""subtle_gray_stripes_stripe87_bg10"": {""accuracy"": 75.0, ""f1_score"": 73.33, ""correct"": 3, ""total"": 4}, ""subtle_gray_stripes_stripe87_bg3"": {""accuracy"": 100.0, ""f1_score"": 100.0, ""correct"": 4, ""total"": 4}, ""subtle_gray_stripes_stripe87_bg4"": {""accuracy"": 100.0, ""f1_score"": 100.0, ""correct"": 4, ""total"": 4}, ""subtle_gray_stripes_stripe87_bg5"": {""accuracy"": 75.0, ""f1_score"": 73.33, ""correct"": 3, ""total"": 4}, ""subtle_gray_stripes_stripe87_bg6"": {""accuracy"": 100.0, ""f1_score"": 100.0, ""correct"": 4, ""total"": 4}, ""subtle_gray_stripes_stripe87_bg7"": {""accuracy"": 100.0, ""f1_score"": 100.0, ""correct"": 4, ""total"": 4}, ""subtle_gray_stripes_stripe87_bg8"": {""accuracy"": 100.0, ""f1_score"": 100.0, ""correct"": 4, ""total"": 4}, ""subtle_gray_stripes_stripe87_bg9"": {""accuracy"": 100.0, ""f1_score"": 100.0, ""correct"": 4, ""total"": 4}, ""subtle_gray_stripes_stripe88_bg10"": {""accuracy"": 100.0, ""f1_score"": 100.0, ""correct"": 4, ""total"": 4}, ""subtle_gray_stripes_stripe88_bg3"": {""accuracy"": 100.0, ""f1_score"": 100.0, ""correct"": 4, ""total"": 4}, ""subtle_gray_stripes_stripe88_bg4"": {""accuracy"": 100.0, ""f1_score"": 100.0, ""correct"": 4, ""total"": 4}, ""subtle_gray_stripes_stripe88_bg5"": {""accuracy"": 100.0, ""f1_score"": 100.0, ""correct"": 4, ""total"": 4}, ""subtle_gray_stripes_stripe88_bg6"": {""accuracy"": 100.0, ""f1_score"": 100.0, ""correct"": 4, ""total"": 4}, ""subtle_gray_stripes_stripe88_bg7"": {""accuracy"": 100.0, ""f1_score"": 100.0, ""correct"": 4, ""total"": 4}, ""subtle_gray_stripes_stripe88_bg8"": {""accuracy"": 100.0, ""f1_score"": 100.0, ""correct"": 4, ""total"": 4}, ""subtle_gray_stripes_stripe88_bg9"": {""accuracy"": 100.0, ""f1_score"": 100.0, ""correct"": 4, ""total"": 4}, ""subtle_gray_stripes_stripe89_bg10"": {""accuracy"": 100.0, ""f1_score"": 100.0, ""correct"": 4, ""total"": 4}, ""subtle_gray_stripes_stripe89_bg3"": {""accuracy"": 100.0, ""f1_score"": 100.0, ""correct"": 4, ""total"": 4}, ""subtle_gray_stripes_stripe89_bg4"": {""accuracy"": 100.0, ""f1_score"": 100.0, ""correct"": 4, ""total"": 4}, ""subtle_gray_stripes_stripe89_bg5"": {""accuracy"": 100.0, ""f1_score"": 100.0, ""correct"": 4, ""total"": 4}, ""subtle_gray_stripes_stripe89_bg6"": {""accuracy"": 100.0, ""f1_score"": 100.0, ""correct"": 4, ""total"": 4}, ""subtle_gray_stripes_stripe89_bg7"": {""accuracy"": 100.0, ""f1_score"": 100.0, ""correct"": 4, ""total"": 4}, ""subtle_gray_stripes_stripe89_bg8"": {""accuracy"": 100.0, ""f1_score"": 100.0, ""correct"": 4, ""total"": 4}, ""subtle_gray_stripes_stripe89_bg9"": {""accuracy"": 100.0, ""f1_score"": 100.0, ""correct"": 4, ""total"": 4}, ""subtle_gray_stripes_stripe90_bg10"": {""accuracy"": 100.0, ""f1_score"": 100.0, ""correct"": 4, ""total"": 4}, ""subtle_gray_stripes_stripe90_bg3"": {""accuracy"": 100.0, ""f1_score"": 100.0, ""correct"": 4, ""total"": 4}, ""subtle_gray_stripes_stripe90_bg4"": {""accuracy"": 100.0, ""f1_score"": 100.0, ""correct"": 4, ""total"": 4}, ""subtle_gray_stripes_stripe90_bg5"": {""accuracy"": 100.0, ""f1_score"": 100.0, ""correct"": 4, ""total"": 4}, ""subtle_gray_stripes_stripe90_bg6"": {""accuracy"": 100.0, ""f1_score"": 100.0, ""correct"": 4, ""total"": 4}, ""subtle_gray_stripes_stripe90_bg7"": {""accuracy"": 100.0, ""f1_score"": 100.0, ""correct"": 4, ""total"": 4}, ""subtle_gray_stripes_stripe90_bg8"": {""accuracy"": 100.0, ""f1_score"": 100.0, ""correct"": 4, ""total"": 4}, ""subtle_gray_stripes_stripe90_bg9"": {""accuracy"": 100.0, ""f1_score"": 100.0, ""correct"": 4, ""total"": 4}}","{""angle0"": {""accuracy"": 98.44, ""f1_score"": 98.44, ""correct"": 126, ""total"": 128}, ""angle30"": {""accuracy"": 100.0, ""f1_score"": 100.0, ""correct"": 128, ""total"": 128}}",,,
28,12/3/2025 14:27,20251203_142732,_exp_20251203_153238,_exp_20251203_153238_train,_exp_20251203_153238_test,100,1,42,subtle_gray_stripes,left,"0.0,30.0","0.0,14.0",640x480,4,12,0,1,none,1,0,0,0.1,10,60,"228,229,230,231","120,121,122,123",0,FALSE,,,,,FALSE,,,,FALSE,subtle_gray_stripes,left,"0,30.0","0.0,14.0",640x480,4,12,0,1,none,1,0,0,0.1,10,60,"83,84,85,86,87,88,89,90","3,4,5,6,7,8,9,10",0,FALSE,,,,,FALSE,,,,FALSE,Qwen/Qwen2.5-VL-3B-Instruct,qwen2_vl,saves/qwen2vl-treadmill-lora-pipeline,8,16,0.05,8192,14,1,5.00E-05,7,cosine,0.1,FALSE,TRUE,4,10,100,100,128,1024,4,128,0.8,TRUE,FALSE,FALSE,FALSE,skipped,completed,completed,50,33.33,0,0,25,50,0,128,128,128,99.22,99.22,0,0,99.23,99.22,128,128,126,128,"{""subtle_gray_stripes_stripe83_bg10"": {""accuracy"": 50.0, ""f1_score"": 33.33, ""correct"": 2, ""total"": 4}, ""subtle_gray_stripes_stripe83_bg3"": {""accuracy"": 50.0, ""f1_score"": 33.33, ""correct"": 2, ""total"": 4}, ""subtle_gray_stripes_stripe83_bg4"": {""accuracy"": 50.0, ""f1_score"": 33.33, ""correct"": 2, ""total"": 4}, ""subtle_gray_stripes_stripe83_bg5"": {""accuracy"": 50.0, ""f1_score"": 33.33, ""correct"": 2, ""total"": 4}, ""subtle_gray_stripes_stripe83_bg6"": {""accuracy"": 50.0, ""f1_score"": 33.33, ""correct"": 2, ""total"": 4}, ""subtle_gray_stripes_stripe83_bg7"": {""accuracy"": 50.0, ""f1_score"": 33.33, ""correct"": 2, ""total"": 4}, ""subtle_gray_stripes_stripe83_bg8"": {""accuracy"": 50.0, ""f1_score"": 33.33, ""correct"": 2, ""total"": 4}, ""subtle_gray_stripes_stripe83_bg9"": {""accuracy"": 50.0, ""f1_score"": 33.33, ""correct"": 2, ""total"": 4}, ""subtle_gray_stripes_stripe84_bg10"": {""accuracy"": 50.0, ""f1_score"": 33.33, ""correct"": 2, ""total"": 4}, ""subtle_gray_stripes_stripe84_bg3"": {""accuracy"": 50.0, ""f1_score"": 33.33, ""correct"": 2, ""total"": 4}, ""subtle_gray_stripes_stripe84_bg4"": {""accuracy"": 50.0, ""f1_score"": 33.33, ""correct"": 2, ""total"": 4}, ""subtle_gray_stripes_stripe84_bg5"": {""accuracy"": 50.0, ""f1_score"": 33.33, ""correct"": 2, ""total"": 4}, ""subtle_gray_stripes_stripe84_bg6"": {""accuracy"": 50.0, ""f1_score"": 33.33, ""correct"": 2, ""total"": 4}, ""subtle_gray_stripes_stripe84_bg7"": {""accuracy"": 50.0, ""f1_score"": 33.33, ""correct"": 2, ""total"": 4}, ""subtle_gray_stripes_stripe84_bg8"": {""accuracy"": 50.0, ""f1_score"": 33.33, ""correct"": 2, ""total"": 4}, ""subtle_gray_stripes_stripe84_bg9"": {""accuracy"": 50.0, ""f1_score"": 33.33, ""correct"": 2, ""total"": 4}, ""subtle_gray_stripes_stripe85_bg10"": {""accuracy"": 50.0, ""f1_score"": 33.33, ""correct"": 2, ""total"": 4}, ""subtle_gray_stripes_stripe85_bg3"": {""accuracy"": 50.0, ""f1_score"": 33.33, ""correct"": 2, ""total"": 4}, ""subtle_gray_stripes_stripe85_bg4"": {""accuracy"": 50.0, ""f1_score"": 33.33, ""correct"": 2, ""total"": 4}, ""subtle_gray_stripes_stripe85_bg5"": {""accuracy"": 50.0, ""f1_score"": 33.33, ""correct"": 2, ""total"": 4}, ""subtle_gray_stripes_stripe85_bg6"": {""accuracy"": 50.0, ""f1_score"": 33.33, ""correct"": 2, ""total"": 4}, ""subtle_gray_stripes_stripe85_bg7"": {""accuracy"": 50.0, ""f1_score"": 33.33, ""correct"": 2, ""total"": 4}, ""subtle_gray_stripes_stripe85_bg8"": {""accuracy"": 50.0, ""f1_score"": 33.33, ""correct"": 2, ""total"": 4}, ""subtle_gray_stripes_stripe85_bg9"": {""accuracy"": 50.0, ""f1_score"": 33.33, ""correct"": 2, ""total"": 4}, ""subtle_gray_stripes_stripe86_bg10"": {""accuracy"": 50.0, ""f1_score"": 33.33, ""correct"": 2, ""total"": 4}, ""subtle_gray_stripes_stripe86_bg3"": {""accuracy"": 50.0, ""f1_score"": 33.33, ""correct"": 2, ""total"": 4}, ""subtle_gray_stripes_stripe86_bg4"": {""accuracy"": 50.0, ""f1_score"": 33.33, ""correct"": 2, ""total"": 4}, ""subtle_gray_stripes_stripe86_bg5"": {""accuracy"": 50.0, ""f1_score"": 33.33, ""correct"": 2, ""total"": 4}, ""subtle_gray_stripes_stripe86_bg6"": {""accuracy"": 50.0, ""f1_score"": 33.33, ""correct"": 2, ""total"": 4}, ""subtle_gray_stripes_stripe86_bg7"": {""accuracy"": 50.0, ""f1_score"": 33.33, ""correct"": 2, ""total"": 4}, ""subtle_gray_stripes_stripe86_bg8"": {""accuracy"": 50.0, ""f1_score"": 33.33, ""correct"": 2, ""total"": 4}, ""subtle_gray_stripes_stripe86_bg9"": {""accuracy"": 50.0, ""f1_score"": 33.33, ""correct"": 2, ""total"": 4}, ""subtle_gray_stripes_stripe87_bg10"": {""accuracy"": 50.0, ""f1_score"": 33.33, ""correct"": 2, ""total"": 4}, ""subtle_gray_stripes_stripe87_bg3"": {""accuracy"": 50.0, ""f1_score"": 33.33, ""correct"": 2, ""total"": 4}, ""subtle_gray_stripes_stripe87_bg4"": {""accuracy"": 50.0, ""f1_score"": 33.33, ""correct"": 2, ""total"": 4}, ""subtle_gray_stripes_stripe87_bg5"": {""accuracy"": 50.0, ""f1_score"": 33.33, ""correct"": 2, ""total"": 4}, ""subtle_gray_stripes_stripe87_bg6"": {""accuracy"": 50.0, ""f1_score"": 33.33, ""correct"": 2, ""total"": 4}, ""subtle_gray_stripes_stripe87_bg7"": {""accuracy"": 50.0, ""f1_score"": 33.33, ""correct"": 2, ""total"": 4}, ""subtle_gray_stripes_stripe87_bg8"": {""accuracy"": 50.0, ""f1_score"": 33.33, ""correct"": 2, ""total"": 4}, ""subtle_gray_stripes_stripe87_bg9"": {""accuracy"": 50.0, ""f1_score"": 33.33, ""correct"": 2, ""total"": 4}, ""subtle_gray_stripes_stripe88_bg10"": {""accuracy"": 50.0, ""f1_score"": 33.33, ""correct"": 2, ""total"": 4}, ""subtle_gray_stripes_stripe88_bg3"": {""accuracy"": 50.0, ""f1_score"": 33.33, ""correct"": 2, ""total"": 4}, ""subtle_gray_stripes_stripe88_bg4"": {""accuracy"": 50.0, ""f1_score"": 33.33, ""correct"": 2, ""total"": 4}, ""subtle_gray_stripes_stripe88_bg5"": {""accuracy"": 50.0, ""f1_score"": 33.33, ""correct"": 2, ""total"": 4}, ""subtle_gray_stripes_stripe88_bg6"": {""accuracy"": 50.0, ""f1_score"": 33.33, ""correct"": 2, ""total"": 4}, ""subtle_gray_stripes_stripe88_bg7"": {""accuracy"": 50.0, ""f1_score"": 33.33, ""correct"": 2, ""total"": 4}, ""subtle_gray_stripes_stripe88_bg8"": {""accuracy"": 50.0, ""f1_score"": 33.33, ""correct"": 2, ""total"": 4}, ""subtle_gray_stripes_stripe88_bg9"": {""accuracy"": 50.0, ""f1_score"": 33.33, ""correct"": 2, ""total"": 4}, ""subtle_gray_stripes_stripe89_bg10"": {""accuracy"": 50.0, ""f1_score"": 33.33, ""correct"": 2, ""total"": 4}, ""subtle_gray_stripes_stripe89_bg3"": {""accuracy"": 50.0, ""f1_score"": 33.33, ""correct"": 2, ""total"": 4}, ""subtle_gray_stripes_stripe89_bg4"": {""accuracy"": 50.0, ""f1_score"": 33.33, ""correct"": 2, ""total"": 4}, ""subtle_gray_stripes_stripe89_bg5"": {""accuracy"": 50.0, ""f1_score"": 33.33, ""correct"": 2, ""total"": 4}, ""subtle_gray_stripes_stripe89_bg6"": {""accuracy"": 50.0, ""f1_score"": 33.33, ""correct"": 2, ""total"": 4}, ""subtle_gray_stripes_stripe89_bg7"": {""accuracy"": 50.0, ""f1_score"": 33.33, ""correct"": 2, ""total"": 4}, ""subtle_gray_stripes_stripe89_bg8"": {""accuracy"": 50.0, ""f1_score"": 33.33, ""correct"": 2, ""total"": 4}, ""subtle_gray_stripes_stripe89_bg9"": {""accuracy"": 50.0, ""f1_score"": 33.33, ""correct"": 2, ""total"": 4}, ""subtle_gray_stripes_stripe90_bg10"": {""accuracy"": 50.0, ""f1_score"": 33.33, ""correct"": 2, ""total"": 4}, ""subtle_gray_stripes_stripe90_bg3"": {""accuracy"": 50.0, ""f1_score"": 33.33, ""correct"": 2, ""total"": 4}, ""subtle_gray_stripes_stripe90_bg4"": {""accuracy"": 50.0, ""f1_score"": 33.33, ""correct"": 2, ""total"": 4}, ""subtle_gray_stripes_stripe90_bg5"": {""accuracy"": 50.0, ""f1_score"": 33.33, ""correct"": 2, ""total"": 4}, ""subtle_gray_stripes_stripe90_bg6"": {""accuracy"": 50.0, ""f1_score"": 33.33, ""correct"": 2, ""total"": 4}, ""subtle_gray_stripes_stripe90_bg7"": {""accuracy"": 50.0, ""f1_score"": 33.33, ""correct"": 2, ""total"": 4}, ""subtle_gray_stripes_stripe90_bg8"": {""accuracy"": 50.0, ""f1_score"": 33.33, ""correct"": 2, ""total"": 4}, ""subtle_gray_stripes_stripe90_bg9"": {""accuracy"": 50.0, ""f1_score"": 33.33, ""correct"": 2, ""total"": 4}}","{""angle0"": {""accuracy"": 50.0, ""f1_score"": 33.33, ""correct"": 64, ""total"": 128}, ""angle30"": {""accuracy"": 50.0, ""f1_score"": 33.33, ""correct"": 64, ""total"": 128}}","{""subtle_gray_stripes_stripe83_bg10"": {""accuracy"": 100.0, ""f1_score"": 100.0, ""correct"": 4, ""total"": 4}, ""subtle_gray_stripes_stripe83_bg3"": {""accuracy"": 100.0, ""f1_score"": 100.0, ""correct"": 4, ""total"": 4}, ""subtle_gray_stripes_stripe83_bg4"": {""accuracy"": 100.0, ""f1_score"": 100.0, ""correct"": 4, ""total"": 4}, ""subtle_gray_stripes_stripe83_bg5"": {""accuracy"": 100.0, ""f1_score"": 100.0, ""correct"": 4, ""total"": 4}, ""subtle_gray_stripes_stripe83_bg6"": {""accuracy"": 100.0, ""f1_score"": 100.0, ""correct"": 4, ""total"": 4}, ""subtle_gray_stripes_stripe83_bg7"": {""accuracy"": 100.0, ""f1_score"": 100.0, ""correct"": 4, ""total"": 4}, ""subtle_gray_stripes_stripe83_bg8"": {""accuracy"": 100.0, ""f1_score"": 100.0, ""correct"": 4, ""total"": 4}, ""subtle_gray_stripes_stripe83_bg9"": {""accuracy"": 100.0, ""f1_score"": 100.0, ""correct"": 4, ""total"": 4}, ""subtle_gray_stripes_stripe84_bg10"": {""accuracy"": 100.0, ""f1_score"": 100.0, ""correct"": 4, ""total"": 4}, ""subtle_gray_stripes_stripe84_bg3"": {""accuracy"": 100.0, ""f1_score"": 100.0, ""correct"": 4, ""total"": 4}, ""subtle_gray_stripes_stripe84_bg4"": {""accuracy"": 100.0, ""f1_score"": 100.0, ""correct"": 4, ""total"": 4}, ""subtle_gray_stripes_stripe84_bg5"": {""accuracy"": 100.0, ""f1_score"": 100.0, ""correct"": 4, ""total"": 4}, ""subtle_gray_stripes_stripe84_bg6"": {""accuracy"": 100.0, ""f1_score"": 100.0, ""correct"": 4, ""total"": 4}, ""subtle_gray_stripes_stripe84_bg7"": {""accuracy"": 100.0, ""f1_score"": 100.0, ""correct"": 4, ""total"": 4}, ""subtle_gray_stripes_stripe84_bg8"": {""accuracy"": 100.0, ""f1_score"": 100.0, ""correct"": 4, ""total"": 4}, ""subtle_gray_stripes_stripe84_bg9"": {""accuracy"": 100.0, ""f1_score"": 100.0, ""correct"": 4, ""total"": 4}, ""subtle_gray_stripes_stripe85_bg10"": {""accuracy"": 100.0, ""f1_score"": 100.0, ""correct"": 4, ""total"": 4}, ""subtle_gray_stripes_stripe85_bg3"": {""accuracy"": 100.0, ""f1_score"": 100.0, ""correct"": 4, ""total"": 4}, ""subtle_gray_stripes_stripe85_bg4"": {""accuracy"": 100.0, ""f1_score"": 100.0, ""correct"": 4, ""total"": 4}, ""subtle_gray_stripes_stripe85_bg5"": {""accuracy"": 100.0, ""f1_score"": 100.0, ""correct"": 4, ""total"": 4}, ""subtle_gray_stripes_stripe85_bg6"": {""accuracy"": 100.0, ""f1_score"": 100.0, ""correct"": 4, ""total"": 4}, ""subtle_gray_stripes_stripe85_bg7"": {""accuracy"": 100.0, ""f1_score"": 100.0, ""correct"": 4, ""total"": 4}, ""subtle_gray_stripes_stripe85_bg8"": {""accuracy"": 100.0, ""f1_score"": 100.0, ""correct"": 4, ""total"": 4}, ""subtle_gray_stripes_stripe85_bg9"": {""accuracy"": 100.0, ""f1_score"": 100.0, ""correct"": 4, ""total"": 4}, ""subtle_gray_stripes_stripe86_bg10"": {""accuracy"": 100.0, ""f1_score"": 100.0, ""correct"": 4, ""total"": 4}, ""subtle_gray_stripes_stripe86_bg3"": {""accuracy"": 100.0, ""f1_score"": 100.0, ""correct"": 4, ""total"": 4}, ""subtle_gray_stripes_stripe86_bg4"": {""accuracy"": 100.0, ""f1_score"": 100.0, ""correct"": 4, ""total"": 4}, ""subtle_gray_stripes_stripe86_bg5"": {""accuracy"": 100.0, ""f1_score"": 100.0, ""correct"": 4, ""total"": 4}, ""subtle_gray_stripes_stripe86_bg6"": {""accuracy"": 100.0, ""f1_score"": 100.0, ""correct"": 4, ""total"": 4}, ""subtle_gray_stripes_stripe86_bg7"": {""accuracy"": 100.0, ""f1_score"": 100.0, ""correct"": 4, ""total"": 4}, ""subtle_gray_stripes_stripe86_bg8"": {""accuracy"": 100.0, ""f1_score"": 100.0, ""correct"": 4, ""total"": 4}, ""subtle_gray_stripes_stripe86_bg9"": {""accuracy"": 100.0, ""f1_score"": 100.0, ""correct"": 4, ""total"": 4}, ""subtle_gray_stripes_stripe87_bg10"": {""accuracy"": 75.0, ""f1_score"": 73.33, ""correct"": 3, ""total"": 4}, ""subtle_gray_stripes_stripe87_bg3"": {""accuracy"": 100.0, ""f1_score"": 100.0, ""correct"": 4, ""total"": 4}, ""subtle_gray_stripes_stripe87_bg4"": {""accuracy"": 100.0, ""f1_score"": 100.0, ""correct"": 4, ""total"": 4}, ""subtle_gray_stripes_stripe87_bg5"": {""accuracy"": 75.0, ""f1_score"": 73.33, ""correct"": 3, ""total"": 4}, ""subtle_gray_stripes_stripe87_bg6"": {""accuracy"": 100.0, ""f1_score"": 100.0, ""correct"": 4, ""total"": 4}, ""subtle_gray_stripes_stripe87_bg7"": {""accuracy"": 100.0, ""f1_score"": 100.0, ""correct"": 4, ""total"": 4}, ""subtle_gray_stripes_stripe87_bg8"": {""accuracy"": 100.0, ""f1_score"": 100.0, ""correct"": 4, ""total"": 4}, ""subtle_gray_stripes_stripe87_bg9"": {""accuracy"": 100.0, ""f1_score"": 100.0, ""correct"": 4, ""total"": 4}, ""subtle_gray_stripes_stripe88_bg10"": {""accuracy"": 100.0, ""f1_score"": 100.0, ""correct"": 4, ""total"": 4}, ""subtle_gray_stripes_stripe88_bg3"": {""accuracy"": 100.0, ""f1_score"": 100.0, ""correct"": 4, ""total"": 4}, ""subtle_gray_stripes_stripe88_bg4"": {""accuracy"": 100.0, ""f1_score"": 100.0, ""correct"": 4, ""total"": 4}, ""subtle_gray_stripes_stripe88_bg5"": {""accuracy"": 100.0, ""f1_score"": 100.0, ""correct"": 4, ""total"": 4}, ""subtle_gray_stripes_stripe88_bg6"": {""accuracy"": 100.0, ""f1_score"": 100.0, ""correct"": 4, ""total"": 4}, ""subtle_gray_stripes_stripe88_bg7"": {""accuracy"": 100.0, ""f1_score"": 100.0, ""correct"": 4, ""total"": 4}, ""subtle_gray_stripes_stripe88_bg8"": {""accuracy"": 100.0, ""f1_score"": 100.0, ""correct"": 4, ""total"": 4}, ""subtle_gray_stripes_stripe88_bg9"": {""accuracy"": 100.0, ""f1_score"": 100.0, ""correct"": 4, ""total"": 4}, ""subtle_gray_stripes_stripe89_bg10"": {""accuracy"": 100.0, ""f1_score"": 100.0, ""correct"": 4, ""total"": 4}, ""subtle_gray_stripes_stripe89_bg3"": {""accuracy"": 100.0, ""f1_score"": 100.0, ""correct"": 4, ""total"": 4}, ""subtle_gray_stripes_stripe89_bg4"": {""accuracy"": 100.0, ""f1_score"": 100.0, ""correct"": 4, ""total"": 4}, ""subtle_gray_stripes_stripe89_bg5"": {""accuracy"": 100.0, ""f1_score"": 100.0, ""correct"": 4, ""total"": 4}, ""subtle_gray_stripes_stripe89_bg6"": {""accuracy"": 100.0, ""f1_score"": 100.0, ""correct"": 4, ""total"": 4}, ""subtle_gray_stripes_stripe89_bg7"": {""accuracy"": 100.0, ""f1_score"": 100.0, ""correct"": 4, ""total"": 4}, ""subtle_gray_stripes_stripe89_bg8"": {""accuracy"": 100.0, ""f1_score"": 100.0, ""correct"": 4, ""total"": 4}, ""subtle_gray_stripes_stripe89_bg9"": {""accuracy"": 100.0, ""f1_score"": 100.0, ""correct"": 4, ""total"": 4}, ""subtle_gray_stripes_stripe90_bg10"": {""accuracy"": 100.0, ""f1_score"": 100.0, ""correct"": 4, ""total"": 4}, ""subtle_gray_stripes_stripe90_bg3"": {""accuracy"": 100.0, ""f1_score"": 100.0, ""correct"": 4, ""total"": 4}, ""subtle_gray_stripes_stripe90_bg4"": {""accuracy"": 100.0, ""f1_score"": 100.0, ""correct"": 4, ""total"": 4}, ""subtle_gray_stripes_stripe90_bg5"": {""accuracy"": 100.0, ""f1_score"": 100.0, ""correct"": 4, ""total"": 4}, ""subtle_gray_stripes_stripe90_bg6"": {""accuracy"": 100.0, ""f1_score"": 100.0, ""correct"": 4, ""total"": 4}, ""subtle_gray_stripes_stripe90_bg7"": {""accuracy"": 100.0, ""f1_score"": 100.0, ""correct"": 4, ""total"": 4}, ""subtle_gray_stripes_stripe90_bg8"": {""accuracy"": 100.0, ""f1_score"": 100.0, ""correct"": 4, ""total"": 4}, ""subtle_gray_stripes_stripe90_bg9"": {""accuracy"": 100.0, ""f1_score"": 100.0, ""correct"": 4, ""total"": 4}}","{""angle0"": {""accuracy"": 98.44, ""f1_score"": 98.44, ""correct"": 126, ""total"": 128}, ""angle30"": {""accuracy"": 100.0, ""f1_score"": 100.0, ""correct"": 128, ""total"": 128}}",,,
30,12/3/2025 15:35,20251203_153542,_exp_20251203_153238,_exp_20251203_153238_train,_exp_20251203_153238_test,100,1,42,subtle_gray_stripes,left,"0.0,30.0","0.0,14.0",640x480,4,12,0,1,none,1,0,0,0.1,10,60,"228,229,230,231","120,121,122,123",0,FALSE,,,,,FALSE,,,,FALSE,subtle_gray_stripes,left,"0,30.0","0.0,14.0",640x480,4,12,0,1,none,1,0,0,0.1,10,60,"83,84,85,86,87,88,89,90","3,4,5,6,7,8,9,10",0,FALSE,,,,,FALSE,,,,FALSE,Qwen/Qwen2.5-VL-3B-Instruct,qwen2_vl,saves/qwen2vl-treadmill-lora-pipeline,8,16,0.05,8192,14,1,5.00E-05,7,cosine,0.1,FALSE,TRUE,4,10,100,100,128,1024,4,128,0.8,TRUE,FALSE,FALSE,FALSE,skipped,completed,completed,50,33.33,0,0,25,50,0,128,128,128,99.22,99.22,0,0,99.23,99.22,128,128,126,128,"{""subtle_gray_stripes_stripe83_bg10"": {""accuracy"": 50.0, ""f1_score"": 33.33, ""correct"": 2, ""total"": 4}, ""subtle_gray_stripes_stripe83_bg3"": {""accuracy"": 50.0, ""f1_score"": 33.33, ""correct"": 2, ""total"": 4}, ""subtle_gray_stripes_stripe83_bg4"": {""accuracy"": 50.0, ""f1_score"": 33.33, ""correct"": 2, ""total"": 4}, ""subtle_gray_stripes_stripe83_bg5"": {""accuracy"": 50.0, ""f1_score"": 33.33, ""correct"": 2, ""total"": 4}, ""subtle_gray_stripes_stripe83_bg6"": {""accuracy"": 50.0, ""f1_score"": 33.33, ""correct"": 2, ""total"": 4}, ""subtle_gray_stripes_stripe83_bg7"": {""accuracy"": 50.0, ""f1_score"": 33.33, ""correct"": 2, ""total"": 4}, ""subtle_gray_stripes_stripe83_bg8"": {""accuracy"": 50.0, ""f1_score"": 33.33, ""correct"": 2, ""total"": 4}, ""subtle_gray_stripes_stripe83_bg9"": {""accuracy"": 50.0, ""f1_score"": 33.33, ""correct"": 2, ""total"": 4}, ""subtle_gray_stripes_stripe84_bg10"": {""accuracy"": 50.0, ""f1_score"": 33.33, ""correct"": 2, ""total"": 4}, ""subtle_gray_stripes_stripe84_bg3"": {""accuracy"": 50.0, ""f1_score"": 33.33, ""correct"": 2, ""total"": 4}, ""subtle_gray_stripes_stripe84_bg4"": {""accuracy"": 50.0, ""f1_score"": 33.33, ""correct"": 2, ""total"": 4}, ""subtle_gray_stripes_stripe84_bg5"": {""accuracy"": 50.0, ""f1_score"": 33.33, ""correct"": 2, ""total"": 4}, ""subtle_gray_stripes_stripe84_bg6"": {""accuracy"": 50.0, ""f1_score"": 33.33, ""correct"": 2, ""total"": 4}, ""subtle_gray_stripes_stripe84_bg7"": {""accuracy"": 50.0, ""f1_score"": 33.33, ""correct"": 2, ""total"": 4}, ""subtle_gray_stripes_stripe84_bg8"": {""accuracy"": 50.0, ""f1_score"": 33.33, ""correct"": 2, ""total"": 4}, ""subtle_gray_stripes_stripe84_bg9"": {""accuracy"": 50.0, ""f1_score"": 33.33, ""correct"": 2, ""total"": 4}, ""subtle_gray_stripes_stripe85_bg10"": {""accuracy"": 50.0, ""f1_score"": 33.33, ""correct"": 2, ""total"": 4}, ""subtle_gray_stripes_stripe85_bg3"": {""accuracy"": 50.0, ""f1_score"": 33.33, ""correct"": 2, ""total"": 4}, ""subtle_gray_stripes_stripe85_bg4"": {""accuracy"": 50.0, ""f1_score"": 33.33, ""correct"": 2, ""total"": 4}, ""subtle_gray_stripes_stripe85_bg5"": {""accuracy"": 50.0, ""f1_score"": 33.33, ""correct"": 2, ""total"": 4}, ""subtle_gray_stripes_stripe85_bg6"": {""accuracy"": 50.0, ""f1_score"": 33.33, ""correct"": 2, ""total"": 4}, ""subtle_gray_stripes_stripe85_bg7"": {""accuracy"": 50.0, ""f1_score"": 33.33, ""correct"": 2, ""total"": 4}, ""subtle_gray_stripes_stripe85_bg8"": {""accuracy"": 50.0, ""f1_score"": 33.33, ""correct"": 2, ""total"": 4}, ""subtle_gray_stripes_stripe85_bg9"": {""accuracy"": 50.0, ""f1_score"": 33.33, ""correct"": 2, ""total"": 4}, ""subtle_gray_stripes_stripe86_bg10"": {""accuracy"": 50.0, ""f1_score"": 33.33, ""correct"": 2, ""total"": 4}, ""subtle_gray_stripes_stripe86_bg3"": {""accuracy"": 50.0, ""f1_score"": 33.33, ""correct"": 2, ""total"": 4}, ""subtle_gray_stripes_stripe86_bg4"": {""accuracy"": 50.0, ""f1_score"": 33.33, ""correct"": 2, ""total"": 4}, ""subtle_gray_stripes_stripe86_bg5"": {""accuracy"": 50.0, ""f1_score"": 33.33, ""correct"": 2, ""total"": 4}, ""subtle_gray_stripes_stripe86_bg6"": {""accuracy"": 50.0, ""f1_score"": 33.33, ""correct"": 2, ""total"": 4}, ""subtle_gray_stripes_stripe86_bg7"": {""accuracy"": 50.0, ""f1_score"": 33.33, ""correct"": 2, ""total"": 4}, ""subtle_gray_stripes_stripe86_bg8"": {""accuracy"": 50.0, ""f1_score"": 33.33, ""correct"": 2, ""total"": 4}, ""subtle_gray_stripes_stripe86_bg9"": {""accuracy"": 50.0, ""f1_score"": 33.33, ""correct"": 2, ""total"": 4}, ""subtle_gray_stripes_stripe87_bg10"": {""accuracy"": 50.0, ""f1_score"": 33.33, ""correct"": 2, ""total"": 4}, ""subtle_gray_stripes_stripe87_bg3"": {""accuracy"": 50.0, ""f1_score"": 33.33, ""correct"": 2, ""total"": 4}, ""subtle_gray_stripes_stripe87_bg4"": {""accuracy"": 50.0, ""f1_score"": 33.33, ""correct"": 2, ""total"": 4}, ""subtle_gray_stripes_stripe87_bg5"": {""accuracy"": 50.0, ""f1_score"": 33.33, ""correct"": 2, ""total"": 4}, ""subtle_gray_stripes_stripe87_bg6"": {""accuracy"": 50.0, ""f1_score"": 33.33, ""correct"": 2, ""total"": 4}, ""subtle_gray_stripes_stripe87_bg7"": {""accuracy"": 50.0, ""f1_score"": 33.33, ""correct"": 2, ""total"": 4}, ""subtle_gray_stripes_stripe87_bg8"": {""accuracy"": 50.0, ""f1_score"": 33.33, ""correct"": 2, ""total"": 4}, ""subtle_gray_stripes_stripe87_bg9"": {""accuracy"": 50.0, ""f1_score"": 33.33, ""correct"": 2, ""total"": 4}, ""subtle_gray_stripes_stripe88_bg10"": {""accuracy"": 50.0, ""f1_score"": 33.33, ""correct"": 2, ""total"": 4}, ""subtle_gray_stripes_stripe88_bg3"": {""accuracy"": 50.0, ""f1_score"": 33.33, ""correct"": 2, ""total"": 4}, ""subtle_gray_stripes_stripe88_bg4"": {""accuracy"": 50.0, ""f1_score"": 33.33, ""correct"": 2, ""total"": 4}, ""subtle_gray_stripes_stripe88_bg5"": {""accuracy"": 50.0, ""f1_score"": 33.33, ""correct"": 2, ""total"": 4}, ""subtle_gray_stripes_stripe88_bg6"": {""accuracy"": 50.0, ""f1_score"": 33.33, ""correct"": 2, ""total"": 4}, ""subtle_gray_stripes_stripe88_bg7"": {""accuracy"": 50.0, ""f1_score"": 33.33, ""correct"": 2, ""total"": 4}, ""subtle_gray_stripes_stripe88_bg8"": {""accuracy"": 50.0, ""f1_score"": 33.33, ""correct"": 2, ""total"": 4}, ""subtle_gray_stripes_stripe88_bg9"": {""accuracy"": 50.0, ""f1_score"": 33.33, ""correct"": 2, ""total"": 4}, ""subtle_gray_stripes_stripe89_bg10"": {""accuracy"": 50.0, ""f1_score"": 33.33, ""correct"": 2, ""total"": 4}, ""subtle_gray_stripes_stripe89_bg3"": {""accuracy"": 50.0, ""f1_score"": 33.33, ""correct"": 2, ""total"": 4}, ""subtle_gray_stripes_stripe89_bg4"": {""accuracy"": 50.0, ""f1_score"": 33.33, ""correct"": 2, ""total"": 4}, ""subtle_gray_stripes_stripe89_bg5"": {""accuracy"": 50.0, ""f1_score"": 33.33, ""correct"": 2, ""total"": 4}, ""subtle_gray_stripes_stripe89_bg6"": {""accuracy"": 50.0, ""f1_score"": 33.33, ""correct"": 2, ""total"": 4}, ""subtle_gray_stripes_stripe89_bg7"": {""accuracy"": 50.0, ""f1_score"": 33.33, ""correct"": 2, ""total"": 4}, ""subtle_gray_stripes_stripe89_bg8"": {""accuracy"": 50.0, ""f1_score"": 33.33, ""correct"": 2, ""total"": 4}, ""subtle_gray_stripes_stripe89_bg9"": {""accuracy"": 50.0, ""f1_score"": 33.33, ""correct"": 2, ""total"": 4}, ""subtle_gray_stripes_stripe90_bg10"": {""accuracy"": 50.0, ""f1_score"": 33.33, ""correct"": 2, ""total"": 4}, ""subtle_gray_stripes_stripe90_bg3"": {""accuracy"": 50.0, ""f1_score"": 33.33, ""correct"": 2, ""total"": 4}, ""subtle_gray_stripes_stripe90_bg4"": {""accuracy"": 50.0, ""f1_score"": 33.33, ""correct"": 2, ""total"": 4}, ""subtle_gray_stripes_stripe90_bg5"": {""accuracy"": 50.0, ""f1_score"": 33.33, ""correct"": 2, ""total"": 4}, ""subtle_gray_stripes_stripe90_bg6"": {""accuracy"": 50.0, ""f1_score"": 33.33, ""correct"": 2, ""total"": 4}, ""subtle_gray_stripes_stripe90_bg7"": {""accuracy"": 50.0, ""f1_score"": 33.33, ""correct"": 2, ""total"": 4}, ""subtle_gray_stripes_stripe90_bg8"": {""accuracy"": 50.0, ""f1_score"": 33.33, ""correct"": 2, ""total"": 4}, ""subtle_gray_stripes_stripe90_bg9"": {""accuracy"": 50.0, ""f1_score"": 33.33, ""correct"": 2, ""total"": 4}}","{""angle0"": {""accuracy"": 50.0, ""f1_score"": 33.33, ""correct"": 64, ""total"": 128}, ""angle30"": {""accuracy"": 50.0, ""f1_score"": 33.33, ""correct"": 64, ""total"": 128}}","{""subtle_gray_stripes_stripe83_bg10"": {""accuracy"": 100.0, ""f1_score"": 100.0, ""correct"": 4, ""total"": 4}, ""subtle_gray_stripes_stripe83_bg3"": {""accuracy"": 100.0, ""f1_score"": 100.0, ""correct"": 4, ""total"": 4}, ""subtle_gray_stripes_stripe83_bg4"": {""accuracy"": 100.0, ""f1_score"": 100.0, ""correct"": 4, ""total"": 4}, ""subtle_gray_stripes_stripe83_bg5"": {""accuracy"": 100.0, ""f1_score"": 100.0, ""correct"": 4, ""total"": 4}, ""subtle_gray_stripes_stripe83_bg6"": {""accuracy"": 100.0, ""f1_score"": 100.0, ""correct"": 4, ""total"": 4}, ""subtle_gray_stripes_stripe83_bg7"": {""accuracy"": 100.0, ""f1_score"": 100.0, ""correct"": 4, ""total"": 4}, ""subtle_gray_stripes_stripe83_bg8"": {""accuracy"": 100.0, ""f1_score"": 100.0, ""correct"": 4, ""total"": 4}, ""subtle_gray_stripes_stripe83_bg9"": {""accuracy"": 100.0, ""f1_score"": 100.0, ""correct"": 4, ""total"": 4}, ""subtle_gray_stripes_stripe84_bg10"": {""accuracy"": 100.0, ""f1_score"": 100.0, ""correct"": 4, ""total"": 4}, ""subtle_gray_stripes_stripe84_bg3"": {""accuracy"": 100.0, ""f1_score"": 100.0, ""correct"": 4, ""total"": 4}, ""subtle_gray_stripes_stripe84_bg4"": {""accuracy"": 100.0, ""f1_score"": 100.0, ""correct"": 4, ""total"": 4}, ""subtle_gray_stripes_stripe84_bg5"": {""accuracy"": 100.0, ""f1_score"": 100.0, ""correct"": 4, ""total"": 4}, ""subtle_gray_stripes_stripe84_bg6"": {""accuracy"": 100.0, ""f1_score"": 100.0, ""correct"": 4, ""total"": 4}, ""subtle_gray_stripes_stripe84_bg7"": {""accuracy"": 100.0, ""f1_score"": 100.0, ""correct"": 4, ""total"": 4}, ""subtle_gray_stripes_stripe84_bg8"": {""accuracy"": 100.0, ""f1_score"": 100.0, ""correct"": 4, ""total"": 4}, ""subtle_gray_stripes_stripe84_bg9"": {""accuracy"": 100.0, ""f1_score"": 100.0, ""correct"": 4, ""total"": 4}, ""subtle_gray_stripes_stripe85_bg10"": {""accuracy"": 100.0, ""f1_score"": 100.0, ""correct"": 4, ""total"": 4}, ""subtle_gray_stripes_stripe85_bg3"": {""accuracy"": 100.0, ""f1_score"": 100.0, ""correct"": 4, ""total"": 4}, ""subtle_gray_stripes_stripe85_bg4"": {""accuracy"": 100.0, ""f1_score"": 100.0, ""correct"": 4, ""total"": 4}, ""subtle_gray_stripes_stripe85_bg5"": {""accuracy"": 100.0, ""f1_score"": 100.0, ""correct"": 4, ""total"": 4}, ""subtle_gray_stripes_stripe85_bg6"": {""accuracy"": 100.0, ""f1_score"": 100.0, ""correct"": 4, ""total"": 4}, ""subtle_gray_stripes_stripe85_bg7"": {""accuracy"": 100.0, ""f1_score"": 100.0, ""correct"": 4, ""total"": 4}, ""subtle_gray_stripes_stripe85_bg8"": {""accuracy"": 100.0, ""f1_score"": 100.0, ""correct"": 4, ""total"": 4}, ""subtle_gray_stripes_stripe85_bg9"": {""accuracy"": 100.0, ""f1_score"": 100.0, ""correct"": 4, ""total"": 4}, ""subtle_gray_stripes_stripe86_bg10"": {""accuracy"": 100.0, ""f1_score"": 100.0, ""correct"": 4, ""total"": 4}, ""subtle_gray_stripes_stripe86_bg3"": {""accuracy"": 100.0, ""f1_score"": 100.0, ""correct"": 4, ""total"": 4}, ""subtle_gray_stripes_stripe86_bg4"": {""accuracy"": 100.0, ""f1_score"": 100.0, ""correct"": 4, ""total"": 4}, ""subtle_gray_stripes_stripe86_bg5"": {""accuracy"": 100.0, ""f1_score"": 100.0, ""correct"": 4, ""total"": 4}, ""subtle_gray_stripes_stripe86_bg6"": {""accuracy"": 100.0, ""f1_score"": 100.0, ""correct"": 4, ""total"": 4}, ""subtle_gray_stripes_stripe86_bg7"": {""accuracy"": 100.0, ""f1_score"": 100.0, ""correct"": 4, ""total"": 4}, ""subtle_gray_stripes_stripe86_bg8"": {""accuracy"": 100.0, ""f1_score"": 100.0, ""correct"": 4, ""total"": 4}, ""subtle_gray_stripes_stripe86_bg9"": {""accuracy"": 100.0, ""f1_score"": 100.0, ""correct"": 4, ""total"": 4}, ""subtle_gray_stripes_stripe87_bg10"": {""accuracy"": 75.0, ""f1_score"": 73.33, ""correct"": 3, ""total"": 4}, ""subtle_gray_stripes_stripe87_bg3"": {""accuracy"": 100.0, ""f1_score"": 100.0, ""correct"": 4, ""total"": 4}, ""subtle_gray_stripes_stripe87_bg4"": {""accuracy"": 100.0, ""f1_score"": 100.0, ""correct"": 4, ""total"": 4}, ""subtle_gray_stripes_stripe87_bg5"": {""accuracy"": 75.0, ""f1_score"": 73.33, ""correct"": 3, ""total"": 4}, ""subtle_gray_stripes_stripe87_bg6"": {""accuracy"": 100.0, ""f1_score"": 100.0, ""correct"": 4, ""total"": 4}, ""subtle_gray_stripes_stripe87_bg7"": {""accuracy"": 100.0, ""f1_score"": 100.0, ""correct"": 4, ""total"": 4}, ""subtle_gray_stripes_stripe87_bg8"": {""accuracy"": 100.0, ""f1_score"": 100.0, ""correct"": 4, ""total"": 4}, ""subtle_gray_stripes_stripe87_bg9"": {""accuracy"": 100.0, ""f1_score"": 100.0, ""correct"": 4, ""total"": 4}, ""subtle_gray_stripes_stripe88_bg10"": {""accuracy"": 100.0, ""f1_score"": 100.0, ""correct"": 4, ""total"": 4}, ""subtle_gray_stripes_stripe88_bg3"": {""accuracy"": 100.0, ""f1_score"": 100.0, ""correct"": 4, ""total"": 4}, ""subtle_gray_stripes_stripe88_bg4"": {""accuracy"": 100.0, ""f1_score"": 100.0, ""correct"": 4, ""total"": 4}, ""subtle_gray_stripes_stripe88_bg5"": {""accuracy"": 100.0, ""f1_score"": 100.0, ""correct"": 4, ""total"": 4}, ""subtle_gray_stripes_stripe88_bg6"": {""accuracy"": 100.0, ""f1_score"": 100.0, ""correct"": 4, ""total"": 4}, ""subtle_gray_stripes_stripe88_bg7"": {""accuracy"": 100.0, ""f1_score"": 100.0, ""correct"": 4, ""total"": 4}, ""subtle_gray_stripes_stripe88_bg8"": {""accuracy"": 100.0, ""f1_score"": 100.0, ""correct"": 4, ""total"": 4}, ""subtle_gray_stripes_stripe88_bg9"": {""accuracy"": 100.0, ""f1_score"": 100.0, ""correct"": 4, ""total"": 4}, ""subtle_gray_stripes_stripe89_bg10"": {""accuracy"": 100.0, ""f1_score"": 100.0, ""correct"": 4, ""total"": 4}, ""subtle_gray_stripes_stripe89_bg3"": {""accuracy"": 100.0, ""f1_score"": 100.0, ""correct"": 4, ""total"": 4}, ""subtle_gray_stripes_stripe89_bg4"": {""accuracy"": 100.0, ""f1_score"": 100.0, ""correct"": 4, ""total"": 4}, ""subtle_gray_stripes_stripe89_bg5"": {""accuracy"": 100.0, ""f1_score"": 100.0, ""correct"": 4, ""total"": 4}, ""subtle_gray_stripes_stripe89_bg6"": {""accuracy"": 100.0, ""f1_score"": 100.0, ""correct"": 4, ""total"": 4}, ""subtle_gray_stripes_stripe89_bg7"": {""accuracy"": 100.0, ""f1_score"": 100.0, ""correct"": 4, ""total"": 4}, ""subtle_gray_stripes_stripe89_bg8"": {""accuracy"": 100.0, ""f1_score"": 100.0, ""correct"": 4, ""total"": 4}, ""subtle_gray_stripes_stripe89_bg9"": {""accuracy"": 100.0, ""f1_score"": 100.0, ""correct"": 4, ""total"": 4}, ""subtle_gray_stripes_stripe90_bg10"": {""accuracy"": 100.0, ""f1_score"": 100.0, ""correct"": 4, ""total"": 4}, ""subtle_gray_stripes_stripe90_bg3"": {""accuracy"": 100.0, ""f1_score"": 100.0, ""correct"": 4, ""total"": 4}, ""subtle_gray_stripes_stripe90_bg4"": {""accuracy"": 100.0, ""f1_score"": 100.0, ""correct"": 4, ""total"": 4}, ""subtle_gray_stripes_stripe90_bg5"": {""accuracy"": 100.0, ""f1_score"": 100.0, ""correct"": 4, ""total"": 4}, ""subtle_gray_stripes_stripe90_bg6"": {""accuracy"": 100.0, ""f1_score"": 100.0, ""correct"": 4, ""total"": 4}, ""subtle_gray_stripes_stripe90_bg7"": {""accuracy"": 100.0, ""f1_score"": 100.0, ""correct"": 4, ""total"": 4}, ""subtle_gray_stripes_stripe90_bg8"": {""accuracy"": 100.0, ""f1_score"": 100.0, ""correct"": 4, ""total"": 4}, ""subtle_gray_stripes_stripe90_bg9"": {""accuracy"": 100.0, ""f1_score"": 100.0, ""correct"": 4, ""total"": 4}}",DORA 7 epochs,,,TRUE
,,,,,,,,,,,,,,,,,,,,,,,,,,,,,,,,,,,,,,,,,,,,,,,,,,,,,,,,,,,,,,,,,,,,,,,,,,,,,,,,,,,,,,,,,,,,,,,,,,,,,,,,,,,,,,,,,,,,,,,,,,,,
32,12/3/2025 17:39,20251203_173952,_exp_20251203_153238,_exp_20251203_153238_train,_exp_20251203_153238_test,100,1,42,subtle_gray_stripes,left,"0.0,30.0","0.0,14.0",640x480,4,12,0,1,none,1,0,0,0.1,10,60,"228,229,230,231","120,121,122,123",0,FALSE,,,,,FALSE,,,,FALSE,subtle_gray_stripes,left,"0,30.0","0.0,14.0",640x480,4,12,0,1,none,1,0,0,0.1,10,60,"83,84,85,86,87,88,89,90","3,4,5,6,7,8,9,10",0,FALSE,,,,,FALSE,,,,FALSE,Qwen/Qwen2.5-VL-3B-Instruct,qwen2_vl,saves/qwen2vl-treadmill-lora-pipeline,8,16,0.05,8192,14,1,5.00E-05,7,cosine,0.1,FALSE,TRUE,4,10,100,100,128,1024,4,128,0.8,TRUE,FALSE,FALSE,FALSE,skipped,completed,completed,50,33.33,0,0,25,50,0,128,128,128,50,33.33,0,0,25,50,0,128,128,128,"{""subtle_gray_stripes_stripe83_bg10"": {""accuracy"": 50.0, ""f1_score"": 33.33, ""correct"": 2, ""total"": 4}, ""subtle_gray_stripes_stripe83_bg3"": {""accuracy"": 50.0, ""f1_score"": 33.33, ""correct"": 2, ""total"": 4}, ""subtle_gray_stripes_stripe83_bg4"": {""accuracy"": 50.0, ""f1_score"": 33.33, ""correct"": 2, ""total"": 4}, ""subtle_gray_stripes_stripe83_bg5"": {""accuracy"": 50.0, ""f1_score"": 33.33, ""correct"": 2, ""total"": 4}, ""subtle_gray_stripes_stripe83_bg6"": {""accuracy"": 50.0, ""f1_score"": 33.33, ""correct"": 2, ""total"": 4}, ""subtle_gray_stripes_stripe83_bg7"": {""accuracy"": 50.0, ""f1_score"": 33.33, ""correct"": 2, ""total"": 4}, ""subtle_gray_stripes_stripe83_bg8"": {""accuracy"": 50.0, ""f1_score"": 33.33, ""correct"": 2, ""total"": 4}, ""subtle_gray_stripes_stripe83_bg9"": {""accuracy"": 50.0, ""f1_score"": 33.33, ""correct"": 2, ""total"": 4}, ""subtle_gray_stripes_stripe84_bg10"": {""accuracy"": 50.0, ""f1_score"": 33.33, ""correct"": 2, ""total"": 4}, ""subtle_gray_stripes_stripe84_bg3"": {""accuracy"": 50.0, ""f1_score"": 33.33, ""correct"": 2, ""total"": 4}, ""subtle_gray_stripes_stripe84_bg4"": {""accuracy"": 50.0, ""f1_score"": 33.33, ""correct"": 2, ""total"": 4}, ""subtle_gray_stripes_stripe84_bg5"": {""accuracy"": 50.0, ""f1_score"": 33.33, ""correct"": 2, ""total"": 4}, ""subtle_gray_stripes_stripe84_bg6"": {""accuracy"": 50.0, ""f1_score"": 33.33, ""correct"": 2, ""total"": 4}, ""subtle_gray_stripes_stripe84_bg7"": {""accuracy"": 50.0, ""f1_score"": 33.33, ""correct"": 2, ""total"": 4}, ""subtle_gray_stripes_stripe84_bg8"": {""accuracy"": 50.0, ""f1_score"": 33.33, ""correct"": 2, ""total"": 4}, ""subtle_gray_stripes_stripe84_bg9"": {""accuracy"": 50.0, ""f1_score"": 33.33, ""correct"": 2, ""total"": 4}, ""subtle_gray_stripes_stripe85_bg10"": {""accuracy"": 50.0, ""f1_score"": 33.33, ""correct"": 2, ""total"": 4}, ""subtle_gray_stripes_stripe85_bg3"": {""accuracy"": 50.0, ""f1_score"": 33.33, ""correct"": 2, ""total"": 4}, ""subtle_gray_stripes_stripe85_bg4"": {""accuracy"": 50.0, ""f1_score"": 33.33, ""correct"": 2, ""total"": 4}, ""subtle_gray_stripes_stripe85_bg5"": {""accuracy"": 50.0, ""f1_score"": 33.33, ""correct"": 2, ""total"": 4}, ""subtle_gray_stripes_stripe85_bg6"": {""accuracy"": 50.0, ""f1_score"": 33.33, ""correct"": 2, ""total"": 4}, ""subtle_gray_stripes_stripe85_bg7"": {""accuracy"": 50.0, ""f1_score"": 33.33, ""correct"": 2, ""total"": 4}, ""subtle_gray_stripes_stripe85_bg8"": {""accuracy"": 50.0, ""f1_score"": 33.33, ""correct"": 2, ""total"": 4}, ""subtle_gray_stripes_stripe85_bg9"": {""accuracy"": 50.0, ""f1_score"": 33.33, ""correct"": 2, ""total"": 4}, ""subtle_gray_stripes_stripe86_bg10"": {""accuracy"": 50.0, ""f1_score"": 33.33, ""correct"": 2, ""total"": 4}, ""subtle_gray_stripes_stripe86_bg3"": {""accuracy"": 50.0, ""f1_score"": 33.33, ""correct"": 2, ""total"": 4}, ""subtle_gray_stripes_stripe86_bg4"": {""accuracy"": 50.0, ""f1_score"": 33.33, ""correct"": 2, ""total"": 4}, ""subtle_gray_stripes_stripe86_bg5"": {""accuracy"": 50.0, ""f1_score"": 33.33, ""correct"": 2, ""total"": 4}, ""subtle_gray_stripes_stripe86_bg6"": {""accuracy"": 50.0, ""f1_score"": 33.33, ""correct"": 2, ""total"": 4}, ""subtle_gray_stripes_stripe86_bg7"": {""accuracy"": 50.0, ""f1_score"": 33.33, ""correct"": 2, ""total"": 4}, ""subtle_gray_stripes_stripe86_bg8"": {""accuracy"": 50.0, ""f1_score"": 33.33, ""correct"": 2, ""total"": 4}, ""subtle_gray_stripes_stripe86_bg9"": {""accuracy"": 50.0, ""f1_score"": 33.33, ""correct"": 2, ""total"": 4}, ""subtle_gray_stripes_stripe87_bg10"": {""accuracy"": 50.0, ""f1_score"": 33.33, ""correct"": 2, ""total"": 4}, ""subtle_gray_stripes_stripe87_bg3"": {""accuracy"": 50.0, ""f1_score"": 33.33, ""correct"": 2, ""total"": 4}, ""subtle_gray_stripes_stripe87_bg4"": {""accuracy"": 50.0, ""f1_score"": 33.33, ""correct"": 2, ""total"": 4}, ""subtle_gray_stripes_stripe87_bg5"": {""accuracy"": 50.0, ""f1_score"": 33.33, ""correct"": 2, ""total"": 4}, ""subtle_gray_stripes_stripe87_bg6"": {""accuracy"": 50.0, ""f1_score"": 33.33, ""correct"": 2, ""total"": 4}, ""subtle_gray_stripes_stripe87_bg7"": {""accuracy"": 50.0, ""f1_score"": 33.33, ""correct"": 2, ""total"": 4}, ""subtle_gray_stripes_stripe87_bg8"": {""accuracy"": 50.0, ""f1_score"": 33.33, ""correct"": 2, ""total"": 4}, ""subtle_gray_stripes_stripe87_bg9"": {""accuracy"": 50.0, ""f1_score"": 33.33, ""correct"": 2, ""total"": 4}, ""subtle_gray_stripes_stripe88_bg10"": {""accuracy"": 50.0, ""f1_score"": 33.33, ""correct"": 2, ""total"": 4}, ""subtle_gray_stripes_stripe88_bg3"": {""accuracy"": 50.0, ""f1_score"": 33.33, ""correct"": 2, ""total"": 4}, ""subtle_gray_stripes_stripe88_bg4"": {""accuracy"": 50.0, ""f1_score"": 33.33, ""correct"": 2, ""total"": 4}, ""subtle_gray_stripes_stripe88_bg5"": {""accuracy"": 50.0, ""f1_score"": 33.33, ""correct"": 2, ""total"": 4}, ""subtle_gray_stripes_stripe88_bg6"": {""accuracy"": 50.0, ""f1_score"": 33.33, ""correct"": 2, ""total"": 4}, ""subtle_gray_stripes_stripe88_bg7"": {""accuracy"": 50.0, ""f1_score"": 33.33, ""correct"": 2, ""total"": 4}, ""subtle_gray_stripes_stripe88_bg8"": {""accuracy"": 50.0, ""f1_score"": 33.33, ""correct"": 2, ""total"": 4}, ""subtle_gray_stripes_stripe88_bg9"": {""accuracy"": 50.0, ""f1_score"": 33.33, ""correct"": 2, ""total"": 4}, ""subtle_gray_stripes_stripe89_bg10"": {""accuracy"": 50.0, ""f1_score"": 33.33, ""correct"": 2, ""total"": 4}, ""subtle_gray_stripes_stripe89_bg3"": {""accuracy"": 50.0, ""f1_score"": 33.33, ""correct"": 2, ""total"": 4}, ""subtle_gray_stripes_stripe89_bg4"": {""accuracy"": 50.0, ""f1_score"": 33.33, ""correct"": 2, ""total"": 4}, ""subtle_gray_stripes_stripe89_bg5"": {""accuracy"": 50.0, ""f1_score"": 33.33, ""correct"": 2, ""total"": 4}, ""subtle_gray_stripes_stripe89_bg6"": {""accuracy"": 50.0, ""f1_score"": 33.33, ""correct"": 2, ""total"": 4}, ""subtle_gray_stripes_stripe89_bg7"": {""accuracy"": 50.0, ""f1_score"": 33.33, ""correct"": 2, ""total"": 4}, ""subtle_gray_stripes_stripe89_bg8"": {""accuracy"": 50.0, ""f1_score"": 33.33, ""correct"": 2, ""total"": 4}, ""subtle_gray_stripes_stripe89_bg9"": {""accuracy"": 50.0, ""f1_score"": 33.33, ""correct"": 2, ""total"": 4}, ""subtle_gray_stripes_stripe90_bg10"": {""accuracy"": 50.0, ""f1_score"": 33.33, ""correct"": 2, ""total"": 4}, ""subtle_gray_stripes_stripe90_bg3"": {""accuracy"": 50.0, ""f1_score"": 33.33, ""correct"": 2, ""total"": 4}, ""subtle_gray_stripes_stripe90_bg4"": {""accuracy"": 50.0, ""f1_score"": 33.33, ""correct"": 2, ""total"": 4}, ""subtle_gray_stripes_stripe90_bg5"": {""accuracy"": 50.0, ""f1_score"": 33.33, ""correct"": 2, ""total"": 4}, ""subtle_gray_stripes_stripe90_bg6"": {""accuracy"": 50.0, ""f1_score"": 33.33, ""correct"": 2, ""total"": 4}, ""subtle_gray_stripes_stripe90_bg7"": {""accuracy"": 50.0, ""f1_score"": 33.33, ""correct"": 2, ""total"": 4}, ""subtle_gray_stripes_stripe90_bg8"": {""accuracy"": 50.0, ""f1_score"": 33.33, ""correct"": 2, ""total"": 4}, ""subtle_gray_stripes_stripe90_bg9"": {""accuracy"": 50.0, ""f1_score"": 33.33, ""correct"": 2, ""total"": 4}}","{""angle0"": {""accuracy"": 50.0, ""f1_score"": 33.33, ""correct"": 64, ""total"": 128}, ""angle30"": {""accuracy"": 50.0, ""f1_score"": 33.33, ""correct"": 64, ""total"": 128}}","{""subtle_gray_stripes_stripe83_bg10"": {""accuracy"": 50.0, ""f1_score"": 33.33, ""correct"": 2, ""total"": 4}, ""subtle_gray_stripes_stripe83_bg3"": {""accuracy"": 50.0, ""f1_score"": 33.33, ""correct"": 2, ""total"": 4}, ""subtle_gray_stripes_stripe83_bg4"": {""accuracy"": 50.0, ""f1_score"": 33.33, ""correct"": 2, ""total"": 4}, ""subtle_gray_stripes_stripe83_bg5"": {""accuracy"": 50.0, ""f1_score"": 33.33, ""correct"": 2, ""total"": 4}, ""subtle_gray_stripes_stripe83_bg6"": {""accuracy"": 50.0, ""f1_score"": 33.33, ""correct"": 2, ""total"": 4}, ""subtle_gray_stripes_stripe83_bg7"": {""accuracy"": 50.0, ""f1_score"": 33.33, ""correct"": 2, ""total"": 4}, ""subtle_gray_stripes_stripe83_bg8"": {""accuracy"": 50.0, ""f1_score"": 33.33, ""correct"": 2, ""total"": 4}, ""subtle_gray_stripes_stripe83_bg9"": {""accuracy"": 50.0, ""f1_score"": 33.33, ""correct"": 2, ""total"": 4}, ""subtle_gray_stripes_stripe84_bg10"": {""accuracy"": 50.0, ""f1_score"": 33.33, ""correct"": 2, ""total"": 4}, ""subtle_gray_stripes_stripe84_bg3"": {""accuracy"": 50.0, ""f1_score"": 33.33, ""correct"": 2, ""total"": 4}, ""subtle_gray_stripes_stripe84_bg4"": {""accuracy"": 50.0, ""f1_score"": 33.33, ""correct"": 2, ""total"": 4}, ""subtle_gray_stripes_stripe84_bg5"": {""accuracy"": 50.0, ""f1_score"": 33.33, ""correct"": 2, ""total"": 4}, ""subtle_gray_stripes_stripe84_bg6"": {""accuracy"": 50.0, ""f1_score"": 33.33, ""correct"": 2, ""total"": 4}, ""subtle_gray_stripes_stripe84_bg7"": {""accuracy"": 50.0, ""f1_score"": 33.33, ""correct"": 2, ""total"": 4}, ""subtle_gray_stripes_stripe84_bg8"": {""accuracy"": 50.0, ""f1_score"": 33.33, ""correct"": 2, ""total"": 4}, ""subtle_gray_stripes_stripe84_bg9"": {""accuracy"": 50.0, ""f1_score"": 33.33, ""correct"": 2, ""total"": 4}, ""subtle_gray_stripes_stripe85_bg10"": {""accuracy"": 50.0, ""f1_score"": 33.33, ""correct"": 2, ""total"": 4}, ""subtle_gray_stripes_stripe85_bg3"": {""accuracy"": 50.0, ""f1_score"": 33.33, ""correct"": 2, ""total"": 4}, ""subtle_gray_stripes_stripe85_bg4"": {""accuracy"": 50.0, ""f1_score"": 33.33, ""correct"": 2, ""total"": 4}, ""subtle_gray_stripes_stripe85_bg5"": {""accuracy"": 50.0, ""f1_score"": 33.33, ""correct"": 2, ""total"": 4}, ""subtle_gray_stripes_stripe85_bg6"": {""accuracy"": 50.0, ""f1_score"": 33.33, ""correct"": 2, ""total"": 4}, ""subtle_gray_stripes_stripe85_bg7"": {""accuracy"": 50.0, ""f1_score"": 33.33, ""correct"": 2, ""total"": 4}, ""subtle_gray_stripes_stripe85_bg8"": {""accuracy"": 50.0, ""f1_score"": 33.33, ""correct"": 2, ""total"": 4}, ""subtle_gray_stripes_stripe85_bg9"": {""accuracy"": 50.0, ""f1_score"": 33.33, ""correct"": 2, ""total"": 4}, ""subtle_gray_stripes_stripe86_bg10"": {""accuracy"": 50.0, ""f1_score"": 33.33, ""correct"": 2, ""total"": 4}, ""subtle_gray_stripes_stripe86_bg3"": {""accuracy"": 50.0, ""f1_score"": 33.33, ""correct"": 2, ""total"": 4}, ""subtle_gray_stripes_stripe86_bg4"": {""accuracy"": 50.0, ""f1_score"": 33.33, ""correct"": 2, ""total"": 4}, ""subtle_gray_stripes_stripe86_bg5"": {""accuracy"": 50.0, ""f1_score"": 33.33, ""correct"": 2, ""total"": 4}, ""subtle_gray_stripes_stripe86_bg6"": {""accuracy"": 50.0, ""f1_score"": 33.33, ""correct"": 2, ""total"": 4}, ""subtle_gray_stripes_stripe86_bg7"": {""accuracy"": 50.0, ""f1_score"": 33.33, ""correct"": 2, ""total"": 4}, ""subtle_gray_stripes_stripe86_bg8"": {""accuracy"": 50.0, ""f1_score"": 33.33, ""correct"": 2, ""total"": 4}, ""subtle_gray_stripes_stripe86_bg9"": {""accuracy"": 50.0, ""f1_score"": 33.33, ""correct"": 2, ""total"": 4}, ""subtle_gray_stripes_stripe87_bg10"": {""accuracy"": 50.0, ""f1_score"": 33.33, ""correct"": 2, ""total"": 4}, ""subtle_gray_stripes_stripe87_bg3"": {""accuracy"": 50.0, ""f1_score"": 33.33, ""correct"": 2, ""total"": 4}, ""subtle_gray_stripes_stripe87_bg4"": {""accuracy"": 50.0, ""f1_score"": 33.33, ""correct"": 2, ""total"": 4}, ""subtle_gray_stripes_stripe87_bg5"": {""accuracy"": 50.0, ""f1_score"": 33.33, ""correct"": 2, ""total"": 4}, ""subtle_gray_stripes_stripe87_bg6"": {""accuracy"": 50.0, ""f1_score"": 33.33, ""correct"": 2, ""total"": 4}, ""subtle_gray_stripes_stripe87_bg7"": {""accuracy"": 50.0, ""f1_score"": 33.33, ""correct"": 2, ""total"": 4}, ""subtle_gray_stripes_stripe87_bg8"": {""accuracy"": 50.0, ""f1_score"": 33.33, ""correct"": 2, ""total"": 4}, ""subtle_gray_stripes_stripe87_bg9"": {""accuracy"": 50.0, ""f1_score"": 33.33, ""correct"": 2, ""total"": 4}, ""subtle_gray_stripes_stripe88_bg10"": {""accuracy"": 50.0, ""f1_score"": 33.33, ""correct"": 2, ""total"": 4}, ""subtle_gray_stripes_stripe88_bg3"": {""accuracy"": 50.0, ""f1_score"": 33.33, ""correct"": 2, ""total"": 4}, ""subtle_gray_stripes_stripe88_bg4"": {""accuracy"": 50.0, ""f1_score"": 33.33, ""correct"": 2, ""total"": 4}, ""subtle_gray_stripes_stripe88_bg5"": {""accuracy"": 50.0, ""f1_score"": 33.33, ""correct"": 2, ""total"": 4}, ""subtle_gray_stripes_stripe88_bg6"": {""accuracy"": 50.0, ""f1_score"": 33.33, ""correct"": 2, ""total"": 4}, ""subtle_gray_stripes_stripe88_bg7"": {""accuracy"": 50.0, ""f1_score"": 33.33, ""correct"": 2, ""total"": 4}, ""subtle_gray_stripes_stripe88_bg8"": {""accuracy"": 50.0, ""f1_score"": 33.33, ""correct"": 2, ""total"": 4}, ""subtle_gray_stripes_stripe88_bg9"": {""accuracy"": 50.0, ""f1_score"": 33.33, ""correct"": 2, ""total"": 4}, ""subtle_gray_stripes_stripe89_bg10"": {""accuracy"": 50.0, ""f1_score"": 33.33, ""correct"": 2, ""total"": 4}, ""subtle_gray_stripes_stripe89_bg3"": {""accuracy"": 50.0, ""f1_score"": 33.33, ""correct"": 2, ""total"": 4}, ""subtle_gray_stripes_stripe89_bg4"": {""accuracy"": 50.0, ""f1_score"": 33.33, ""correct"": 2, ""total"": 4}, ""subtle_gray_stripes_stripe89_bg5"": {""accuracy"": 50.0, ""f1_score"": 33.33, ""correct"": 2, ""total"": 4}, ""subtle_gray_stripes_stripe89_bg6"": {""accuracy"": 50.0, ""f1_score"": 33.33, ""correct"": 2, ""total"": 4}, ""subtle_gray_stripes_stripe89_bg7"": {""accuracy"": 50.0, ""f1_score"": 33.33, ""correct"": 2, ""total"": 4}, ""subtle_gray_stripes_stripe89_bg8"": {""accuracy"": 50.0, ""f1_score"": 33.33, ""correct"": 2, ""total"": 4}, ""subtle_gray_stripes_stripe89_bg9"": {""accuracy"": 50.0, ""f1_score"": 33.33, ""correct"": 2, ""total"": 4}, ""subtle_gray_stripes_stripe90_bg10"": {""accuracy"": 50.0, ""f1_score"": 33.33, ""correct"": 2, ""total"": 4}, ""subtle_gray_stripes_stripe90_bg3"": {""accuracy"": 50.0, ""f1_score"": 33.33, ""correct"": 2, ""total"": 4}, ""subtle_gray_stripes_stripe90_bg4"": {""accuracy"": 50.0, ""f1_score"": 33.33, ""correct"": 2, ""total"": 4}, ""subtle_gray_stripes_stripe90_bg5"": {""accuracy"": 50.0, ""f1_score"": 33.33, ""correct"": 2, ""total"": 4}, ""subtle_gray_stripes_stripe90_bg6"": {""accuracy"": 50.0, ""f1_score"": 33.33, ""correct"": 2, ""total"": 4}, ""subtle_gray_stripes_stripe90_bg7"": {""accuracy"": 50.0, ""f1_score"": 33.33, ""correct"": 2, ""total"": 4}, ""subtle_gray_stripes_stripe90_bg8"": {""accuracy"": 50.0, ""f1_score"": 33.33, ""correct"": 2, ""total"": 4}, ""subtle_gray_stripes_stripe90_bg9"": {""accuracy"": 50.0, ""f1_score"": 33.33, ""correct"": 2, ""total"": 4}}",LORA - WRONG EVAL,,,TRUE
33,12/3/2025 18:41,20251203_184139,_exp_20251203_153238,_exp_20251203_153238_train,_exp_20251203_153238_test,100,1,42,subtle_gray_stripes,"left,right,up,down","0.0,15.0,30.0,45.0","0.0,30.0",640x480,4,12,0,1,none,1,0,0,0.1,10,60,"228,229,230,231","120,121,122,123",0,FALSE,,,,,FALSE,,,,FALSE,subtle_gray_stripes,"left,right,up,down","0.0,15.0,30.0,45.0","0.0,14.0",640x480,4,12,0,1,none,1,0,0,0.1,10,60,"83,84,85,86,87,88,89,90","3,4,5,6,7,8,9,10",0,FALSE,,,,,FALSE,,,,FALSE,Qwen/Qwen2.5-VL-3B-Instruct,qwen2_vl,saves/qwen2vl-treadmill-lora-pipeline,8,16,0.05,8192,14,1,5.00E-05,7,cosine,0.1,FALSE,TRUE,4,10,100,100,128,1024,4,128,0.8,TRUE,FALSE,FALSE,FALSE,skipped,completed,completed,50,33.33,0,0,25,50,0,128,128,128,99.22,99.22,0,0,99.23,99.22,128,128,126,128,"{""subtle_gray_stripes_stripe83_bg10"": {""accuracy"": 50.0, ""f1_score"": 33.33, ""correct"": 2, ""total"": 4}, ""subtle_gray_stripes_stripe83_bg3"": {""accuracy"": 50.0, ""f1_score"": 33.33, ""correct"": 2, ""total"": 4}, ""subtle_gray_stripes_stripe83_bg4"": {""accuracy"": 50.0, ""f1_score"": 33.33, ""correct"": 2, ""total"": 4}, ""subtle_gray_stripes_stripe83_bg5"": {""accuracy"": 50.0, ""f1_score"": 33.33, ""correct"": 2, ""total"": 4}, ""subtle_gray_stripes_stripe83_bg6"": {""accuracy"": 50.0, ""f1_score"": 33.33, ""correct"": 2, ""total"": 4}, ""subtle_gray_stripes_stripe83_bg7"": {""accuracy"": 50.0, ""f1_score"": 33.33, ""correct"": 2, ""total"": 4}, ""subtle_gray_stripes_stripe83_bg8"": {""accuracy"": 50.0, ""f1_score"": 33.33, ""correct"": 2, ""total"": 4}, ""subtle_gray_stripes_stripe83_bg9"": {""accuracy"": 50.0, ""f1_score"": 33.33, ""correct"": 2, ""total"": 4}, ""subtle_gray_stripes_stripe84_bg10"": {""accuracy"": 50.0, ""f1_score"": 33.33, ""correct"": 2, ""total"": 4}, ""subtle_gray_stripes_stripe84_bg3"": {""accuracy"": 50.0, ""f1_score"": 33.33, ""correct"": 2, ""total"": 4}, ""subtle_gray_stripes_stripe84_bg4"": {""accuracy"": 50.0, ""f1_score"": 33.33, ""correct"": 2, ""total"": 4}, ""subtle_gray_stripes_stripe84_bg5"": {""accuracy"": 50.0, ""f1_score"": 33.33, ""correct"": 2, ""total"": 4}, ""subtle_gray_stripes_stripe84_bg6"": {""accuracy"": 50.0, ""f1_score"": 33.33, ""correct"": 2, ""total"": 4}, ""subtle_gray_stripes_stripe84_bg7"": {""accuracy"": 50.0, ""f1_score"": 33.33, ""correct"": 2, ""total"": 4}, ""subtle_gray_stripes_stripe84_bg8"": {""accuracy"": 50.0, ""f1_score"": 33.33, ""correct"": 2, ""total"": 4}, ""subtle_gray_stripes_stripe84_bg9"": {""accuracy"": 50.0, ""f1_score"": 33.33, ""correct"": 2, ""total"": 4}, ""subtle_gray_stripes_stripe85_bg10"": {""accuracy"": 50.0, ""f1_score"": 33.33, ""correct"": 2, ""total"": 4}, ""subtle_gray_stripes_stripe85_bg3"": {""accuracy"": 50.0, ""f1_score"": 33.33, ""correct"": 2, ""total"": 4}, ""subtle_gray_stripes_stripe85_bg4"": {""accuracy"": 50.0, ""f1_score"": 33.33, ""correct"": 2, ""total"": 4}, ""subtle_gray_stripes_stripe85_bg5"": {""accuracy"": 50.0, ""f1_score"": 33.33, ""correct"": 2, ""total"": 4}, ""subtle_gray_stripes_stripe85_bg6"": {""accuracy"": 50.0, ""f1_score"": 33.33, ""correct"": 2, ""total"": 4}, ""subtle_gray_stripes_stripe85_bg7"": {""accuracy"": 50.0, ""f1_score"": 33.33, ""correct"": 2, ""total"": 4}, ""subtle_gray_stripes_stripe85_bg8"": {""accuracy"": 50.0, ""f1_score"": 33.33, ""correct"": 2, ""total"": 4}, ""subtle_gray_stripes_stripe85_bg9"": {""accuracy"": 50.0, ""f1_score"": 33.33, ""correct"": 2, ""total"": 4}, ""subtle_gray_stripes_stripe86_bg10"": {""accuracy"": 50.0, ""f1_score"": 33.33, ""correct"": 2, ""total"": 4}, ""subtle_gray_stripes_stripe86_bg3"": {""accuracy"": 50.0, ""f1_score"": 33.33, ""correct"": 2, ""total"": 4}, ""subtle_gray_stripes_stripe86_bg4"": {""accuracy"": 50.0, ""f1_score"": 33.33, ""correct"": 2, ""total"": 4}, ""subtle_gray_stripes_stripe86_bg5"": {""accuracy"": 50.0, ""f1_score"": 33.33, ""correct"": 2, ""total"": 4}, ""subtle_gray_stripes_stripe86_bg6"": {""accuracy"": 50.0, ""f1_score"": 33.33, ""correct"": 2, ""total"": 4}, ""subtle_gray_stripes_stripe86_bg7"": {""accuracy"": 50.0, ""f1_score"": 33.33, ""correct"": 2, ""total"": 4}, ""subtle_gray_stripes_stripe86_bg8"": {""accuracy"": 50.0, ""f1_score"": 33.33, ""correct"": 2, ""total"": 4}, ""subtle_gray_stripes_stripe86_bg9"": {""accuracy"": 50.0, ""f1_score"": 33.33, ""correct"": 2, ""total"": 4}, ""subtle_gray_stripes_stripe87_bg10"": {""accuracy"": 50.0, ""f1_score"": 33.33, ""correct"": 2, ""total"": 4}, ""subtle_gray_stripes_stripe87_bg3"": {""accuracy"": 50.0, ""f1_score"": 33.33, ""correct"": 2, ""total"": 4}, ""subtle_gray_stripes_stripe87_bg4"": {""accuracy"": 50.0, ""f1_score"": 33.33, ""correct"": 2, ""total"": 4}, ""subtle_gray_stripes_stripe87_bg5"": {""accuracy"": 50.0, ""f1_score"": 33.33, ""correct"": 2, ""total"": 4}, ""subtle_gray_stripes_stripe87_bg6"": {""accuracy"": 50.0, ""f1_score"": 33.33, ""correct"": 2, ""total"": 4}, ""subtle_gray_stripes_stripe87_bg7"": {""accuracy"": 50.0, ""f1_score"": 33.33, ""correct"": 2, ""total"": 4}, ""subtle_gray_stripes_stripe87_bg8"": {""accuracy"": 50.0, ""f1_score"": 33.33, ""correct"": 2, ""total"": 4}, ""subtle_gray_stripes_stripe87_bg9"": {""accuracy"": 50.0, ""f1_score"": 33.33, ""correct"": 2, ""total"": 4}, ""subtle_gray_stripes_stripe88_bg10"": {""accuracy"": 50.0, ""f1_score"": 33.33, ""correct"": 2, ""total"": 4}, ""subtle_gray_stripes_stripe88_bg3"": {""accuracy"": 50.0, ""f1_score"": 33.33, ""correct"": 2, ""total"": 4}, ""subtle_gray_stripes_stripe88_bg4"": {""accuracy"": 50.0, ""f1_score"": 33.33, ""correct"": 2, ""total"": 4}, ""subtle_gray_stripes_stripe88_bg5"": {""accuracy"": 50.0, ""f1_score"": 33.33, ""correct"": 2, ""total"": 4}, ""subtle_gray_stripes_stripe88_bg6"": {""accuracy"": 50.0, ""f1_score"": 33.33, ""correct"": 2, ""total"": 4}, ""subtle_gray_stripes_stripe88_bg7"": {""accuracy"": 50.0, ""f1_score"": 33.33, ""correct"": 2, ""total"": 4}, ""subtle_gray_stripes_stripe88_bg8"": {""accuracy"": 50.0, ""f1_score"": 33.33, ""correct"": 2, ""total"": 4}, ""subtle_gray_stripes_stripe88_bg9"": {""accuracy"": 50.0, ""f1_score"": 33.33, ""correct"": 2, ""total"": 4}, ""subtle_gray_stripes_stripe89_bg10"": {""accuracy"": 50.0, ""f1_score"": 33.33, ""correct"": 2, ""total"": 4}, ""subtle_gray_stripes_stripe89_bg3"": {""accuracy"": 50.0, ""f1_score"": 33.33, ""correct"": 2, ""total"": 4}, ""subtle_gray_stripes_stripe89_bg4"": {""accuracy"": 50.0, ""f1_score"": 33.33, ""correct"": 2, ""total"": 4}, ""subtle_gray_stripes_stripe89_bg5"": {""accuracy"": 50.0, ""f1_score"": 33.33, ""correct"": 2, ""total"": 4}, ""subtle_gray_stripes_stripe89_bg6"": {""accuracy"": 50.0, ""f1_score"": 33.33, ""correct"": 2, ""total"": 4}, ""subtle_gray_stripes_stripe89_bg7"": {""accuracy"": 50.0, ""f1_score"": 33.33, ""correct"": 2, ""total"": 4}, ""subtle_gray_stripes_stripe89_bg8"": {""accuracy"": 50.0, ""f1_score"": 33.33, ""correct"": 2, ""total"": 4}, ""subtle_gray_stripes_stripe89_bg9"": {""accuracy"": 50.0, ""f1_score"": 33.33, ""correct"": 2, ""total"": 4}, ""subtle_gray_stripes_stripe90_bg10"": {""accuracy"": 50.0, ""f1_score"": 33.33, ""correct"": 2, ""total"": 4}, ""subtle_gray_stripes_stripe90_bg3"": {""accuracy"": 50.0, ""f1_score"": 33.33, ""correct"": 2, ""total"": 4}, ""subtle_gray_stripes_stripe90_bg4"": {""accuracy"": 50.0, ""f1_score"": 33.33, ""correct"": 2, ""total"": 4}, ""subtle_gray_stripes_stripe90_bg5"": {""accuracy"": 50.0, ""f1_score"": 33.33, ""correct"": 2, ""total"": 4}, ""subtle_gray_stripes_stripe90_bg6"": {""accuracy"": 50.0, ""f1_score"": 33.33, ""correct"": 2, ""total"": 4}, ""subtle_gray_stripes_stripe90_bg7"": {""accuracy"": 50.0, ""f1_score"": 33.33, ""correct"": 2, ""total"": 4}, ""subtle_gray_stripes_stripe90_bg8"": {""accuracy"": 50.0, ""f1_score"": 33.33, ""correct"": 2, ""total"": 4}, ""subtle_gray_stripes_stripe90_bg9"": {""accuracy"": 50.0, ""f1_score"": 33.33, ""correct"": 2, ""total"": 4}}","{""angle0"": {""accuracy"": 50.0, ""f1_score"": 33.33, ""correct"": 64, ""total"": 128}, ""angle30"": {""accuracy"": 50.0, ""f1_score"": 33.33, ""correct"": 64, ""total"": 128}}","{""subtle_gray_stripes_stripe83_bg10"": {""accuracy"": 100.0, ""f1_score"": 100.0, ""correct"": 4, ""total"": 4}, ""subtle_gray_stripes_stripe83_bg3"": {""accuracy"": 100.0, ""f1_score"": 100.0, ""correct"": 4, ""total"": 4}, ""subtle_gray_stripes_stripe83_bg4"": {""accuracy"": 100.0, ""f1_score"": 100.0, ""correct"": 4, ""total"": 4}, ""subtle_gray_stripes_stripe83_bg5"": {""accuracy"": 100.0, ""f1_score"": 100.0, ""correct"": 4, ""total"": 4}, ""subtle_gray_stripes_stripe83_bg6"": {""accuracy"": 100.0, ""f1_score"": 100.0, ""correct"": 4, ""total"": 4}, ""subtle_gray_stripes_stripe83_bg7"": {""accuracy"": 100.0, ""f1_score"": 100.0, ""correct"": 4, ""total"": 4}, ""subtle_gray_stripes_stripe83_bg8"": {""accuracy"": 100.0, ""f1_score"": 100.0, ""correct"": 4, ""total"": 4}, ""subtle_gray_stripes_stripe83_bg9"": {""accuracy"": 100.0, ""f1_score"": 100.0, ""correct"": 4, ""total"": 4}, ""subtle_gray_stripes_stripe84_bg10"": {""accuracy"": 100.0, ""f1_score"": 100.0, ""correct"": 4, ""total"": 4}, ""subtle_gray_stripes_stripe84_bg3"": {""accuracy"": 100.0, ""f1_score"": 100.0, ""correct"": 4, ""total"": 4}, ""subtle_gray_stripes_stripe84_bg4"": {""accuracy"": 100.0, ""f1_score"": 100.0, ""correct"": 4, ""total"": 4}, ""subtle_gray_stripes_stripe84_bg5"": {""accuracy"": 100.0, ""f1_score"": 100.0, ""correct"": 4, ""total"": 4}, ""subtle_gray_stripes_stripe84_bg6"": {""accuracy"": 100.0, ""f1_score"": 100.0, ""correct"": 4, ""total"": 4}, ""subtle_gray_stripes_stripe84_bg7"": {""accuracy"": 100.0, ""f1_score"": 100.0, ""correct"": 4, ""total"": 4}, ""subtle_gray_stripes_stripe84_bg8"": {""accuracy"": 100.0, ""f1_score"": 100.0, ""correct"": 4, ""total"": 4}, ""subtle_gray_stripes_stripe84_bg9"": {""accuracy"": 100.0, ""f1_score"": 100.0, ""correct"": 4, ""total"": 4}, ""subtle_gray_stripes_stripe85_bg10"": {""accuracy"": 100.0, ""f1_score"": 100.0, ""correct"": 4, ""total"": 4}, ""subtle_gray_stripes_stripe85_bg3"": {""accuracy"": 100.0, ""f1_score"": 100.0, ""correct"": 4, ""total"": 4}, ""subtle_gray_stripes_stripe85_bg4"": {""accuracy"": 100.0, ""f1_score"": 100.0, ""correct"": 4, ""total"": 4}, ""subtle_gray_stripes_stripe85_bg5"": {""accuracy"": 100.0, ""f1_score"": 100.0, ""correct"": 4, ""total"": 4}, ""subtle_gray_stripes_stripe85_bg6"": {""accuracy"": 100.0, ""f1_score"": 100.0, ""correct"": 4, ""total"": 4}, ""subtle_gray_stripes_stripe85_bg7"": {""accuracy"": 100.0, ""f1_score"": 100.0, ""correct"": 4, ""total"": 4}, ""subtle_gray_stripes_stripe85_bg8"": {""accuracy"": 100.0, ""f1_score"": 100.0, ""correct"": 4, ""total"": 4}, ""subtle_gray_stripes_stripe85_bg9"": {""accuracy"": 100.0, ""f1_score"": 100.0, ""correct"": 4, ""total"": 4}, ""subtle_gray_stripes_stripe86_bg10"": {""accuracy"": 100.0, ""f1_score"": 100.0, ""correct"": 4, ""total"": 4}, ""subtle_gray_stripes_stripe86_bg3"": {""accuracy"": 100.0, ""f1_score"": 100.0, ""correct"": 4, ""total"": 4}, ""subtle_gray_stripes_stripe86_bg4"": {""accuracy"": 100.0, ""f1_score"": 100.0, ""correct"": 4, ""total"": 4}, ""subtle_gray_stripes_stripe86_bg5"": {""accuracy"": 100.0, ""f1_score"": 100.0, ""correct"": 4, ""total"": 4}, ""subtle_gray_stripes_stripe86_bg6"": {""accuracy"": 100.0, ""f1_score"": 100.0, ""correct"": 4, ""total"": 4}, ""subtle_gray_stripes_stripe86_bg7"": {""accuracy"": 100.0, ""f1_score"": 100.0, ""correct"": 4, ""total"": 4}, ""subtle_gray_stripes_stripe86_bg8"": {""accuracy"": 100.0, ""f1_score"": 100.0, ""correct"": 4, ""total"": 4}, ""subtle_gray_stripes_stripe86_bg9"": {""accuracy"": 100.0, ""f1_score"": 100.0, ""correct"": 4, ""total"": 4}, ""subtle_gray_stripes_stripe87_bg10"": {""accuracy"": 75.0, ""f1_score"": 73.33, ""correct"": 3, ""total"": 4}, ""subtle_gray_stripes_stripe87_bg3"": {""accuracy"": 100.0, ""f1_score"": 100.0, ""correct"": 4, ""total"": 4}, ""subtle_gray_stripes_stripe87_bg4"": {""accuracy"": 100.0, ""f1_score"": 100.0, ""correct"": 4, ""total"": 4}, ""subtle_gray_stripes_stripe87_bg5"": {""accuracy"": 75.0, ""f1_score"": 73.33, ""correct"": 3, ""total"": 4}, ""subtle_gray_stripes_stripe87_bg6"": {""accuracy"": 100.0, ""f1_score"": 100.0, ""correct"": 4, ""total"": 4}, ""subtle_gray_stripes_stripe87_bg7"": {""accuracy"": 100.0, ""f1_score"": 100.0, ""correct"": 4, ""total"": 4}, ""subtle_gray_stripes_stripe87_bg8"": {""accuracy"": 100.0, ""f1_score"": 100.0, ""correct"": 4, ""total"": 4}, ""subtle_gray_stripes_stripe87_bg9"": {""accuracy"": 100.0, ""f1_score"": 100.0, ""correct"": 4, ""total"": 4}, ""subtle_gray_stripes_stripe88_bg10"": {""accuracy"": 100.0, ""f1_score"": 100.0, ""correct"": 4, ""total"": 4}, ""subtle_gray_stripes_stripe88_bg3"": {""accuracy"": 100.0, ""f1_score"": 100.0, ""correct"": 4, ""total"": 4}, ""subtle_gray_stripes_stripe88_bg4"": {""accuracy"": 100.0, ""f1_score"": 100.0, ""correct"": 4, ""total"": 4}, ""subtle_gray_stripes_stripe88_bg5"": {""accuracy"": 100.0, ""f1_score"": 100.0, ""correct"": 4, ""total"": 4}, ""subtle_gray_stripes_stripe88_bg6"": {""accuracy"": 100.0, ""f1_score"": 100.0, ""correct"": 4, ""total"": 4}, ""subtle_gray_stripes_stripe88_bg7"": {""accuracy"": 100.0, ""f1_score"": 100.0, ""correct"": 4, ""total"": 4}, ""subtle_gray_stripes_stripe88_bg8"": {""accuracy"": 100.0, ""f1_score"": 100.0, ""correct"": 4, ""total"": 4}, ""subtle_gray_stripes_stripe88_bg9"": {""accuracy"": 100.0, ""f1_score"": 100.0, ""correct"": 4, ""total"": 4}, ""subtle_gray_stripes_stripe89_bg10"": {""accuracy"": 100.0, ""f1_score"": 100.0, ""correct"": 4, ""total"": 4}, ""subtle_gray_stripes_stripe89_bg3"": {""accuracy"": 100.0, ""f1_score"": 100.0, ""correct"": 4, ""total"": 4}, ""subtle_gray_stripes_stripe89_bg4"": {""accuracy"": 100.0, ""f1_score"": 100.0, ""correct"": 4, ""total"": 4}, ""subtle_gray_stripes_stripe89_bg5"": {""accuracy"": 100.0, ""f1_score"": 100.0, ""correct"": 4, ""total"": 4}, ""subtle_gray_stripes_stripe89_bg6"": {""accuracy"": 100.0, ""f1_score"": 100.0, ""correct"": 4, ""total"": 4}, ""subtle_gray_stripes_stripe89_bg7"": {""accuracy"": 100.0, ""f1_score"": 100.0, ""correct"": 4, ""total"": 4}, ""subtle_gray_stripes_stripe89_bg8"": {""accuracy"": 100.0, ""f1_score"": 100.0, ""correct"": 4, ""total"": 4}, ""subtle_gray_stripes_stripe89_bg9"": {""accuracy"": 100.0, ""f1_score"": 100.0, ""correct"": 4, ""total"": 4}, ""subtle_gray_stripes_stripe90_bg10"": {""accuracy"": 100.0, ""f1_score"": 100.0, ""correct"": 4, ""total"": 4}, ""subtle_gray_stripes_stripe90_bg3"": {""accuracy"": 100.0, ""f1_score"": 100.0, ""correct"": 4, ""total"": 4}, ""subtle_gray_stripes_stripe90_bg4"": {""accuracy"": 100.0, ""f1_score"": 100.0, ""correct"": 4, ""total"": 4}, ""subtle_gray_stripes_stripe90_bg5"": {""accuracy"": 100.0, ""f1_score"": 100.0, ""correct"": 4, ""total"": 4}, ""subtle_gray_stripes_stripe90_bg6"": {""accuracy"": 100.0, ""f1_score"": 100.0, ""correct"": 4, ""total"": 4}, ""subtle_gray_stripes_stripe90_bg7"": {""accuracy"": 100.0, ""f1_score"": 100.0, ""correct"": 4, ""total"": 4}, ""subtle_gray_stripes_stripe90_bg8"": {""accuracy"": 100.0, ""f1_score"": 100.0, ""correct"": 4, ""total"": 4}, ""subtle_gray_stripes_stripe90_bg9"": {""accuracy"": 100.0, ""f1_score"": 100.0, ""correct"": 4, ""total"": 4}}",DORA,,,TRUE
34,12/3/2025 19:09,20251203_190959,_exp_20251203_153238,_exp_20251203_153238_train,_exp_20251203_153238_test,100,1,42,subtle_gray_stripes,"left,right,up,down","0.0,15.0,30.0,45.0","0.0,30.0",640x480,4,12,0,1,none,1,0,0,0.1,10,60,"228,229,230,231","120,121,122,123",0,FALSE,,,,,FALSE,,,,FALSE,subtle_gray_stripes,"left,right,up,down","0.0,15.0,30.0,45.0","0.0,14.0",640x480,4,12,0,1,none,1,0,0,0.1,10,60,"83,84,85,86,87,88,89,90","3,4,5,6,7,8,9,10",0,FALSE,,,,,FALSE,,,,FALSE,Qwen/Qwen2.5-VL-3B-Instruct,qwen2_vl,saves/qwen2vl-treadmill-lora-pipeline,8,16,0.05,8192,1,8,5.00E-05,5,cosine,0.1,FALSE,TRUE,4,10,100,100,128,1024,4,128,0.8,TRUE,TRUE,FALSE,FALSE,skipped,skipped,completed,50,33.33,0,0,25,50,0,128,128,128,50,33.33,0,0,25,50,0,128,128,128,"{""subtle_gray_stripes_stripe83_bg10"": {""accuracy"": 50.0, ""f1_score"": 33.33, ""correct"": 2, ""total"": 4}, ""subtle_gray_stripes_stripe83_bg3"": {""accuracy"": 50.0, ""f1_score"": 33.33, ""correct"": 2, ""total"": 4}, ""subtle_gray_stripes_stripe83_bg4"": {""accuracy"": 50.0, ""f1_score"": 33.33, ""correct"": 2, ""total"": 4}, ""subtle_gray_stripes_stripe83_bg5"": {""accuracy"": 50.0, ""f1_score"": 33.33, ""correct"": 2, ""total"": 4}, ""subtle_gray_stripes_stripe83_bg6"": {""accuracy"": 50.0, ""f1_score"": 33.33, ""correct"": 2, ""total"": 4}, ""subtle_gray_stripes_stripe83_bg7"": {""accuracy"": 50.0, ""f1_score"": 33.33, ""correct"": 2, ""total"": 4}, ""subtle_gray_stripes_stripe83_bg8"": {""accuracy"": 50.0, ""f1_score"": 33.33, ""correct"": 2, ""total"": 4}, ""subtle_gray_stripes_stripe83_bg9"": {""accuracy"": 50.0, ""f1_score"": 33.33, ""correct"": 2, ""total"": 4}, ""subtle_gray_stripes_stripe84_bg10"": {""accuracy"": 50.0, ""f1_score"": 33.33, ""correct"": 2, ""total"": 4}, ""subtle_gray_stripes_stripe84_bg3"": {""accuracy"": 50.0, ""f1_score"": 33.33, ""correct"": 2, ""total"": 4}, ""subtle_gray_stripes_stripe84_bg4"": {""accuracy"": 50.0, ""f1_score"": 33.33, ""correct"": 2, ""total"": 4}, ""subtle_gray_stripes_stripe84_bg5"": {""accuracy"": 50.0, ""f1_score"": 33.33, ""correct"": 2, ""total"": 4}, ""subtle_gray_stripes_stripe84_bg6"": {""accuracy"": 50.0, ""f1_score"": 33.33, ""correct"": 2, ""total"": 4}, ""subtle_gray_stripes_stripe84_bg7"": {""accuracy"": 50.0, ""f1_score"": 33.33, ""correct"": 2, ""total"": 4}, ""subtle_gray_stripes_stripe84_bg8"": {""accuracy"": 50.0, ""f1_score"": 33.33, ""correct"": 2, ""total"": 4}, ""subtle_gray_stripes_stripe84_bg9"": {""accuracy"": 50.0, ""f1_score"": 33.33, ""correct"": 2, ""total"": 4}, ""subtle_gray_stripes_stripe85_bg10"": {""accuracy"": 50.0, ""f1_score"": 33.33, ""correct"": 2, ""total"": 4}, ""subtle_gray_stripes_stripe85_bg3"": {""accuracy"": 50.0, ""f1_score"": 33.33, ""correct"": 2, ""total"": 4}, ""subtle_gray_stripes_stripe85_bg4"": {""accuracy"": 50.0, ""f1_score"": 33.33, ""correct"": 2, ""total"": 4}, ""subtle_gray_stripes_stripe85_bg5"": {""accuracy"": 50.0, ""f1_score"": 33.33, ""correct"": 2, ""total"": 4}, ""subtle_gray_stripes_stripe85_bg6"": {""accuracy"": 50.0, ""f1_score"": 33.33, ""correct"": 2, ""total"": 4}, ""subtle_gray_stripes_stripe85_bg7"": {""accuracy"": 50.0, ""f1_score"": 33.33, ""correct"": 2, ""total"": 4}, ""subtle_gray_stripes_stripe85_bg8"": {""accuracy"": 50.0, ""f1_score"": 33.33, ""correct"": 2, ""total"": 4}, ""subtle_gray_stripes_stripe85_bg9"": {""accuracy"": 50.0, ""f1_score"": 33.33, ""correct"": 2, ""total"": 4}, ""subtle_gray_stripes_stripe86_bg10"": {""accuracy"": 50.0, ""f1_score"": 33.33, ""correct"": 2, ""total"": 4}, ""subtle_gray_stripes_stripe86_bg3"": {""accuracy"": 50.0, ""f1_score"": 33.33, ""correct"": 2, ""total"": 4}, ""subtle_gray_stripes_stripe86_bg4"": {""accuracy"": 50.0, ""f1_score"": 33.33, ""correct"": 2, ""total"": 4}, ""subtle_gray_stripes_stripe86_bg5"": {""accuracy"": 50.0, ""f1_score"": 33.33, ""correct"": 2, ""total"": 4}, ""subtle_gray_stripes_stripe86_bg6"": {""accuracy"": 50.0, ""f1_score"": 33.33, ""correct"": 2, ""total"": 4}, ""subtle_gray_stripes_stripe86_bg7"": {""accuracy"": 50.0, ""f1_score"": 33.33, ""correct"": 2, ""total"": 4}, ""subtle_gray_stripes_stripe86_bg8"": {""accuracy"": 50.0, ""f1_score"": 33.33, ""correct"": 2, ""total"": 4}, ""subtle_gray_stripes_stripe86_bg9"": {""accuracy"": 50.0, ""f1_score"": 33.33, ""correct"": 2, ""total"": 4}, ""subtle_gray_stripes_stripe87_bg10"": {""accuracy"": 50.0, ""f1_score"": 33.33, ""correct"": 2, ""total"": 4}, ""subtle_gray_stripes_stripe87_bg3"": {""accuracy"": 50.0, ""f1_score"": 33.33, ""correct"": 2, ""total"": 4}, ""subtle_gray_stripes_stripe87_bg4"": {""accuracy"": 50.0, ""f1_score"": 33.33, ""correct"": 2, ""total"": 4}, ""subtle_gray_stripes_stripe87_bg5"": {""accuracy"": 50.0, ""f1_score"": 33.33, ""correct"": 2, ""total"": 4}, ""subtle_gray_stripes_stripe87_bg6"": {""accuracy"": 50.0, ""f1_score"": 33.33, ""correct"": 2, ""total"": 4}, ""subtle_gray_stripes_stripe87_bg7"": {""accuracy"": 50.0, ""f1_score"": 33.33, ""correct"": 2, ""total"": 4}, ""subtle_gray_stripes_stripe87_bg8"": {""accuracy"": 50.0, ""f1_score"": 33.33, ""correct"": 2, ""total"": 4}, ""subtle_gray_stripes_stripe87_bg9"": {""accuracy"": 50.0, ""f1_score"": 33.33, ""correct"": 2, ""total"": 4}, ""subtle_gray_stripes_stripe88_bg10"": {""accuracy"": 50.0, ""f1_score"": 33.33, ""correct"": 2, ""total"": 4}, ""subtle_gray_stripes_stripe88_bg3"": {""accuracy"": 50.0, ""f1_score"": 33.33, ""correct"": 2, ""total"": 4}, ""subtle_gray_stripes_stripe88_bg4"": {""accuracy"": 50.0, ""f1_score"": 33.33, ""correct"": 2, ""total"": 4}, ""subtle_gray_stripes_stripe88_bg5"": {""accuracy"": 50.0, ""f1_score"": 33.33, ""correct"": 2, ""total"": 4}, ""subtle_gray_stripes_stripe88_bg6"": {""accuracy"": 50.0, ""f1_score"": 33.33, ""correct"": 2, ""total"": 4}, ""subtle_gray_stripes_stripe88_bg7"": {""accuracy"": 50.0, ""f1_score"": 33.33, ""correct"": 2, ""total"": 4}, ""subtle_gray_stripes_stripe88_bg8"": {""accuracy"": 50.0, ""f1_score"": 33.33, ""correct"": 2, ""total"": 4}, ""subtle_gray_stripes_stripe88_bg9"": {""accuracy"": 50.0, ""f1_score"": 33.33, ""correct"": 2, ""total"": 4}, ""subtle_gray_stripes_stripe89_bg10"": {""accuracy"": 50.0, ""f1_score"": 33.33, ""correct"": 2, ""total"": 4}, ""subtle_gray_stripes_stripe89_bg3"": {""accuracy"": 50.0, ""f1_score"": 33.33, ""correct"": 2, ""total"": 4}, ""subtle_gray_stripes_stripe89_bg4"": {""accuracy"": 50.0, ""f1_score"": 33.33, ""correct"": 2, ""total"": 4}, ""subtle_gray_stripes_stripe89_bg5"": {""accuracy"": 50.0, ""f1_score"": 33.33, ""correct"": 2, ""total"": 4}, ""subtle_gray_stripes_stripe89_bg6"": {""accuracy"": 50.0, ""f1_score"": 33.33, ""correct"": 2, ""total"": 4}, ""subtle_gray_stripes_stripe89_bg7"": {""accuracy"": 50.0, ""f1_score"": 33.33, ""correct"": 2, ""total"": 4}, ""subtle_gray_stripes_stripe89_bg8"": {""accuracy"": 50.0, ""f1_score"": 33.33, ""correct"": 2, ""total"": 4}, ""subtle_gray_stripes_stripe89_bg9"": {""accuracy"": 50.0, ""f1_score"": 33.33, ""correct"": 2, ""total"": 4}, ""subtle_gray_stripes_stripe90_bg10"": {""accuracy"": 50.0, ""f1_score"": 33.33, ""correct"": 2, ""total"": 4}, ""subtle_gray_stripes_stripe90_bg3"": {""accuracy"": 50.0, ""f1_score"": 33.33, ""correct"": 2, ""total"": 4}, ""subtle_gray_stripes_stripe90_bg4"": {""accuracy"": 50.0, ""f1_score"": 33.33, ""correct"": 2, ""total"": 4}, ""subtle_gray_stripes_stripe90_bg5"": {""accuracy"": 50.0, ""f1_score"": 33.33, ""correct"": 2, ""total"": 4}, ""subtle_gray_stripes_stripe90_bg6"": {""accuracy"": 50.0, ""f1_score"": 33.33, ""correct"": 2, ""total"": 4}, ""subtle_gray_stripes_stripe90_bg7"": {""accuracy"": 50.0, ""f1_score"": 33.33, ""correct"": 2, ""total"": 4}, ""subtle_gray_stripes_stripe90_bg8"": {""accuracy"": 50.0, ""f1_score"": 33.33, ""correct"": 2, ""total"": 4}, ""subtle_gray_stripes_stripe90_bg9"": {""accuracy"": 50.0, ""f1_score"": 33.33, ""correct"": 2, ""total"": 4}}","{""angle0"": {""accuracy"": 50.0, ""f1_score"": 33.33, ""correct"": 64, ""total"": 128}, ""angle30"": {""accuracy"": 50.0, ""f1_score"": 33.33, ""correct"": 64, ""total"": 128}}","{""subtle_gray_stripes_stripe83_bg10"": {""accuracy"": 50.0, ""f1_score"": 33.33, ""correct"": 2, ""total"": 4}, ""subtle_gray_stripes_stripe83_bg3"": {""accuracy"": 50.0, ""f1_score"": 33.33, ""correct"": 2, ""total"": 4}, ""subtle_gray_stripes_stripe83_bg4"": {""accuracy"": 50.0, ""f1_score"": 33.33, ""correct"": 2, ""total"": 4}, ""subtle_gray_stripes_stripe83_bg5"": {""accuracy"": 50.0, ""f1_score"": 33.33, ""correct"": 2, ""total"": 4}, ""subtle_gray_stripes_stripe83_bg6"": {""accuracy"": 50.0, ""f1_score"": 33.33, ""correct"": 2, ""total"": 4}, ""subtle_gray_stripes_stripe83_bg7"": {""accuracy"": 50.0, ""f1_score"": 33.33, ""correct"": 2, ""total"": 4}, ""subtle_gray_stripes_stripe83_bg8"": {""accuracy"": 50.0, ""f1_score"": 33.33, ""correct"": 2, ""total"": 4}, ""subtle_gray_stripes_stripe83_bg9"": {""accuracy"": 50.0, ""f1_score"": 33.33, ""correct"": 2, ""total"": 4}, ""subtle_gray_stripes_stripe84_bg10"": {""accuracy"": 50.0, ""f1_score"": 33.33, ""correct"": 2, ""total"": 4}, ""subtle_gray_stripes_stripe84_bg3"": {""accuracy"": 50.0, ""f1_score"": 33.33, ""correct"": 2, ""total"": 4}, ""subtle_gray_stripes_stripe84_bg4"": {""accuracy"": 50.0, ""f1_score"": 33.33, ""correct"": 2, ""total"": 4}, ""subtle_gray_stripes_stripe84_bg5"": {""accuracy"": 50.0, ""f1_score"": 33.33, ""correct"": 2, ""total"": 4}, ""subtle_gray_stripes_stripe84_bg6"": {""accuracy"": 50.0, ""f1_score"": 33.33, ""correct"": 2, ""total"": 4}, ""subtle_gray_stripes_stripe84_bg7"": {""accuracy"": 50.0, ""f1_score"": 33.33, ""correct"": 2, ""total"": 4}, ""subtle_gray_stripes_stripe84_bg8"": {""accuracy"": 50.0, ""f1_score"": 33.33, ""correct"": 2, ""total"": 4}, ""subtle_gray_stripes_stripe84_bg9"": {""accuracy"": 50.0, ""f1_score"": 33.33, ""correct"": 2, ""total"": 4}, ""subtle_gray_stripes_stripe85_bg10"": {""accuracy"": 50.0, ""f1_score"": 33.33, ""correct"": 2, ""total"": 4}, ""subtle_gray_stripes_stripe85_bg3"": {""accuracy"": 50.0, ""f1_score"": 33.33, ""correct"": 2, ""total"": 4}, ""subtle_gray_stripes_stripe85_bg4"": {""accuracy"": 50.0, ""f1_score"": 33.33, ""correct"": 2, ""total"": 4}, ""subtle_gray_stripes_stripe85_bg5"": {""accuracy"": 50.0, ""f1_score"": 33.33, ""correct"": 2, ""total"": 4}, ""subtle_gray_stripes_stripe85_bg6"": {""accuracy"": 50.0, ""f1_score"": 33.33, ""correct"": 2, ""total"": 4}, ""subtle_gray_stripes_stripe85_bg7"": {""accuracy"": 50.0, ""f1_score"": 33.33, ""correct"": 2, ""total"": 4}, ""subtle_gray_stripes_stripe85_bg8"": {""accuracy"": 50.0, ""f1_score"": 33.33, ""correct"": 2, ""total"": 4}, ""subtle_gray_stripes_stripe85_bg9"": {""accuracy"": 50.0, ""f1_score"": 33.33, ""correct"": 2, ""total"": 4}, ""subtle_gray_stripes_stripe86_bg10"": {""accuracy"": 50.0, ""f1_score"": 33.33, ""correct"": 2, ""total"": 4}, ""subtle_gray_stripes_stripe86_bg3"": {""accuracy"": 50.0, ""f1_score"": 33.33, ""correct"": 2, ""total"": 4}, ""subtle_gray_stripes_stripe86_bg4"": {""accuracy"": 50.0, ""f1_score"": 33.33, ""correct"": 2, ""total"": 4}, ""subtle_gray_stripes_stripe86_bg5"": {""accuracy"": 50.0, ""f1_score"": 33.33, ""correct"": 2, ""total"": 4}, ""subtle_gray_stripes_stripe86_bg6"": {""accuracy"": 50.0, ""f1_score"": 33.33, ""correct"": 2, ""total"": 4}, ""subtle_gray_stripes_stripe86_bg7"": {""accuracy"": 50.0, ""f1_score"": 33.33, ""correct"": 2, ""total"": 4}, ""subtle_gray_stripes_stripe86_bg8"": {""accuracy"": 50.0, ""f1_score"": 33.33, ""correct"": 2, ""total"": 4}, ""subtle_gray_stripes_stripe86_bg9"": {""accuracy"": 50.0, ""f1_score"": 33.33, ""correct"": 2, ""total"": 4}, ""subtle_gray_stripes_stripe87_bg10"": {""accuracy"": 50.0, ""f1_score"": 33.33, ""correct"": 2, ""total"": 4}, ""subtle_gray_stripes_stripe87_bg3"": {""accuracy"": 50.0, ""f1_score"": 33.33, ""correct"": 2, ""total"": 4}, ""subtle_gray_stripes_stripe87_bg4"": {""accuracy"": 50.0, ""f1_score"": 33.33, ""correct"": 2, ""total"": 4}, ""subtle_gray_stripes_stripe87_bg5"": {""accuracy"": 50.0, ""f1_score"": 33.33, ""correct"": 2, ""total"": 4}, ""subtle_gray_stripes_stripe87_bg6"": {""accuracy"": 50.0, ""f1_score"": 33.33, ""correct"": 2, ""total"": 4}, ""subtle_gray_stripes_stripe87_bg7"": {""accuracy"": 50.0, ""f1_score"": 33.33, ""correct"": 2, ""total"": 4}, ""subtle_gray_stripes_stripe87_bg8"": {""accuracy"": 50.0, ""f1_score"": 33.33, ""correct"": 2, ""total"": 4}, ""subtle_gray_stripes_stripe87_bg9"": {""accuracy"": 50.0, ""f1_score"": 33.33, ""correct"": 2, ""total"": 4}, ""subtle_gray_stripes_stripe88_bg10"": {""accuracy"": 50.0, ""f1_score"": 33.33, ""correct"": 2, ""total"": 4}, ""subtle_gray_stripes_stripe88_bg3"": {""accuracy"": 50.0, ""f1_score"": 33.33, ""correct"": 2, ""total"": 4}, ""subtle_gray_stripes_stripe88_bg4"": {""accuracy"": 50.0, ""f1_score"": 33.33, ""correct"": 2, ""total"": 4}, ""subtle_gray_stripes_stripe88_bg5"": {""accuracy"": 50.0, ""f1_score"": 33.33, ""correct"": 2, ""total"": 4}, ""subtle_gray_stripes_stripe88_bg6"": {""accuracy"": 50.0, ""f1_score"": 33.33, ""correct"": 2, ""total"": 4}, ""subtle_gray_stripes_stripe88_bg7"": {""accuracy"": 50.0, ""f1_score"": 33.33, ""correct"": 2, ""total"": 4}, ""subtle_gray_stripes_stripe88_bg8"": {""accuracy"": 50.0, ""f1_score"": 33.33, ""correct"": 2, ""total"": 4}, ""subtle_gray_stripes_stripe88_bg9"": {""accuracy"": 50.0, ""f1_score"": 33.33, ""correct"": 2, ""total"": 4}, ""subtle_gray_stripes_stripe89_bg10"": {""accuracy"": 50.0, ""f1_score"": 33.33, ""correct"": 2, ""total"": 4}, ""subtle_gray_stripes_stripe89_bg3"": {""accuracy"": 50.0, ""f1_score"": 33.33, ""correct"": 2, ""total"": 4}, ""subtle_gray_stripes_stripe89_bg4"": {""accuracy"": 50.0, ""f1_score"": 33.33, ""correct"": 2, ""total"": 4}, ""subtle_gray_stripes_stripe89_bg5"": {""accuracy"": 50.0, ""f1_score"": 33.33, ""correct"": 2, ""total"": 4}, ""subtle_gray_stripes_stripe89_bg6"": {""accuracy"": 50.0, ""f1_score"": 33.33, ""correct"": 2, ""total"": 4}, ""subtle_gray_stripes_stripe89_bg7"": {""accuracy"": 50.0, ""f1_score"": 33.33, ""correct"": 2, ""total"": 4}, ""subtle_gray_stripes_stripe89_bg8"": {""accuracy"": 50.0, ""f1_score"": 33.33, ""correct"": 2, ""total"": 4}, ""subtle_gray_stripes_stripe89_bg9"": {""accuracy"": 50.0, ""f1_score"": 33.33, ""correct"": 2, ""total"": 4}, ""subtle_gray_stripes_stripe90_bg10"": {""accuracy"": 50.0, ""f1_score"": 33.33, ""correct"": 2, ""total"": 4}, ""subtle_gray_stripes_stripe90_bg3"": {""accuracy"": 50.0, ""f1_score"": 33.33, ""correct"": 2, ""total"": 4}, ""subtle_gray_stripes_stripe90_bg4"": {""accuracy"": 50.0, ""f1_score"": 33.33, ""correct"": 2, ""total"": 4}, ""subtle_gray_stripes_stripe90_bg5"": {""accuracy"": 50.0, ""f1_score"": 33.33, ""correct"": 2, ""total"": 4}, ""subtle_gray_stripes_stripe90_bg6"": {""accuracy"": 50.0, ""f1_score"": 33.33, ""correct"": 2, ""total"": 4}, ""subtle_gray_stripes_stripe90_bg7"": {""accuracy"": 50.0, ""f1_score"": 33.33, ""correct"": 2, ""total"": 4}, ""subtle_gray_stripes_stripe90_bg8"": {""accuracy"": 50.0, ""f1_score"": 33.33, ""correct"": 2, ""total"": 4}, ""subtle_gray_stripes_stripe90_bg9"": {""accuracy"": 50.0, ""f1_score"": 33.33, ""correct"": 2, ""total"": 4}}","{""angle0"": {""accuracy"": 50.0, ""f1_score"": 33.33, ""correct"": 64, ""total"": 128}, ""angle30"": {""accuracy"": 50.0, ""f1_score"": 33.33, ""correct"": 64, ""total"": 128}}",,,TRUE
35,12/4/2025 8:46,20251204_084602,_exp_20251203_153238,_exp_20251203_153238_train,_exp_20251203_153238_test,100,1,42,subtle_gray_stripes,left,"0.0,30.0","0.0,14.0",640x480,4,12,0,1,none,1,0,0,0.1,10,60,"228,229,230,231","120,121,122,123",0,FALSE,,,,,FALSE,,,,FALSE,subtle_gray_stripes,left,"0,30.0","0.0,14.0",640x480,4,12,0,1,none,1,0,0,0.1,10,60,"83,84,85,86,87,88,89,90","3,4,5,6,7,8,9,10",0,FALSE,,,,,FALSE,,,,FALSE,Qwen/Qwen2.5-VL-3B-Instruct,qwen2_vl,saves/qwen2vl-treadmill-lora-pipeline,8,16,0.05,8192,14,1,5.00E-05,7,cosine,0.1,FALSE,TRUE,4,10,100,100,128,1024,4,128,0.8,TRUE,TRUE,FALSE,FALSE,skipped,skipped,completed,50,33.33,0,0,25,50,0,128,128,128,50,33.33,0,0,25,50,0,128,128,128,"{""subtle_gray_stripes_stripe83_bg10"": {""accuracy"": 50.0, ""f1_score"": 33.33, ""correct"": 2, ""total"": 4}, ""subtle_gray_stripes_stripe83_bg3"": {""accuracy"": 50.0, ""f1_score"": 33.33, ""correct"": 2, ""total"": 4}, ""subtle_gray_stripes_stripe83_bg4"": {""accuracy"": 50.0, ""f1_score"": 33.33, ""correct"": 2, ""total"": 4}, ""subtle_gray_stripes_stripe83_bg5"": {""accuracy"": 50.0, ""f1_score"": 33.33, ""correct"": 2, ""total"": 4}, ""subtle_gray_stripes_stripe83_bg6"": {""accuracy"": 50.0, ""f1_score"": 33.33, ""correct"": 2, ""total"": 4}, ""subtle_gray_stripes_stripe83_bg7"": {""accuracy"": 50.0, ""f1_score"": 33.33, ""correct"": 2, ""total"": 4}, ""subtle_gray_stripes_stripe83_bg8"": {""accuracy"": 50.0, ""f1_score"": 33.33, ""correct"": 2, ""total"": 4}, ""subtle_gray_stripes_stripe83_bg9"": {""accuracy"": 50.0, ""f1_score"": 33.33, ""correct"": 2, ""total"": 4}, ""subtle_gray_stripes_stripe84_bg10"": {""accuracy"": 50.0, ""f1_score"": 33.33, ""correct"": 2, ""total"": 4}, ""subtle_gray_stripes_stripe84_bg3"": {""accuracy"": 50.0, ""f1_score"": 33.33, ""correct"": 2, ""total"": 4}, ""subtle_gray_stripes_stripe84_bg4"": {""accuracy"": 50.0, ""f1_score"": 33.33, ""correct"": 2, ""total"": 4}, ""subtle_gray_stripes_stripe84_bg5"": {""accuracy"": 50.0, ""f1_score"": 33.33, ""correct"": 2, ""total"": 4}, ""subtle_gray_stripes_stripe84_bg6"": {""accuracy"": 50.0, ""f1_score"": 33.33, ""correct"": 2, ""total"": 4}, ""subtle_gray_stripes_stripe84_bg7"": {""accuracy"": 50.0, ""f1_score"": 33.33, ""correct"": 2, ""total"": 4}, ""subtle_gray_stripes_stripe84_bg8"": {""accuracy"": 50.0, ""f1_score"": 33.33, ""correct"": 2, ""total"": 4}, ""subtle_gray_stripes_stripe84_bg9"": {""accuracy"": 50.0, ""f1_score"": 33.33, ""correct"": 2, ""total"": 4}, ""subtle_gray_stripes_stripe85_bg10"": {""accuracy"": 50.0, ""f1_score"": 33.33, ""correct"": 2, ""total"": 4}, ""subtle_gray_stripes_stripe85_bg3"": {""accuracy"": 50.0, ""f1_score"": 33.33, ""correct"": 2, ""total"": 4}, ""subtle_gray_stripes_stripe85_bg4"": {""accuracy"": 50.0, ""f1_score"": 33.33, ""correct"": 2, ""total"": 4}, ""subtle_gray_stripes_stripe85_bg5"": {""accuracy"": 50.0, ""f1_score"": 33.33, ""correct"": 2, ""total"": 4}, ""subtle_gray_stripes_stripe85_bg6"": {""accuracy"": 50.0, ""f1_score"": 33.33, ""correct"": 2, ""total"": 4}, ""subtle_gray_stripes_stripe85_bg7"": {""accuracy"": 50.0, ""f1_score"": 33.33, ""correct"": 2, ""total"": 4}, ""subtle_gray_stripes_stripe85_bg8"": {""accuracy"": 50.0, ""f1_score"": 33.33, ""correct"": 2, ""total"": 4}, ""subtle_gray_stripes_stripe85_bg9"": {""accuracy"": 50.0, ""f1_score"": 33.33, ""correct"": 2, ""total"": 4}, ""subtle_gray_stripes_stripe86_bg10"": {""accuracy"": 50.0, ""f1_score"": 33.33, ""correct"": 2, ""total"": 4}, ""subtle_gray_stripes_stripe86_bg3"": {""accuracy"": 50.0, ""f1_score"": 33.33, ""correct"": 2, ""total"": 4}, ""subtle_gray_stripes_stripe86_bg4"": {""accuracy"": 50.0, ""f1_score"": 33.33, ""correct"": 2, ""total"": 4}, ""subtle_gray_stripes_stripe86_bg5"": {""accuracy"": 50.0, ""f1_score"": 33.33, ""correct"": 2, ""total"": 4}, ""subtle_gray_stripes_stripe86_bg6"": {""accuracy"": 50.0, ""f1_score"": 33.33, ""correct"": 2, ""total"": 4}, ""subtle_gray_stripes_stripe86_bg7"": {""accuracy"": 50.0, ""f1_score"": 33.33, ""correct"": 2, ""total"": 4}, ""subtle_gray_stripes_stripe86_bg8"": {""accuracy"": 50.0, ""f1_score"": 33.33, ""correct"": 2, ""total"": 4}, ""subtle_gray_stripes_stripe86_bg9"": {""accuracy"": 50.0, ""f1_score"": 33.33, ""correct"": 2, ""total"": 4}, ""subtle_gray_stripes_stripe87_bg10"": {""accuracy"": 50.0, ""f1_score"": 33.33, ""correct"": 2, ""total"": 4}, ""subtle_gray_stripes_stripe87_bg3"": {""accuracy"": 50.0, ""f1_score"": 33.33, ""correct"": 2, ""total"": 4}, ""subtle_gray_stripes_stripe87_bg4"": {""accuracy"": 50.0, ""f1_score"": 33.33, ""correct"": 2, ""total"": 4}, ""subtle_gray_stripes_stripe87_bg5"": {""accuracy"": 50.0, ""f1_score"": 33.33, ""correct"": 2, ""total"": 4}, ""subtle_gray_stripes_stripe87_bg6"": {""accuracy"": 50.0, ""f1_score"": 33.33, ""correct"": 2, ""total"": 4}, ""subtle_gray_stripes_stripe87_bg7"": {""accuracy"": 50.0, ""f1_score"": 33.33, ""correct"": 2, ""total"": 4}, ""subtle_gray_stripes_stripe87_bg8"": {""accuracy"": 50.0, ""f1_score"": 33.33, ""correct"": 2, ""total"": 4}, ""subtle_gray_stripes_stripe87_bg9"": {""accuracy"": 50.0, ""f1_score"": 33.33, ""correct"": 2, ""total"": 4}, ""subtle_gray_stripes_stripe88_bg10"": {""accuracy"": 50.0, ""f1_score"": 33.33, ""correct"": 2, ""total"": 4}, ""subtle_gray_stripes_stripe88_bg3"": {""accuracy"": 50.0, ""f1_score"": 33.33, ""correct"": 2, ""total"": 4}, ""subtle_gray_stripes_stripe88_bg4"": {""accuracy"": 50.0, ""f1_score"": 33.33, ""correct"": 2, ""total"": 4}, ""subtle_gray_stripes_stripe88_bg5"": {""accuracy"": 50.0, ""f1_score"": 33.33, ""correct"": 2, ""total"": 4}, ""subtle_gray_stripes_stripe88_bg6"": {""accuracy"": 50.0, ""f1_score"": 33.33, ""correct"": 2, ""total"": 4}, ""subtle_gray_stripes_stripe88_bg7"": {""accuracy"": 50.0, ""f1_score"": 33.33, ""correct"": 2, ""total"": 4}, ""subtle_gray_stripes_stripe88_bg8"": {""accuracy"": 50.0, ""f1_score"": 33.33, ""correct"": 2, ""total"": 4}, ""subtle_gray_stripes_stripe88_bg9"": {""accuracy"": 50.0, ""f1_score"": 33.33, ""correct"": 2, ""total"": 4}, ""subtle_gray_stripes_stripe89_bg10"": {""accuracy"": 50.0, ""f1_score"": 33.33, ""correct"": 2, ""total"": 4}, ""subtle_gray_stripes_stripe89_bg3"": {""accuracy"": 50.0, ""f1_score"": 33.33, ""correct"": 2, ""total"": 4}, ""subtle_gray_stripes_stripe89_bg4"": {""accuracy"": 50.0, ""f1_score"": 33.33, ""correct"": 2, ""total"": 4}, ""subtle_gray_stripes_stripe89_bg5"": {""accuracy"": 50.0, ""f1_score"": 33.33, ""correct"": 2, ""total"": 4}, ""subtle_gray_stripes_stripe89_bg6"": {""accuracy"": 50.0, ""f1_score"": 33.33, ""correct"": 2, ""total"": 4}, ""subtle_gray_stripes_stripe89_bg7"": {""accuracy"": 50.0, ""f1_score"": 33.33, ""correct"": 2, ""total"": 4}, ""subtle_gray_stripes_stripe89_bg8"": {""accuracy"": 50.0, ""f1_score"": 33.33, ""correct"": 2, ""total"": 4}, ""subtle_gray_stripes_stripe89_bg9"": {""accuracy"": 50.0, ""f1_score"": 33.33, ""correct"": 2, ""total"": 4}, ""subtle_gray_stripes_stripe90_bg10"": {""accuracy"": 50.0, ""f1_score"": 33.33, ""correct"": 2, ""total"": 4}, ""subtle_gray_stripes_stripe90_bg3"": {""accuracy"": 50.0, ""f1_score"": 33.33, ""correct"": 2, ""total"": 4}, ""subtle_gray_stripes_stripe90_bg4"": {""accuracy"": 50.0, ""f1_score"": 33.33, ""correct"": 2, ""total"": 4}, ""subtle_gray_stripes_stripe90_bg5"": {""accuracy"": 50.0, ""f1_score"": 33.33, ""correct"": 2, ""total"": 4}, ""subtle_gray_stripes_stripe90_bg6"": {""accuracy"": 50.0, ""f1_score"": 33.33, ""correct"": 2, ""total"": 4}, ""subtle_gray_stripes_stripe90_bg7"": {""accuracy"": 50.0, ""f1_score"": 33.33, ""correct"": 2, ""total"": 4}, ""subtle_gray_stripes_stripe90_bg8"": {""accuracy"": 50.0, ""f1_score"": 33.33, ""correct"": 2, ""total"": 4}, ""subtle_gray_stripes_stripe90_bg9"": {""accuracy"": 50.0, ""f1_score"": 33.33, ""correct"": 2, ""total"": 4}}","{""angle0"": {""accuracy"": 50.0, ""f1_score"": 33.33, ""correct"": 64, ""total"": 128}, ""angle30"": {""accuracy"": 50.0, ""f1_score"": 33.33, ""correct"": 64, ""total"": 128}}","{""subtle_gray_stripes_stripe83_bg10"": {""accuracy"": 50.0, ""f1_score"": 33.33, ""correct"": 2, ""total"": 4}, ""subtle_gray_stripes_stripe83_bg3"": {""accuracy"": 50.0, ""f1_score"": 33.33, ""correct"": 2, ""total"": 4}, ""subtle_gray_stripes_stripe83_bg4"": {""accuracy"": 50.0, ""f1_score"": 33.33, ""correct"": 2, ""total"": 4}, ""subtle_gray_stripes_stripe83_bg5"": {""accuracy"": 50.0, ""f1_score"": 33.33, ""correct"": 2, ""total"": 4}, ""subtle_gray_stripes_stripe83_bg6"": {""accuracy"": 50.0, ""f1_score"": 33.33, ""correct"": 2, ""total"": 4}, ""subtle_gray_stripes_stripe83_bg7"": {""accuracy"": 50.0, ""f1_score"": 33.33, ""correct"": 2, ""total"": 4}, ""subtle_gray_stripes_stripe83_bg8"": {""accuracy"": 50.0, ""f1_score"": 33.33, ""correct"": 2, ""total"": 4}, ""subtle_gray_stripes_stripe83_bg9"": {""accuracy"": 50.0, ""f1_score"": 33.33, ""correct"": 2, ""total"": 4}, ""subtle_gray_stripes_stripe84_bg10"": {""accuracy"": 50.0, ""f1_score"": 33.33, ""correct"": 2, ""total"": 4}, ""subtle_gray_stripes_stripe84_bg3"": {""accuracy"": 50.0, ""f1_score"": 33.33, ""correct"": 2, ""total"": 4}, ""subtle_gray_stripes_stripe84_bg4"": {""accuracy"": 50.0, ""f1_score"": 33.33, ""correct"": 2, ""total"": 4}, ""subtle_gray_stripes_stripe84_bg5"": {""accuracy"": 50.0, ""f1_score"": 33.33, ""correct"": 2, ""total"": 4}, ""subtle_gray_stripes_stripe84_bg6"": {""accuracy"": 50.0, ""f1_score"": 33.33, ""correct"": 2, ""total"": 4}, ""subtle_gray_stripes_stripe84_bg7"": {""accuracy"": 50.0, ""f1_score"": 33.33, ""correct"": 2, ""total"": 4}, ""subtle_gray_stripes_stripe84_bg8"": {""accuracy"": 50.0, ""f1_score"": 33.33, ""correct"": 2, ""total"": 4}, ""subtle_gray_stripes_stripe84_bg9"": {""accuracy"": 50.0, ""f1_score"": 33.33, ""correct"": 2, ""total"": 4}, ""subtle_gray_stripes_stripe85_bg10"": {""accuracy"": 50.0, ""f1_score"": 33.33, ""correct"": 2, ""total"": 4}, ""subtle_gray_stripes_stripe85_bg3"": {""accuracy"": 50.0, ""f1_score"": 33.33, ""correct"": 2, ""total"": 4}, ""subtle_gray_stripes_stripe85_bg4"": {""accuracy"": 50.0, ""f1_score"": 33.33, ""correct"": 2, ""total"": 4}, ""subtle_gray_stripes_stripe85_bg5"": {""accuracy"": 50.0, ""f1_score"": 33.33, ""correct"": 2, ""total"": 4}, ""subtle_gray_stripes_stripe85_bg6"": {""accuracy"": 50.0, ""f1_score"": 33.33, ""correct"": 2, ""total"": 4}, ""subtle_gray_stripes_stripe85_bg7"": {""accuracy"": 50.0, ""f1_score"": 33.33, ""correct"": 2, ""total"": 4}, ""subtle_gray_stripes_stripe85_bg8"": {""accuracy"": 50.0, ""f1_score"": 33.33, ""correct"": 2, ""total"": 4}, ""subtle_gray_stripes_stripe85_bg9"": {""accuracy"": 50.0, ""f1_score"": 33.33, ""correct"": 2, ""total"": 4}, ""subtle_gray_stripes_stripe86_bg10"": {""accuracy"": 50.0, ""f1_score"": 33.33, ""correct"": 2, ""total"": 4}, ""subtle_gray_stripes_stripe86_bg3"": {""accuracy"": 50.0, ""f1_score"": 33.33, ""correct"": 2, ""total"": 4}, ""subtle_gray_stripes_stripe86_bg4"": {""accuracy"": 50.0, ""f1_score"": 33.33, ""correct"": 2, ""total"": 4}, ""subtle_gray_stripes_stripe86_bg5"": {""accuracy"": 50.0, ""f1_score"": 33.33, ""correct"": 2, ""total"": 4}, ""subtle_gray_stripes_stripe86_bg6"": {""accuracy"": 50.0, ""f1_score"": 33.33, ""correct"": 2, ""total"": 4}, ""subtle_gray_stripes_stripe86_bg7"": {""accuracy"": 50.0, ""f1_score"": 33.33, ""correct"": 2, ""total"": 4}, ""subtle_gray_stripes_stripe86_bg8"": {""accuracy"": 50.0, ""f1_score"": 33.33, ""correct"": 2, ""total"": 4}, ""subtle_gray_stripes_stripe86_bg9"": {""accuracy"": 50.0, ""f1_score"": 33.33, ""correct"": 2, ""total"": 4}, ""subtle_gray_stripes_stripe87_bg10"": {""accuracy"": 50.0, ""f1_score"": 33.33, ""correct"": 2, ""total"": 4}, ""subtle_gray_stripes_stripe87_bg3"": {""accuracy"": 50.0, ""f1_score"": 33.33, ""correct"": 2, ""total"": 4}, ""subtle_gray_stripes_stripe87_bg4"": {""accuracy"": 50.0, ""f1_score"": 33.33, ""correct"": 2, ""total"": 4}, ""subtle_gray_stripes_stripe87_bg5"": {""accuracy"": 50.0, ""f1_score"": 33.33, ""correct"": 2, ""total"": 4}, ""subtle_gray_stripes_stripe87_bg6"": {""accuracy"": 50.0, ""f1_score"": 33.33, ""correct"": 2, ""total"": 4}, ""subtle_gray_stripes_stripe87_bg7"": {""accuracy"": 50.0, ""f1_score"": 33.33, ""correct"": 2, ""total"": 4}, ""subtle_gray_stripes_stripe87_bg8"": {""accuracy"": 50.0, ""f1_score"": 33.33, ""correct"": 2, ""total"": 4}, ""subtle_gray_stripes_stripe87_bg9"": {""accuracy"": 50.0, ""f1_score"": 33.33, ""correct"": 2, ""total"": 4}, ""subtle_gray_stripes_stripe88_bg10"": {""accuracy"": 50.0, ""f1_score"": 33.33, ""correct"": 2, ""total"": 4}, ""subtle_gray_stripes_stripe88_bg3"": {""accuracy"": 50.0, ""f1_score"": 33.33, ""correct"": 2, ""total"": 4}, ""subtle_gray_stripes_stripe88_bg4"": {""accuracy"": 50.0, ""f1_score"": 33.33, ""correct"": 2, ""total"": 4}, ""subtle_gray_stripes_stripe88_bg5"": {""accuracy"": 50.0, ""f1_score"": 33.33, ""correct"": 2, ""total"": 4}, ""subtle_gray_stripes_stripe88_bg6"": {""accuracy"": 50.0, ""f1_score"": 33.33, ""correct"": 2, ""total"": 4}, ""subtle_gray_stripes_stripe88_bg7"": {""accuracy"": 50.0, ""f1_score"": 33.33, ""correct"": 2, ""total"": 4}, ""subtle_gray_stripes_stripe88_bg8"": {""accuracy"": 50.0, ""f1_score"": 33.33, ""correct"": 2, ""total"": 4}, ""subtle_gray_stripes_stripe88_bg9"": {""accuracy"": 50.0, ""f1_score"": 33.33, ""correct"": 2, ""total"": 4}, ""subtle_gray_stripes_stripe89_bg10"": {""accuracy"": 50.0, ""f1_score"": 33.33, ""correct"": 2, ""total"": 4}, ""subtle_gray_stripes_stripe89_bg3"": {""accuracy"": 50.0, ""f1_score"": 33.33, ""correct"": 2, ""total"": 4}, ""subtle_gray_stripes_stripe89_bg4"": {""accuracy"": 50.0, ""f1_score"": 33.33, ""correct"": 2, ""total"": 4}, ""subtle_gray_stripes_stripe89_bg5"": {""accuracy"": 50.0, ""f1_score"": 33.33, ""correct"": 2, ""total"": 4}, ""subtle_gray_stripes_stripe89_bg6"": {""accuracy"": 50.0, ""f1_score"": 33.33, ""correct"": 2, ""total"": 4}, ""subtle_gray_stripes_stripe89_bg7"": {""accuracy"": 50.0, ""f1_score"": 33.33, ""correct"": 2, ""total"": 4}, ""subtle_gray_stripes_stripe89_bg8"": {""accuracy"": 50.0, ""f1_score"": 33.33, ""correct"": 2, ""total"": 4}, ""subtle_gray_stripes_stripe89_bg9"": {""accuracy"": 50.0, ""f1_score"": 33.33, ""correct"": 2, ""total"": 4}, ""subtle_gray_stripes_stripe90_bg10"": {""accuracy"": 50.0, ""f1_score"": 33.33, ""correct"": 2, ""total"": 4}, ""subtle_gray_stripes_stripe90_bg3"": {""accuracy"": 50.0, ""f1_score"": 33.33, ""correct"": 2, ""total"": 4}, ""subtle_gray_stripes_stripe90_bg4"": {""accuracy"": 50.0, ""f1_score"": 33.33, ""correct"": 2, ""total"": 4}, ""subtle_gray_stripes_stripe90_bg5"": {""accuracy"": 50.0, ""f1_score"": 33.33, ""correct"": 2, ""total"": 4}, ""subtle_gray_stripes_stripe90_bg6"": {""accuracy"": 50.0, ""f1_score"": 33.33, ""correct"": 2, ""total"": 4}, ""subtle_gray_stripes_stripe90_bg7"": {""accuracy"": 50.0, ""f1_score"": 33.33, ""correct"": 2, ""total"": 4}, ""subtle_gray_stripes_stripe90_bg8"": {""accuracy"": 50.0, ""f1_score"": 33.33, ""correct"": 2, ""total"": 4}, ""subtle_gray_stripes_stripe90_bg9"": {""accuracy"": 50.0, ""f1_score"": 33.33, ""correct"": 2, ""total"": 4}}","{""angle0"": {""accuracy"": 50.0, ""f1_score"": 33.33, ""correct"": 64, ""total"": 128}, ""angle30"": {""accuracy"": 50.0, ""f1_score"": 33.33, ""correct"": 64, ""total"": 128}}",,,TRUE
4,2025-12-04 11:12:03,20251204_111203,_exp_20251203_153238,_exp_20251203_153238_train,_exp_20251203_153238_test,100,1.0,42,subtle_gray_stripes,left,"0.0,30.0","0.0,14.0",640x480,4,12.0,0.0,1.0,none,1.0,0,0.0,0.1,10,60,"228,229,230,231","120,121,122,123",0.0,false,,,,,false,,,,false,subtle_gray_stripes,left,"0,30.0","0.0,14.0",640x480,4,12.0,0.0,1.0,none,1.0,0,0.0,0.1,10,60,"83,84,85,86,87,88,89,90","3,4,5,6,7,8,9,10",0.0,false,,,,,false,,,,false,Qwen/Qwen2.5-VL-3B-Instruct,qwen2_vl,saves/qwen2vl-treadmill-lora-pipeline,8,16,0.05,8192,14,1,5e-05,cosine,0.1,False,True,4,10,100,100,yesno,128,1024,4.0,128,0.8,True,True,False,False,skipped,skipped,completed,50.00,33.33,0.00,0.00,25.00,50.00,0,128,128,128,50.00,33.33,0.00,0.00,25.00,50.00,0,128,128,128,"{""subtle_gray_stripes_stripe83_bg10"": {""accuracy"": 50.0, ""f1_score"": 33.33, ""correct"": 2, ""total"": 4}, ""subtle_gray_stripes_stripe83_bg3"": {""accuracy"": 50.0, ""f1_score"": 33.33, ""correct"": 2, ""total"": 4}, ""subtle_gray_stripes_stripe83_bg4"": {""accuracy"": 50.0, ""f1_score"": 33.33, ""correct"": 2, ""total"": 4}, ""subtle_gray_stripes_stripe83_bg5"": {""accuracy"": 50.0, ""f1_score"": 33.33, ""correct"": 2, ""total"": 4}, ""subtle_gray_stripes_stripe83_bg6"": {""accuracy"": 50.0, ""f1_score"": 33.33, ""correct"": 2, ""total"": 4}, ""subtle_gray_stripes_stripe83_bg7"": {""accuracy"": 50.0, ""f1_score"": 33.33, ""correct"": 2, ""total"": 4}, ""subtle_gray_stripes_stripe83_bg8"": {""accuracy"": 50.0, ""f1_score"": 33.33, ""correct"": 2, ""total"": 4}, ""subtle_gray_stripes_stripe83_bg9"": {""accuracy"": 50.0, ""f1_score"": 33.33, ""correct"": 2, ""total"": 4}, ""subtle_gray_stripes_stripe84_bg10"": {""accuracy"": 50.0, ""f1_score"": 33.33, ""correct"": 2, ""total"": 4}, ""subtle_gray_stripes_stripe84_bg3"": {""accuracy"": 50.0, ""f1_score"": 33.33, ""correct"": 2, ""total"": 4}, ""subtle_gray_stripes_stripe84_bg4"": {""accuracy"": 50.0, ""f1_score"": 33.33, ""correct"": 2, ""total"": 4}, ""subtle_gray_stripes_stripe84_bg5"": {""accuracy"": 50.0, ""f1_score"": 33.33, ""correct"": 2, ""total"": 4}, ""subtle_gray_stripes_stripe84_bg6"": {""accuracy"": 50.0, ""f1_score"": 33.33, ""correct"": 2, ""total"": 4}, ""subtle_gray_stripes_stripe84_bg7"": {""accuracy"": 50.0, ""f1_score"": 33.33, ""correct"": 2, ""total"": 4}, ""subtle_gray_stripes_stripe84_bg8"": {""accuracy"": 50.0, ""f1_score"": 33.33, ""correct"": 2, ""total"": 4}, ""subtle_gray_stripes_stripe84_bg9"": {""accuracy"": 50.0, ""f1_score"": 33.33, ""correct"": 2, ""total"": 4}, ""subtle_gray_stripes_stripe85_bg10"": {""accuracy"": 50.0, ""f1_score"": 33.33, ""correct"": 2, ""total"": 4}, ""subtle_gray_stripes_stripe85_bg3"": {""accuracy"": 50.0, ""f1_score"": 33.33, ""correct"": 2, ""total"": 4}, ""subtle_gray_stripes_stripe85_bg4"": {""accuracy"": 50.0, ""f1_score"": 33.33, ""correct"": 2, ""total"": 4}, ""subtle_gray_stripes_stripe85_bg5"": {""accuracy"": 50.0, ""f1_score"": 33.33, ""correct"": 2, ""total"": 4}, ""subtle_gray_stripes_stripe85_bg6"": {""accuracy"": 50.0, ""f1_score"": 33.33, ""correct"": 2, ""total"": 4}, ""subtle_gray_stripes_stripe85_bg7"": {""accuracy"": 50.0, ""f1_score"": 33.33, ""correct"": 2, ""total"": 4}, ""subtle_gray_stripes_stripe85_bg8"": {""accuracy"": 50.0, ""f1_score"": 33.33, ""correct"": 2, ""total"": 4}, ""subtle_gray_stripes_stripe85_bg9"": {""accuracy"": 50.0, ""f1_score"": 33.33, ""correct"": 2, ""total"": 4}, ""subtle_gray_stripes_stripe86_bg10"": {""accuracy"": 50.0, ""f1_score"": 33.33, ""correct"": 2, ""total"": 4}, ""subtle_gray_stripes_stripe86_bg3"": {""accuracy"": 50.0, ""f1_score"": 33.33, ""correct"": 2, ""total"": 4}, ""subtle_gray_stripes_stripe86_bg4"": {""accuracy"": 50.0, ""f1_score"": 33.33, ""correct"": 2, ""total"": 4}, ""subtle_gray_stripes_stripe86_bg5"": {""accuracy"": 50.0, ""f1_score"": 33.33, ""correct"": 2, ""total"": 4}, ""subtle_gray_stripes_stripe86_bg6"": {""accuracy"": 50.0, ""f1_score"": 33.33, ""correct"": 2, ""total"": 4}, ""subtle_gray_stripes_stripe86_bg7"": {""accuracy"": 50.0, ""f1_score"": 33.33, ""correct"": 2, ""total"": 4}, ""subtle_gray_stripes_stripe86_bg8"": {""accuracy"": 50.0, ""f1_score"": 33.33, ""correct"": 2, ""total"": 4}, ""subtle_gray_stripes_stripe86_bg9"": {""accuracy"": 50.0, ""f1_score"": 33.33, ""correct"": 2, ""total"": 4}, ""subtle_gray_stripes_stripe87_bg10"": {""accuracy"": 50.0, ""f1_score"": 33.33, ""correct"": 2, ""total"": 4}, ""subtle_gray_stripes_stripe87_bg3"": {""accuracy"": 50.0, ""f1_score"": 33.33, ""correct"": 2, ""total"": 4}, ""subtle_gray_stripes_stripe87_bg4"": {""accuracy"": 50.0, ""f1_score"": 33.33, ""correct"": 2, ""total"": 4}, ""subtle_gray_stripes_stripe87_bg5"": {""accuracy"": 50.0, ""f1_score"": 33.33, ""correct"": 2, ""total"": 4}, ""subtle_gray_stripes_stripe87_bg6"": {""accuracy"": 50.0, ""f1_score"": 33.33, ""correct"": 2, ""total"": 4}, ""subtle_gray_stripes_stripe87_bg7"": {""accuracy"": 50.0, ""f1_score"": 33.33, ""correct"": 2, ""total"": 4}, ""subtle_gray_stripes_stripe87_bg8"": {""accuracy"": 50.0, ""f1_score"": 33.33, ""correct"": 2, ""total"": 4}, ""subtle_gray_stripes_stripe87_bg9"": {""accuracy"": 50.0, ""f1_score"": 33.33, ""correct"": 2, ""total"": 4}, ""subtle_gray_stripes_stripe88_bg10"": {""accuracy"": 50.0, ""f1_score"": 33.33, ""correct"": 2, ""total"": 4}, ""subtle_gray_stripes_stripe88_bg3"": {""accuracy"": 50.0, ""f1_score"": 33.33, ""correct"": 2, ""total"": 4}, ""subtle_gray_stripes_stripe88_bg4"": {""accuracy"": 50.0, ""f1_score"": 33.33, ""correct"": 2, ""total"": 4}, ""subtle_gray_stripes_stripe88_bg5"": {""accuracy"": 50.0, ""f1_score"": 33.33, ""correct"": 2, ""total"": 4}, ""subtle_gray_stripes_stripe88_bg6"": {""accuracy"": 50.0, ""f1_score"": 33.33, ""correct"": 2, ""total"": 4}, ""subtle_gray_stripes_stripe88_bg7"": {""accuracy"": 50.0, ""f1_score"": 33.33, ""correct"": 2, ""total"": 4}, ""subtle_gray_stripes_stripe88_bg8"": {""accuracy"": 50.0, ""f1_score"": 33.33, ""correct"": 2, ""total"": 4}, ""subtle_gray_stripes_stripe88_bg9"": {""accuracy"": 50.0, ""f1_score"": 33.33, ""correct"": 2, ""total"": 4}, ""subtle_gray_stripes_stripe89_bg10"": {""accuracy"": 50.0, ""f1_score"": 33.33, ""correct"": 2, ""total"": 4}, ""subtle_gray_stripes_stripe89_bg3"": {""accuracy"": 50.0, ""f1_score"": 33.33, ""correct"": 2, ""total"": 4}, ""subtle_gray_stripes_stripe89_bg4"": {""accuracy"": 50.0, ""f1_score"": 33.33, ""correct"": 2, ""total"": 4}, ""subtle_gray_stripes_stripe89_bg5"": {""accuracy"": 50.0, ""f1_score"": 33.33, ""correct"": 2, ""total"": 4}, ""subtle_gray_stripes_stripe89_bg6"": {""accuracy"": 50.0, ""f1_score"": 33.33, ""correct"": 2, ""total"": 4}, ""subtle_gray_stripes_stripe89_bg7"": {""accuracy"": 50.0, ""f1_score"": 33.33, ""correct"": 2, ""total"": 4}, ""subtle_gray_stripes_stripe89_bg8"": {""accuracy"": 50.0, ""f1_score"": 33.33, ""correct"": 2, ""total"": 4}, ""subtle_gray_stripes_stripe89_bg9"": {""accuracy"": 50.0, ""f1_score"": 33.33, ""correct"": 2, ""total"": 4}, ""subtle_gray_stripes_stripe90_bg10"": {""accuracy"": 50.0, ""f1_score"": 33.33, ""correct"": 2, ""total"": 4}, ""subtle_gray_stripes_stripe90_bg3"": {""accuracy"": 50.0, ""f1_score"": 33.33, ""correct"": 2, ""total"": 4}, ""subtle_gray_stripes_stripe90_bg4"": {""accuracy"": 50.0, ""f1_score"": 33.33, ""correct"": 2, ""total"": 4}, ""subtle_gray_stripes_stripe90_bg5"": {""accuracy"": 50.0, ""f1_score"": 33.33, ""correct"": 2, ""total"": 4}, ""subtle_gray_stripes_stripe90_bg6"": {""accuracy"": 50.0, ""f1_score"": 33.33, ""correct"": 2, ""total"": 4}, ""subtle_gray_stripes_stripe90_bg7"": {""accuracy"": 50.0, ""f1_score"": 33.33, ""correct"": 2, ""total"": 4}, ""subtle_gray_stripes_stripe90_bg8"": {""accuracy"": 50.0, ""f1_score"": 33.33, ""correct"": 2, ""total"": 4}, ""subtle_gray_stripes_stripe90_bg9"": {""accuracy"": 50.0, ""f1_score"": 33.33, ""correct"": 2, ""total"": 4}}","{""angle0"": {""accuracy"": 50.0, ""f1_score"": 33.33, ""correct"": 64, ""total"": 128}, ""angle30"": {""accuracy"": 50.0, ""f1_score"": 33.33, ""correct"": 64, ""total"": 128}}","{""subtle_gray_stripes_stripe83_bg10"": {""accuracy"": 50.0, ""f1_score"": 33.33, ""correct"": 2, ""total"": 4}, ""subtle_gray_stripes_stripe83_bg3"": {""accuracy"": 50.0, ""f1_score"": 33.33, ""correct"": 2, ""total"": 4}, ""subtle_gray_stripes_stripe83_bg4"": {""accuracy"": 50.0, ""f1_score"": 33.33, ""correct"": 2, ""total"": 4}, ""subtle_gray_stripes_stripe83_bg5"": {""accuracy"": 50.0, ""f1_score"": 33.33, ""correct"": 2, ""total"": 4}, ""subtle_gray_stripes_stripe83_bg6"": {""accuracy"": 50.0, ""f1_score"": 33.33, ""correct"": 2, ""total"": 4}, ""subtle_gray_stripes_stripe83_bg7"": {""accuracy"": 50.0, ""f1_score"": 33.33, ""correct"": 2, ""total"": 4}, ""subtle_gray_stripes_stripe83_bg8"": {""accuracy"": 50.0, ""f1_score"": 33.33, ""correct"": 2, ""total"": 4}, ""subtle_gray_stripes_stripe83_bg9"": {""accuracy"": 50.0, ""f1_score"": 33.33, ""correct"": 2, ""total"": 4}, ""subtle_gray_stripes_stripe84_bg10"": {""accuracy"": 50.0, ""f1_score"": 33.33, ""correct"": 2, ""total"": 4}, ""subtle_gray_stripes_stripe84_bg3"": {""accuracy"": 50.0, ""f1_score"": 33.33, ""correct"": 2, ""total"": 4}, ""subtle_gray_stripes_stripe84_bg4"": {""accuracy"": 50.0, ""f1_score"": 33.33, ""correct"": 2, ""total"": 4}, ""subtle_gray_stripes_stripe84_bg5"": {""accuracy"": 50.0, ""f1_score"": 33.33, ""correct"": 2, ""total"": 4}, ""subtle_gray_stripes_stripe84_bg6"": {""accuracy"": 50.0, ""f1_score"": 33.33, ""correct"": 2, ""total"": 4}, ""subtle_gray_stripes_stripe84_bg7"": {""accuracy"": 50.0, ""f1_score"": 33.33, ""correct"": 2, ""total"": 4}, ""subtle_gray_stripes_stripe84_bg8"": {""accuracy"": 50.0, ""f1_score"": 33.33, ""correct"": 2, ""total"": 4}, ""subtle_gray_stripes_stripe84_bg9"": {""accuracy"": 50.0, ""f1_score"": 33.33, ""correct"": 2, ""total"": 4}, ""subtle_gray_stripes_stripe85_bg10"": {""accuracy"": 50.0, ""f1_score"": 33.33, ""correct"": 2, ""total"": 4}, ""subtle_gray_stripes_stripe85_bg3"": {""accuracy"": 50.0, ""f1_score"": 33.33, ""correct"": 2, ""total"": 4}, ""subtle_gray_stripes_stripe85_bg4"": {""accuracy"": 50.0, ""f1_score"": 33.33, ""correct"": 2, ""total"": 4}, ""subtle_gray_stripes_stripe85_bg5"": {""accuracy"": 50.0, ""f1_score"": 33.33, ""correct"": 2, ""total"": 4}, ""subtle_gray_stripes_stripe85_bg6"": {""accuracy"": 50.0, ""f1_score"": 33.33, ""correct"": 2, ""total"": 4}, ""subtle_gray_stripes_stripe85_bg7"": {""accuracy"": 50.0, ""f1_score"": 33.33, ""correct"": 2, ""total"": 4}, ""subtle_gray_stripes_stripe85_bg8"": {""accuracy"": 50.0, ""f1_score"": 33.33, ""correct"": 2, ""total"": 4}, ""subtle_gray_stripes_stripe85_bg9"": {""accuracy"": 50.0, ""f1_score"": 33.33, ""correct"": 2, ""total"": 4}, ""subtle_gray_stripes_stripe86_bg10"": {""accuracy"": 50.0, ""f1_score"": 33.33, ""correct"": 2, ""total"": 4}, ""subtle_gray_stripes_stripe86_bg3"": {""accuracy"": 50.0, ""f1_score"": 33.33, ""correct"": 2, ""total"": 4}, ""subtle_gray_stripes_stripe86_bg4"": {""accuracy"": 50.0, ""f1_score"": 33.33, ""correct"": 2, ""total"": 4}, ""subtle_gray_stripes_stripe86_bg5"": {""accuracy"": 50.0, ""f1_score"": 33.33, ""correct"": 2, ""total"": 4}, ""subtle_gray_stripes_stripe86_bg6"": {""accuracy"": 50.0, ""f1_score"": 33.33, ""correct"": 2, ""total"": 4}, ""subtle_gray_stripes_stripe86_bg7"": {""accuracy"": 50.0, ""f1_score"": 33.33, ""correct"": 2, ""total"": 4}, ""subtle_gray_stripes_stripe86_bg8"": {""accuracy"": 50.0, ""f1_score"": 33.33, ""correct"": 2, ""total"": 4}, ""subtle_gray_stripes_stripe86_bg9"": {""accuracy"": 50.0, ""f1_score"": 33.33, ""correct"": 2, ""total"": 4}, ""subtle_gray_stripes_stripe87_bg10"": {""accuracy"": 50.0, ""f1_score"": 33.33, ""correct"": 2, ""total"": 4}, ""subtle_gray_stripes_stripe87_bg3"": {""accuracy"": 50.0, ""f1_score"": 33.33, ""correct"": 2, ""total"": 4}, ""subtle_gray_stripes_stripe87_bg4"": {""accuracy"": 50.0, ""f1_score"": 33.33, ""correct"": 2, ""total"": 4}, ""subtle_gray_stripes_stripe87_bg5"": {""accuracy"": 50.0, ""f1_score"": 33.33, ""correct"": 2, ""total"": 4}, ""subtle_gray_stripes_stripe87_bg6"": {""accuracy"": 50.0, ""f1_score"": 33.33, ""correct"": 2, ""total"": 4}, ""subtle_gray_stripes_stripe87_bg7"": {""accuracy"": 50.0, ""f1_score"": 33.33, ""correct"": 2, ""total"": 4}, ""subtle_gray_stripes_stripe87_bg8"": {""accuracy"": 50.0, ""f1_score"": 33.33, ""correct"": 2, ""total"": 4}, ""subtle_gray_stripes_stripe87_bg9"": {""accuracy"": 50.0, ""f1_score"": 33.33, ""correct"": 2, ""total"": 4}, ""subtle_gray_stripes_stripe88_bg10"": {""accuracy"": 50.0, ""f1_score"": 33.33, ""correct"": 2, ""total"": 4}, ""subtle_gray_stripes_stripe88_bg3"": {""accuracy"": 50.0, ""f1_score"": 33.33, ""correct"": 2, ""total"": 4}, ""subtle_gray_stripes_stripe88_bg4"": {""accuracy"": 50.0, ""f1_score"": 33.33, ""correct"": 2, ""total"": 4}, ""subtle_gray_stripes_stripe88_bg5"": {""accuracy"": 50.0, ""f1_score"": 33.33, ""correct"": 2, ""total"": 4}, ""subtle_gray_stripes_stripe88_bg6"": {""accuracy"": 50.0, ""f1_score"": 33.33, ""correct"": 2, ""total"": 4}, ""subtle_gray_stripes_stripe88_bg7"": {""accuracy"": 50.0, ""f1_score"": 33.33, ""correct"": 2, ""total"": 4}, ""subtle_gray_stripes_stripe88_bg8"": {""accuracy"": 50.0, ""f1_score"": 33.33, ""correct"": 2, ""total"": 4}, ""subtle_gray_stripes_stripe88_bg9"": {""accuracy"": 50.0, ""f1_score"": 33.33, ""correct"": 2, ""total"": 4}, ""subtle_gray_stripes_stripe89_bg10"": {""accuracy"": 50.0, ""f1_score"": 33.33, ""correct"": 2, ""total"": 4}, ""subtle_gray_stripes_stripe89_bg3"": {""accuracy"": 50.0, ""f1_score"": 33.33, ""correct"": 2, ""total"": 4}, ""subtle_gray_stripes_stripe89_bg4"": {""accuracy"": 50.0, ""f1_score"": 33.33, ""correct"": 2, ""total"": 4}, ""subtle_gray_stripes_stripe89_bg5"": {""accuracy"": 50.0, ""f1_score"": 33.33, ""correct"": 2, ""total"": 4}, ""subtle_gray_stripes_stripe89_bg6"": {""accuracy"": 50.0, ""f1_score"": 33.33, ""correct"": 2, ""total"": 4}, ""subtle_gray_stripes_stripe89_bg7"": {""accuracy"": 50.0, ""f1_score"": 33.33, ""correct"": 2, ""total"": 4}, ""subtle_gray_stripes_stripe89_bg8"": {""accuracy"": 50.0, ""f1_score"": 33.33, ""correct"": 2, ""total"": 4}, ""subtle_gray_stripes_stripe89_bg9"": {""accuracy"": 50.0, ""f1_score"": 33.33, ""correct"": 2, ""total"": 4}, ""subtle_gray_stripes_stripe90_bg10"": {""accuracy"": 50.0, ""f1_score"": 33.33, ""correct"": 2, ""total"": 4}, ""subtle_gray_stripes_stripe90_bg3"": {""accuracy"": 50.0, ""f1_score"": 33.33, ""correct"": 2, ""total"": 4}, ""subtle_gray_stripes_stripe90_bg4"": {""accuracy"": 50.0, ""f1_score"": 33.33, ""correct"": 2, ""total"": 4}, ""subtle_gray_stripes_stripe90_bg5"": {""accuracy"": 50.0, ""f1_score"": 33.33, ""correct"": 2, ""total"": 4}, ""subtle_gray_stripes_stripe90_bg6"": {""accuracy"": 50.0, ""f1_score"": 33.33, ""correct"": 2, ""total"": 4}, ""subtle_gray_stripes_stripe90_bg7"": {""accuracy"": 50.0, ""f1_score"": 33.33, ""correct"": 2, ""total"": 4}, ""subtle_gray_stripes_stripe90_bg8"": {""accuracy"": 50.0, ""f1_score"": 33.33, ""correct"": 2, ""total"": 4}, ""subtle_gray_stripes_stripe90_bg9"": {""accuracy"": 50.0, ""f1_score"": 33.33, ""correct"": 2, ""total"": 4}}","{""angle0"": {""accuracy"": 50.0, ""f1_score"": 33.33, ""correct"": 64, ""total"": 128}, ""angle30"": {""accuracy"": 50.0, ""f1_score"": 33.33, ""correct"": 64, ""total"": 128}}",,,saves/qwen2vl-treadmill-lora-pipeline,,True,7
2,2025-12-04 12:21:58,20251204_122158,_exp_20251204_133345,_exp_20251204_133345_train,_exp_20251204_133345_test,100,1.0,42,subtle_gray_stripes,left,"0.0,30.0","0.0,14.0",640x480,4,12.0,0.0,1.0,none,1.0,0,0.0,0.1,10,60,"228,229,230,231","120,121,122,123",0.0,false,,,,,false,,,,false,subtle_gray_stripes,left,"0,30.0","0.0,14.0",640x480,4,12.0,0.0,1.0,none,1.0,0,0.0,0.1,10,60,"83,84,85,86,87,88,89,90","3,4,5,6,7,8,9,10",0.0,false,,,,,false,,,,false,Qwen/Qwen2.5-VL-3B-Instruct,qwen2_vl,saves/qwen2vl-treadmill-lora-pipeline,8,16,0.05,8192,14,1,5e-05,cosine,0.1,False,True,4,10,100,100,yesno,128,1024,4.0,128,0.8,True,False,False,False,skipped,completed,completed,50.00,33.33,0.00,0.00,25.00,50.00,0,128,128,128,99.22,99.22,0.00,0.00,99.23,99.22,128,128,126,128,"{""subtle_gray_stripes_stripe83_bg10"": {""accuracy"": 50.0, ""f1_score"": 33.33, ""correct"": 2, ""total"": 4}, ""subtle_gray_stripes_stripe83_bg3"": {""accuracy"": 50.0, ""f1_score"": 33.33, ""correct"": 2, ""total"": 4}, ""subtle_gray_stripes_stripe83_bg4"": {""accuracy"": 50.0, ""f1_score"": 33.33, ""correct"": 2, ""total"": 4}, ""subtle_gray_stripes_stripe83_bg5"": {""accuracy"": 50.0, ""f1_score"": 33.33, ""correct"": 2, ""total"": 4}, ""subtle_gray_stripes_stripe83_bg6"": {""accuracy"": 50.0, ""f1_score"": 33.33, ""correct"": 2, ""total"": 4}, ""subtle_gray_stripes_stripe83_bg7"": {""accuracy"": 50.0, ""f1_score"": 33.33, ""correct"": 2, ""total"": 4}, ""subtle_gray_stripes_stripe83_bg8"": {""accuracy"": 50.0, ""f1_score"": 33.33, ""correct"": 2, ""total"": 4}, ""subtle_gray_stripes_stripe83_bg9"": {""accuracy"": 50.0, ""f1_score"": 33.33, ""correct"": 2, ""total"": 4}, ""subtle_gray_stripes_stripe84_bg10"": {""accuracy"": 50.0, ""f1_score"": 33.33, ""correct"": 2, ""total"": 4}, ""subtle_gray_stripes_stripe84_bg3"": {""accuracy"": 50.0, ""f1_score"": 33.33, ""correct"": 2, ""total"": 4}, ""subtle_gray_stripes_stripe84_bg4"": {""accuracy"": 50.0, ""f1_score"": 33.33, ""correct"": 2, ""total"": 4}, ""subtle_gray_stripes_stripe84_bg5"": {""accuracy"": 50.0, ""f1_score"": 33.33, ""correct"": 2, ""total"": 4}, ""subtle_gray_stripes_stripe84_bg6"": {""accuracy"": 50.0, ""f1_score"": 33.33, ""correct"": 2, ""total"": 4}, ""subtle_gray_stripes_stripe84_bg7"": {""accuracy"": 50.0, ""f1_score"": 33.33, ""correct"": 2, ""total"": 4}, ""subtle_gray_stripes_stripe84_bg8"": {""accuracy"": 50.0, ""f1_score"": 33.33, ""correct"": 2, ""total"": 4}, ""subtle_gray_stripes_stripe84_bg9"": {""accuracy"": 50.0, ""f1_score"": 33.33, ""correct"": 2, ""total"": 4}, ""subtle_gray_stripes_stripe85_bg10"": {""accuracy"": 50.0, ""f1_score"": 33.33, ""correct"": 2, ""total"": 4}, ""subtle_gray_stripes_stripe85_bg3"": {""accuracy"": 50.0, ""f1_score"": 33.33, ""correct"": 2, ""total"": 4}, ""subtle_gray_stripes_stripe85_bg4"": {""accuracy"": 50.0, ""f1_score"": 33.33, ""correct"": 2, ""total"": 4}, ""subtle_gray_stripes_stripe85_bg5"": {""accuracy"": 50.0, ""f1_score"": 33.33, ""correct"": 2, ""total"": 4}, ""subtle_gray_stripes_stripe85_bg6"": {""accuracy"": 50.0, ""f1_score"": 33.33, ""correct"": 2, ""total"": 4}, ""subtle_gray_stripes_stripe85_bg7"": {""accuracy"": 50.0, ""f1_score"": 33.33, ""correct"": 2, ""total"": 4}, ""subtle_gray_stripes_stripe85_bg8"": {""accuracy"": 50.0, ""f1_score"": 33.33, ""correct"": 2, ""total"": 4}, ""subtle_gray_stripes_stripe85_bg9"": {""accuracy"": 50.0, ""f1_score"": 33.33, ""correct"": 2, ""total"": 4}, ""subtle_gray_stripes_stripe86_bg10"": {""accuracy"": 50.0, ""f1_score"": 33.33, ""correct"": 2, ""total"": 4}, ""subtle_gray_stripes_stripe86_bg3"": {""accuracy"": 50.0, ""f1_score"": 33.33, ""correct"": 2, ""total"": 4}, ""subtle_gray_stripes_stripe86_bg4"": {""accuracy"": 50.0, ""f1_score"": 33.33, ""correct"": 2, ""total"": 4}, ""subtle_gray_stripes_stripe86_bg5"": {""accuracy"": 50.0, ""f1_score"": 33.33, ""correct"": 2, ""total"": 4}, ""subtle_gray_stripes_stripe86_bg6"": {""accuracy"": 50.0, ""f1_score"": 33.33, ""correct"": 2, ""total"": 4}, ""subtle_gray_stripes_stripe86_bg7"": {""accuracy"": 50.0, ""f1_score"": 33.33, ""correct"": 2, ""total"": 4}, ""subtle_gray_stripes_stripe86_bg8"": {""accuracy"": 50.0, ""f1_score"": 33.33, ""correct"": 2, ""total"": 4}, ""subtle_gray_stripes_stripe86_bg9"": {""accuracy"": 50.0, ""f1_score"": 33.33, ""correct"": 2, ""total"": 4}, ""subtle_gray_stripes_stripe87_bg10"": {""accuracy"": 50.0, ""f1_score"": 33.33, ""correct"": 2, ""total"": 4}, ""subtle_gray_stripes_stripe87_bg3"": {""accuracy"": 50.0, ""f1_score"": 33.33, ""correct"": 2, ""total"": 4}, ""subtle_gray_stripes_stripe87_bg4"": {""accuracy"": 50.0, ""f1_score"": 33.33, ""correct"": 2, ""total"": 4}, ""subtle_gray_stripes_stripe87_bg5"": {""accuracy"": 50.0, ""f1_score"": 33.33, ""correct"": 2, ""total"": 4}, ""subtle_gray_stripes_stripe87_bg6"": {""accuracy"": 50.0, ""f1_score"": 33.33, ""correct"": 2, ""total"": 4}, ""subtle_gray_stripes_stripe87_bg7"": {""accuracy"": 50.0, ""f1_score"": 33.33, ""correct"": 2, ""total"": 4}, ""subtle_gray_stripes_stripe87_bg8"": {""accuracy"": 50.0, ""f1_score"": 33.33, ""correct"": 2, ""total"": 4}, ""subtle_gray_stripes_stripe87_bg9"": {""accuracy"": 50.0, ""f1_score"": 33.33, ""correct"": 2, ""total"": 4}, ""subtle_gray_stripes_stripe88_bg10"": {""accuracy"": 50.0, ""f1_score"": 33.33, ""correct"": 2, ""total"": 4}, ""subtle_gray_stripes_stripe88_bg3"": {""accuracy"": 50.0, ""f1_score"": 33.33, ""correct"": 2, ""total"": 4}, ""subtle_gray_stripes_stripe88_bg4"": {""accuracy"": 50.0, ""f1_score"": 33.33, ""correct"": 2, ""total"": 4}, ""subtle_gray_stripes_stripe88_bg5"": {""accuracy"": 50.0, ""f1_score"": 33.33, ""correct"": 2, ""total"": 4}, ""subtle_gray_stripes_stripe88_bg6"": {""accuracy"": 50.0, ""f1_score"": 33.33, ""correct"": 2, ""total"": 4}, ""subtle_gray_stripes_stripe88_bg7"": {""accuracy"": 50.0, ""f1_score"": 33.33, ""correct"": 2, ""total"": 4}, ""subtle_gray_stripes_stripe88_bg8"": {""accuracy"": 50.0, ""f1_score"": 33.33, ""correct"": 2, ""total"": 4}, ""subtle_gray_stripes_stripe88_bg9"": {""accuracy"": 50.0, ""f1_score"": 33.33, ""correct"": 2, ""total"": 4}, ""subtle_gray_stripes_stripe89_bg10"": {""accuracy"": 50.0, ""f1_score"": 33.33, ""correct"": 2, ""total"": 4}, ""subtle_gray_stripes_stripe89_bg3"": {""accuracy"": 50.0, ""f1_score"": 33.33, ""correct"": 2, ""total"": 4}, ""subtle_gray_stripes_stripe89_bg4"": {""accuracy"": 50.0, ""f1_score"": 33.33, ""correct"": 2, ""total"": 4}, ""subtle_gray_stripes_stripe89_bg5"": {""accuracy"": 50.0, ""f1_score"": 33.33, ""correct"": 2, ""total"": 4}, ""subtle_gray_stripes_stripe89_bg6"": {""accuracy"": 50.0, ""f1_score"": 33.33, ""correct"": 2, ""total"": 4}, ""subtle_gray_stripes_stripe89_bg7"": {""accuracy"": 50.0, ""f1_score"": 33.33, ""correct"": 2, ""total"": 4}, ""subtle_gray_stripes_stripe89_bg8"": {""accuracy"": 50.0, ""f1_score"": 33.33, ""correct"": 2, ""total"": 4}, ""subtle_gray_stripes_stripe89_bg9"": {""accuracy"": 50.0, ""f1_score"": 33.33, ""correct"": 2, ""total"": 4}, ""subtle_gray_stripes_stripe90_bg10"": {""accuracy"": 50.0, ""f1_score"": 33.33, ""correct"": 2, ""total"": 4}, ""subtle_gray_stripes_stripe90_bg3"": {""accuracy"": 50.0, ""f1_score"": 33.33, ""correct"": 2, ""total"": 4}, ""subtle_gray_stripes_stripe90_bg4"": {""accuracy"": 50.0, ""f1_score"": 33.33, ""correct"": 2, ""total"": 4}, ""subtle_gray_stripes_stripe90_bg5"": {""accuracy"": 50.0, ""f1_score"": 33.33, ""correct"": 2, ""total"": 4}, ""subtle_gray_stripes_stripe90_bg6"": {""accuracy"": 50.0, ""f1_score"": 33.33, ""correct"": 2, ""total"": 4}, ""subtle_gray_stripes_stripe90_bg7"": {""accuracy"": 50.0, ""f1_score"": 33.33, ""correct"": 2, ""total"": 4}, ""subtle_gray_stripes_stripe90_bg8"": {""accuracy"": 50.0, ""f1_score"": 33.33, ""correct"": 2, ""total"": 4}, ""subtle_gray_stripes_stripe90_bg9"": {""accuracy"": 50.0, ""f1_score"": 33.33, ""correct"": 2, ""total"": 4}}","{""angle0"": {""accuracy"": 50.0, ""f1_score"": 33.33, ""correct"": 64, ""total"": 128}, ""angle30"": {""accuracy"": 50.0, ""f1_score"": 33.33, ""correct"": 64, ""total"": 128}}","{""subtle_gray_stripes_stripe83_bg10"": {""accuracy"": 100.0, ""f1_score"": 100.0, ""correct"": 4, ""total"": 4}, ""subtle_gray_stripes_stripe83_bg3"": {""accuracy"": 100.0, ""f1_score"": 100.0, ""correct"": 4, ""total"": 4}, ""subtle_gray_stripes_stripe83_bg4"": {""accuracy"": 100.0, ""f1_score"": 100.0, ""correct"": 4, ""total"": 4}, ""subtle_gray_stripes_stripe83_bg5"": {""accuracy"": 100.0, ""f1_score"": 100.0, ""correct"": 4, ""total"": 4}, ""subtle_gray_stripes_stripe83_bg6"": {""accuracy"": 100.0, ""f1_score"": 100.0, ""correct"": 4, ""total"": 4}, ""subtle_gray_stripes_stripe83_bg7"": {""accuracy"": 100.0, ""f1_score"": 100.0, ""correct"": 4, ""total"": 4}, ""subtle_gray_stripes_stripe83_bg8"": {""accuracy"": 100.0, ""f1_score"": 100.0, ""correct"": 4, ""total"": 4}, ""subtle_gray_stripes_stripe83_bg9"": {""accuracy"": 100.0, ""f1_score"": 100.0, ""correct"": 4, ""total"": 4}, ""subtle_gray_stripes_stripe84_bg10"": {""accuracy"": 100.0, ""f1_score"": 100.0, ""correct"": 4, ""total"": 4}, ""subtle_gray_stripes_stripe84_bg3"": {""accuracy"": 100.0, ""f1_score"": 100.0, ""correct"": 4, ""total"": 4}, ""subtle_gray_stripes_stripe84_bg4"": {""accuracy"": 100.0, ""f1_score"": 100.0, ""correct"": 4, ""total"": 4}, ""subtle_gray_stripes_stripe84_bg5"": {""accuracy"": 100.0, ""f1_score"": 100.0, ""correct"": 4, ""total"": 4}, ""subtle_gray_stripes_stripe84_bg6"": {""accuracy"": 100.0, ""f1_score"": 100.0, ""correct"": 4, ""total"": 4}, ""subtle_gray_stripes_stripe84_bg7"": {""accuracy"": 100.0, ""f1_score"": 100.0, ""correct"": 4, ""total"": 4}, ""subtle_gray_stripes_stripe84_bg8"": {""accuracy"": 100.0, ""f1_score"": 100.0, ""correct"": 4, ""total"": 4}, ""subtle_gray_stripes_stripe84_bg9"": {""accuracy"": 100.0, ""f1_score"": 100.0, ""correct"": 4, ""total"": 4}, ""subtle_gray_stripes_stripe85_bg10"": {""accuracy"": 100.0, ""f1_score"": 100.0, ""correct"": 4, ""total"": 4}, ""subtle_gray_stripes_stripe85_bg3"": {""accuracy"": 100.0, ""f1_score"": 100.0, ""correct"": 4, ""total"": 4}, ""subtle_gray_stripes_stripe85_bg4"": {""accuracy"": 100.0, ""f1_score"": 100.0, ""correct"": 4, ""total"": 4}, ""subtle_gray_stripes_stripe85_bg5"": {""accuracy"": 100.0, ""f1_score"": 100.0, ""correct"": 4, ""total"": 4}, ""subtle_gray_stripes_stripe85_bg6"": {""accuracy"": 100.0, ""f1_score"": 100.0, ""correct"": 4, ""total"": 4}, ""subtle_gray_stripes_stripe85_bg7"": {""accuracy"": 100.0, ""f1_score"": 100.0, ""correct"": 4, ""total"": 4}, ""subtle_gray_stripes_stripe85_bg8"": {""accuracy"": 100.0, ""f1_score"": 100.0, ""correct"": 4, ""total"": 4}, ""subtle_gray_stripes_stripe85_bg9"": {""accuracy"": 100.0, ""f1_score"": 100.0, ""correct"": 4, ""total"": 4}, ""subtle_gray_stripes_stripe86_bg10"": {""accuracy"": 100.0, ""f1_score"": 100.0, ""correct"": 4, ""total"": 4}, ""subtle_gray_stripes_stripe86_bg3"": {""accuracy"": 100.0, ""f1_score"": 100.0, ""correct"": 4, ""total"": 4}, ""subtle_gray_stripes_stripe86_bg4"": {""accuracy"": 100.0, ""f1_score"": 100.0, ""correct"": 4, ""total"": 4}, ""subtle_gray_stripes_stripe86_bg5"": {""accuracy"": 100.0, ""f1_score"": 100.0, ""correct"": 4, ""total"": 4}, ""subtle_gray_stripes_stripe86_bg6"": {""accuracy"": 100.0, ""f1_score"": 100.0, ""correct"": 4, ""total"": 4}, ""subtle_gray_stripes_stripe86_bg7"": {""accuracy"": 100.0, ""f1_score"": 100.0, ""correct"": 4, ""total"": 4}, ""subtle_gray_stripes_stripe86_bg8"": {""accuracy"": 100.0, ""f1_score"": 100.0, ""correct"": 4, ""total"": 4}, ""subtle_gray_stripes_stripe86_bg9"": {""accuracy"": 100.0, ""f1_score"": 100.0, ""correct"": 4, ""total"": 4}, ""subtle_gray_stripes_stripe87_bg10"": {""accuracy"": 75.0, ""f1_score"": 73.33, ""correct"": 3, ""total"": 4}, ""subtle_gray_stripes_stripe87_bg3"": {""accuracy"": 100.0, ""f1_score"": 100.0, ""correct"": 4, ""total"": 4}, ""subtle_gray_stripes_stripe87_bg4"": {""accuracy"": 100.0, ""f1_score"": 100.0, ""correct"": 4, ""total"": 4}, ""subtle_gray_stripes_stripe87_bg5"": {""accuracy"": 75.0, ""f1_score"": 73.33, ""correct"": 3, ""total"": 4}, ""subtle_gray_stripes_stripe87_bg6"": {""accuracy"": 100.0, ""f1_score"": 100.0, ""correct"": 4, ""total"": 4}, ""subtle_gray_stripes_stripe87_bg7"": {""accuracy"": 100.0, ""f1_score"": 100.0, ""correct"": 4, ""total"": 4}, ""subtle_gray_stripes_stripe87_bg8"": {""accuracy"": 100.0, ""f1_score"": 100.0, ""correct"": 4, ""total"": 4}, ""subtle_gray_stripes_stripe87_bg9"": {""accuracy"": 100.0, ""f1_score"": 100.0, ""correct"": 4, ""total"": 4}, ""subtle_gray_stripes_stripe88_bg10"": {""accuracy"": 100.0, ""f1_score"": 100.0, ""correct"": 4, ""total"": 4}, ""subtle_gray_stripes_stripe88_bg3"": {""accuracy"": 100.0, ""f1_score"": 100.0, ""correct"": 4, ""total"": 4}, ""subtle_gray_stripes_stripe88_bg4"": {""accuracy"": 100.0, ""f1_score"": 100.0, ""correct"": 4, ""total"": 4}, ""subtle_gray_stripes_stripe88_bg5"": {""accuracy"": 100.0, ""f1_score"": 100.0, ""correct"": 4, ""total"": 4}, ""subtle_gray_stripes_stripe88_bg6"": {""accuracy"": 100.0, ""f1_score"": 100.0, ""correct"": 4, ""total"": 4}, ""subtle_gray_stripes_stripe88_bg7"": {""accuracy"": 100.0, ""f1_score"": 100.0, ""correct"": 4, ""total"": 4}, ""subtle_gray_stripes_stripe88_bg8"": {""accuracy"": 100.0, ""f1_score"": 100.0, ""correct"": 4, ""total"": 4}, ""subtle_gray_stripes_stripe88_bg9"": {""accuracy"": 100.0, ""f1_score"": 100.0, ""correct"": 4, ""total"": 4}, ""subtle_gray_stripes_stripe89_bg10"": {""accuracy"": 100.0, ""f1_score"": 100.0, ""correct"": 4, ""total"": 4}, ""subtle_gray_stripes_stripe89_bg3"": {""accuracy"": 100.0, ""f1_score"": 100.0, ""correct"": 4, ""total"": 4}, ""subtle_gray_stripes_stripe89_bg4"": {""accuracy"": 100.0, ""f1_score"": 100.0, ""correct"": 4, ""total"": 4}, ""subtle_gray_stripes_stripe89_bg5"": {""accuracy"": 100.0, ""f1_score"": 100.0, ""correct"": 4, ""total"": 4}, ""subtle_gray_stripes_stripe89_bg6"": {""accuracy"": 100.0, ""f1_score"": 100.0, ""correct"": 4, ""total"": 4}, ""subtle_gray_stripes_stripe89_bg7"": {""accuracy"": 100.0, ""f1_score"": 100.0, ""correct"": 4, ""total"": 4}, ""subtle_gray_stripes_stripe89_bg8"": {""accuracy"": 100.0, ""f1_score"": 100.0, ""correct"": 4, ""total"": 4}, ""subtle_gray_stripes_stripe89_bg9"": {""accuracy"": 100.0, ""f1_score"": 100.0, ""correct"": 4, ""total"": 4}, ""subtle_gray_stripes_stripe90_bg10"": {""accuracy"": 100.0, ""f1_score"": 100.0, ""correct"": 4, ""total"": 4}, ""subtle_gray_stripes_stripe90_bg3"": {""accuracy"": 100.0, ""f1_score"": 100.0, ""correct"": 4, ""total"": 4}, ""subtle_gray_stripes_stripe90_bg4"": {""accuracy"": 100.0, ""f1_score"": 100.0, ""correct"": 4, ""total"": 4}, ""subtle_gray_stripes_stripe90_bg5"": {""accuracy"": 100.0, ""f1_score"": 100.0, ""correct"": 4, ""total"": 4}, ""subtle_gray_stripes_stripe90_bg6"": {""accuracy"": 100.0, ""f1_score"": 100.0, ""correct"": 4, ""total"": 4}, ""subtle_gray_stripes_stripe90_bg7"": {""accuracy"": 100.0, ""f1_score"": 100.0, ""correct"": 4, ""total"": 4}, ""subtle_gray_stripes_stripe90_bg8"": {""accuracy"": 100.0, ""f1_score"": 100.0, ""correct"": 4, ""total"": 4}, ""subtle_gray_stripes_stripe90_bg9"": {""accuracy"": 100.0, ""f1_score"": 100.0, ""correct"": 4, ""total"": 4}}","{""angle0"": {""accuracy"": 98.44, ""f1_score"": 98.44, ""correct"": 126, ""total"": 128}, ""angle30"": {""accuracy"": 100.0, ""f1_score"": 100.0, ""correct"": 128, ""total"": 128}}",,,saves/qwen2vl-treadmill-lora-pipeline,_exp_20251204_133345_dora,True,7
3,2025-12-04 14:06:54,20251204_140654,_exp_20251204_133345,_exp_20251204_133345_train,_exp_20251204_133345_test,100,1.0,42,subtle_gray_stripes,left,"0.0,30.0","0.0,14.0",640x480,4,12.0,0.0,1.0,none,1.0,0,0.0,0.1,10,60,"228,229,230,231","120,121,122,123",0.0,false,,,,,false,,,,false,subtle_gray_stripes,left,"0,30.0","0.0,14.0",640x480,4,12.0,0.0,1.0,none,1.0,0,0.0,0.1,10,60,"83,84,85,86,87,88,89,90","3,4,5,6,7,8,9,10",0.0,false,,,,,false,,,,false,Qwen/Qwen2.5-VL-3B-Instruct,qwen2_vl,saves/qwen2vl-treadmill-lora-pipeline,8,16,0.05,8192,1,1,5e-05,cosine,0.1,False,True,4,10,100,100,yesno,128,1024,4.0,128,0.8,True,False,False,False,skipped,completed,completed,50.00,33.33,0.00,0.00,25.00,50.00,0,128,128,128,98.83,98.83,0.00,0.00,98.85,98.83,128,128,125,128,"{""subtle_gray_stripes_stripe83_bg10"": {""accuracy"": 50.0, ""f1_score"": 33.33, ""correct"": 2, ""total"": 4}, ""subtle_gray_stripes_stripe83_bg3"": {""accuracy"": 50.0, ""f1_score"": 33.33, ""correct"": 2, ""total"": 4}, ""subtle_gray_stripes_stripe83_bg4"": {""accuracy"": 50.0, ""f1_score"": 33.33, ""correct"": 2, ""total"": 4}, ""subtle_gray_stripes_stripe83_bg5"": {""accuracy"": 50.0, ""f1_score"": 33.33, ""correct"": 2, ""total"": 4}, ""subtle_gray_stripes_stripe83_bg6"": {""accuracy"": 50.0, ""f1_score"": 33.33, ""correct"": 2, ""total"": 4}, ""subtle_gray_stripes_stripe83_bg7"": {""accuracy"": 50.0, ""f1_score"": 33.33, ""correct"": 2, ""total"": 4}, ""subtle_gray_stripes_stripe83_bg8"": {""accuracy"": 50.0, ""f1_score"": 33.33, ""correct"": 2, ""total"": 4}, ""subtle_gray_stripes_stripe83_bg9"": {""accuracy"": 50.0, ""f1_score"": 33.33, ""correct"": 2, ""total"": 4}, ""subtle_gray_stripes_stripe84_bg10"": {""accuracy"": 50.0, ""f1_score"": 33.33, ""correct"": 2, ""total"": 4}, ""subtle_gray_stripes_stripe84_bg3"": {""accuracy"": 50.0, ""f1_score"": 33.33, ""correct"": 2, ""total"": 4}, ""subtle_gray_stripes_stripe84_bg4"": {""accuracy"": 50.0, ""f1_score"": 33.33, ""correct"": 2, ""total"": 4}, ""subtle_gray_stripes_stripe84_bg5"": {""accuracy"": 50.0, ""f1_score"": 33.33, ""correct"": 2, ""total"": 4}, ""subtle_gray_stripes_stripe84_bg6"": {""accuracy"": 50.0, ""f1_score"": 33.33, ""correct"": 2, ""total"": 4}, ""subtle_gray_stripes_stripe84_bg7"": {""accuracy"": 50.0, ""f1_score"": 33.33, ""correct"": 2, ""total"": 4}, ""subtle_gray_stripes_stripe84_bg8"": {""accuracy"": 50.0, ""f1_score"": 33.33, ""correct"": 2, ""total"": 4}, ""subtle_gray_stripes_stripe84_bg9"": {""accuracy"": 50.0, ""f1_score"": 33.33, ""correct"": 2, ""total"": 4}, ""subtle_gray_stripes_stripe85_bg10"": {""accuracy"": 50.0, ""f1_score"": 33.33, ""correct"": 2, ""total"": 4}, ""subtle_gray_stripes_stripe85_bg3"": {""accuracy"": 50.0, ""f1_score"": 33.33, ""correct"": 2, ""total"": 4}, ""subtle_gray_stripes_stripe85_bg4"": {""accuracy"": 50.0, ""f1_score"": 33.33, ""correct"": 2, ""total"": 4}, ""subtle_gray_stripes_stripe85_bg5"": {""accuracy"": 50.0, ""f1_score"": 33.33, ""correct"": 2, ""total"": 4}, ""subtle_gray_stripes_stripe85_bg6"": {""accuracy"": 50.0, ""f1_score"": 33.33, ""correct"": 2, ""total"": 4}, ""subtle_gray_stripes_stripe85_bg7"": {""accuracy"": 50.0, ""f1_score"": 33.33, ""correct"": 2, ""total"": 4}, ""subtle_gray_stripes_stripe85_bg8"": {""accuracy"": 50.0, ""f1_score"": 33.33, ""correct"": 2, ""total"": 4}, ""subtle_gray_stripes_stripe85_bg9"": {""accuracy"": 50.0, ""f1_score"": 33.33, ""correct"": 2, ""total"": 4}, ""subtle_gray_stripes_stripe86_bg10"": {""accuracy"": 50.0, ""f1_score"": 33.33, ""correct"": 2, ""total"": 4}, ""subtle_gray_stripes_stripe86_bg3"": {""accuracy"": 50.0, ""f1_score"": 33.33, ""correct"": 2, ""total"": 4}, ""subtle_gray_stripes_stripe86_bg4"": {""accuracy"": 50.0, ""f1_score"": 33.33, ""correct"": 2, ""total"": 4}, ""subtle_gray_stripes_stripe86_bg5"": {""accuracy"": 50.0, ""f1_score"": 33.33, ""correct"": 2, ""total"": 4}, ""subtle_gray_stripes_stripe86_bg6"": {""accuracy"": 50.0, ""f1_score"": 33.33, ""correct"": 2, ""total"": 4}, ""subtle_gray_stripes_stripe86_bg7"": {""accuracy"": 50.0, ""f1_score"": 33.33, ""correct"": 2, ""total"": 4}, ""subtle_gray_stripes_stripe86_bg8"": {""accuracy"": 50.0, ""f1_score"": 33.33, ""correct"": 2, ""total"": 4}, ""subtle_gray_stripes_stripe86_bg9"": {""accuracy"": 50.0, ""f1_score"": 33.33, ""correct"": 2, ""total"": 4}, ""subtle_gray_stripes_stripe87_bg10"": {""accuracy"": 50.0, ""f1_score"": 33.33, ""correct"": 2, ""total"": 4}, ""subtle_gray_stripes_stripe87_bg3"": {""accuracy"": 50.0, ""f1_score"": 33.33, ""correct"": 2, ""total"": 4}, ""subtle_gray_stripes_stripe87_bg4"": {""accuracy"": 50.0, ""f1_score"": 33.33, ""correct"": 2, ""total"": 4}, ""subtle_gray_stripes_stripe87_bg5"": {""accuracy"": 50.0, ""f1_score"": 33.33, ""correct"": 2, ""total"": 4}, ""subtle_gray_stripes_stripe87_bg6"": {""accuracy"": 50.0, ""f1_score"": 33.33, ""correct"": 2, ""total"": 4}, ""subtle_gray_stripes_stripe87_bg7"": {""accuracy"": 50.0, ""f1_score"": 33.33, ""correct"": 2, ""total"": 4}, ""subtle_gray_stripes_stripe87_bg8"": {""accuracy"": 50.0, ""f1_score"": 33.33, ""correct"": 2, ""total"": 4}, ""subtle_gray_stripes_stripe87_bg9"": {""accuracy"": 50.0, ""f1_score"": 33.33, ""correct"": 2, ""total"": 4}, ""subtle_gray_stripes_stripe88_bg10"": {""accuracy"": 50.0, ""f1_score"": 33.33, ""correct"": 2, ""total"": 4}, ""subtle_gray_stripes_stripe88_bg3"": {""accuracy"": 50.0, ""f1_score"": 33.33, ""correct"": 2, ""total"": 4}, ""subtle_gray_stripes_stripe88_bg4"": {""accuracy"": 50.0, ""f1_score"": 33.33, ""correct"": 2, ""total"": 4}, ""subtle_gray_stripes_stripe88_bg5"": {""accuracy"": 50.0, ""f1_score"": 33.33, ""correct"": 2, ""total"": 4}, ""subtle_gray_stripes_stripe88_bg6"": {""accuracy"": 50.0, ""f1_score"": 33.33, ""correct"": 2, ""total"": 4}, ""subtle_gray_stripes_stripe88_bg7"": {""accuracy"": 50.0, ""f1_score"": 33.33, ""correct"": 2, ""total"": 4}, ""subtle_gray_stripes_stripe88_bg8"": {""accuracy"": 50.0, ""f1_score"": 33.33, ""correct"": 2, ""total"": 4}, ""subtle_gray_stripes_stripe88_bg9"": {""accuracy"": 50.0, ""f1_score"": 33.33, ""correct"": 2, ""total"": 4}, ""subtle_gray_stripes_stripe89_bg10"": {""accuracy"": 50.0, ""f1_score"": 33.33, ""correct"": 2, ""total"": 4}, ""subtle_gray_stripes_stripe89_bg3"": {""accuracy"": 50.0, ""f1_score"": 33.33, ""correct"": 2, ""total"": 4}, ""subtle_gray_stripes_stripe89_bg4"": {""accuracy"": 50.0, ""f1_score"": 33.33, ""correct"": 2, ""total"": 4}, ""subtle_gray_stripes_stripe89_bg5"": {""accuracy"": 50.0, ""f1_score"": 33.33, ""correct"": 2, ""total"": 4}, ""subtle_gray_stripes_stripe89_bg6"": {""accuracy"": 50.0, ""f1_score"": 33.33, ""correct"": 2, ""total"": 4}, ""subtle_gray_stripes_stripe89_bg7"": {""accuracy"": 50.0, ""f1_score"": 33.33, ""correct"": 2, ""total"": 4}, ""subtle_gray_stripes_stripe89_bg8"": {""accuracy"": 50.0, ""f1_score"": 33.33, ""correct"": 2, ""total"": 4}, ""subtle_gray_stripes_stripe89_bg9"": {""accuracy"": 50.0, ""f1_score"": 33.33, ""correct"": 2, ""total"": 4}, ""subtle_gray_stripes_stripe90_bg10"": {""accuracy"": 50.0, ""f1_score"": 33.33, ""correct"": 2, ""total"": 4}, ""subtle_gray_stripes_stripe90_bg3"": {""accuracy"": 50.0, ""f1_score"": 33.33, ""correct"": 2, ""total"": 4}, ""subtle_gray_stripes_stripe90_bg4"": {""accuracy"": 50.0, ""f1_score"": 33.33, ""correct"": 2, ""total"": 4}, ""subtle_gray_stripes_stripe90_bg5"": {""accuracy"": 50.0, ""f1_score"": 33.33, ""correct"": 2, ""total"": 4}, ""subtle_gray_stripes_stripe90_bg6"": {""accuracy"": 50.0, ""f1_score"": 33.33, ""correct"": 2, ""total"": 4}, ""subtle_gray_stripes_stripe90_bg7"": {""accuracy"": 50.0, ""f1_score"": 33.33, ""correct"": 2, ""total"": 4}, ""subtle_gray_stripes_stripe90_bg8"": {""accuracy"": 50.0, ""f1_score"": 33.33, ""correct"": 2, ""total"": 4}, ""subtle_gray_stripes_stripe90_bg9"": {""accuracy"": 50.0, ""f1_score"": 33.33, ""correct"": 2, ""total"": 4}}","{""angle0"": {""accuracy"": 50.0, ""f1_score"": 33.33, ""correct"": 64, ""total"": 128}, ""angle30"": {""accuracy"": 50.0, ""f1_score"": 33.33, ""correct"": 64, ""total"": 128}}","{""subtle_gray_stripes_stripe83_bg10"": {""accuracy"": 100.0, ""f1_score"": 100.0, ""correct"": 4, ""total"": 4}, ""subtle_gray_stripes_stripe83_bg3"": {""accuracy"": 100.0, ""f1_score"": 100.0, ""correct"": 4, ""total"": 4}, ""subtle_gray_stripes_stripe83_bg4"": {""accuracy"": 100.0, ""f1_score"": 100.0, ""correct"": 4, ""total"": 4}, ""subtle_gray_stripes_stripe83_bg5"": {""accuracy"": 100.0, ""f1_score"": 100.0, ""correct"": 4, ""total"": 4}, ""subtle_gray_stripes_stripe83_bg6"": {""accuracy"": 100.0, ""f1_score"": 100.0, ""correct"": 4, ""total"": 4}, ""subtle_gray_stripes_stripe83_bg7"": {""accuracy"": 100.0, ""f1_score"": 100.0, ""correct"": 4, ""total"": 4}, ""subtle_gray_stripes_stripe83_bg8"": {""accuracy"": 100.0, ""f1_score"": 100.0, ""correct"": 4, ""total"": 4}, ""subtle_gray_stripes_stripe83_bg9"": {""accuracy"": 100.0, ""f1_score"": 100.0, ""correct"": 4, ""total"": 4}, ""subtle_gray_stripes_stripe84_bg10"": {""accuracy"": 100.0, ""f1_score"": 100.0, ""correct"": 4, ""total"": 4}, ""subtle_gray_stripes_stripe84_bg3"": {""accuracy"": 100.0, ""f1_score"": 100.0, ""correct"": 4, ""total"": 4}, ""subtle_gray_stripes_stripe84_bg4"": {""accuracy"": 100.0, ""f1_score"": 100.0, ""correct"": 4, ""total"": 4}, ""subtle_gray_stripes_stripe84_bg5"": {""accuracy"": 100.0, ""f1_score"": 100.0, ""correct"": 4, ""total"": 4}, ""subtle_gray_stripes_stripe84_bg6"": {""accuracy"": 100.0, ""f1_score"": 100.0, ""correct"": 4, ""total"": 4}, ""subtle_gray_stripes_stripe84_bg7"": {""accuracy"": 100.0, ""f1_score"": 100.0, ""correct"": 4, ""total"": 4}, ""subtle_gray_stripes_stripe84_bg8"": {""accuracy"": 100.0, ""f1_score"": 100.0, ""correct"": 4, ""total"": 4}, ""subtle_gray_stripes_stripe84_bg9"": {""accuracy"": 100.0, ""f1_score"": 100.0, ""correct"": 4, ""total"": 4}, ""subtle_gray_stripes_stripe85_bg10"": {""accuracy"": 100.0, ""f1_score"": 100.0, ""correct"": 4, ""total"": 4}, ""subtle_gray_stripes_stripe85_bg3"": {""accuracy"": 100.0, ""f1_score"": 100.0, ""correct"": 4, ""total"": 4}, ""subtle_gray_stripes_stripe85_bg4"": {""accuracy"": 100.0, ""f1_score"": 100.0, ""correct"": 4, ""total"": 4}, ""subtle_gray_stripes_stripe85_bg5"": {""accuracy"": 100.0, ""f1_score"": 100.0, ""correct"": 4, ""total"": 4}, ""subtle_gray_stripes_stripe85_bg6"": {""accuracy"": 100.0, ""f1_score"": 100.0, ""correct"": 4, ""total"": 4}, ""subtle_gray_stripes_stripe85_bg7"": {""accuracy"": 100.0, ""f1_score"": 100.0, ""correct"": 4, ""total"": 4}, ""subtle_gray_stripes_stripe85_bg8"": {""accuracy"": 100.0, ""f1_score"": 100.0, ""correct"": 4, ""total"": 4}, ""subtle_gray_stripes_stripe85_bg9"": {""accuracy"": 100.0, ""f1_score"": 100.0, ""correct"": 4, ""total"": 4}, ""subtle_gray_stripes_stripe86_bg10"": {""accuracy"": 100.0, ""f1_score"": 100.0, ""correct"": 4, ""total"": 4}, ""subtle_gray_stripes_stripe86_bg3"": {""accuracy"": 100.0, ""f1_score"": 100.0, ""correct"": 4, ""total"": 4}, ""subtle_gray_stripes_stripe86_bg4"": {""accuracy"": 100.0, ""f1_score"": 100.0, ""correct"": 4, ""total"": 4}, ""subtle_gray_stripes_stripe86_bg5"": {""accuracy"": 100.0, ""f1_score"": 100.0, ""correct"": 4, ""total"": 4}, ""subtle_gray_stripes_stripe86_bg6"": {""accuracy"": 100.0, ""f1_score"": 100.0, ""correct"": 4, ""total"": 4}, ""subtle_gray_stripes_stripe86_bg7"": {""accuracy"": 100.0, ""f1_score"": 100.0, ""correct"": 4, ""total"": 4}, ""subtle_gray_stripes_stripe86_bg8"": {""accuracy"": 100.0, ""f1_score"": 100.0, ""correct"": 4, ""total"": 4}, ""subtle_gray_stripes_stripe86_bg9"": {""accuracy"": 100.0, ""f1_score"": 100.0, ""correct"": 4, ""total"": 4}, ""subtle_gray_stripes_stripe87_bg10"": {""accuracy"": 75.0, ""f1_score"": 73.33, ""correct"": 3, ""total"": 4}, ""subtle_gray_stripes_stripe87_bg3"": {""accuracy"": 100.0, ""f1_score"": 100.0, ""correct"": 4, ""total"": 4}, ""subtle_gray_stripes_stripe87_bg4"": {""accuracy"": 100.0, ""f1_score"": 100.0, ""correct"": 4, ""total"": 4}, ""subtle_gray_stripes_stripe87_bg5"": {""accuracy"": 75.0, ""f1_score"": 73.33, ""correct"": 3, ""total"": 4}, ""subtle_gray_stripes_stripe87_bg6"": {""accuracy"": 100.0, ""f1_score"": 100.0, ""correct"": 4, ""total"": 4}, ""subtle_gray_stripes_stripe87_bg7"": {""accuracy"": 100.0, ""f1_score"": 100.0, ""correct"": 4, ""total"": 4}, ""subtle_gray_stripes_stripe87_bg8"": {""accuracy"": 100.0, ""f1_score"": 100.0, ""correct"": 4, ""total"": 4}, ""subtle_gray_stripes_stripe87_bg9"": {""accuracy"": 100.0, ""f1_score"": 100.0, ""correct"": 4, ""total"": 4}, ""subtle_gray_stripes_stripe88_bg10"": {""accuracy"": 75.0, ""f1_score"": 73.33, ""correct"": 3, ""total"": 4}, ""subtle_gray_stripes_stripe88_bg3"": {""accuracy"": 100.0, ""f1_score"": 100.0, ""correct"": 4, ""total"": 4}, ""subtle_gray_stripes_stripe88_bg4"": {""accuracy"": 100.0, ""f1_score"": 100.0, ""correct"": 4, ""total"": 4}, ""subtle_gray_stripes_stripe88_bg5"": {""accuracy"": 100.0, ""f1_score"": 100.0, ""correct"": 4, ""total"": 4}, ""subtle_gray_stripes_stripe88_bg6"": {""accuracy"": 100.0, ""f1_score"": 100.0, ""correct"": 4, ""total"": 4}, ""subtle_gray_stripes_stripe88_bg7"": {""accuracy"": 100.0, ""f1_score"": 100.0, ""correct"": 4, ""total"": 4}, ""subtle_gray_stripes_stripe88_bg8"": {""accuracy"": 100.0, ""f1_score"": 100.0, ""correct"": 4, ""total"": 4}, ""subtle_gray_stripes_stripe88_bg9"": {""accuracy"": 100.0, ""f1_score"": 100.0, ""correct"": 4, ""total"": 4}, ""subtle_gray_stripes_stripe89_bg10"": {""accuracy"": 100.0, ""f1_score"": 100.0, ""correct"": 4, ""total"": 4}, ""subtle_gray_stripes_stripe89_bg3"": {""accuracy"": 100.0, ""f1_score"": 100.0, ""correct"": 4, ""total"": 4}, ""subtle_gray_stripes_stripe89_bg4"": {""accuracy"": 100.0, ""f1_score"": 100.0, ""correct"": 4, ""total"": 4}, ""subtle_gray_stripes_stripe89_bg5"": {""accuracy"": 100.0, ""f1_score"": 100.0, ""correct"": 4, ""total"": 4}, ""subtle_gray_stripes_stripe89_bg6"": {""accuracy"": 100.0, ""f1_score"": 100.0, ""correct"": 4, ""total"": 4}, ""subtle_gray_stripes_stripe89_bg7"": {""accuracy"": 100.0, ""f1_score"": 100.0, ""correct"": 4, ""total"": 4}, ""subtle_gray_stripes_stripe89_bg8"": {""accuracy"": 100.0, ""f1_score"": 100.0, ""correct"": 4, ""total"": 4}, ""subtle_gray_stripes_stripe89_bg9"": {""accuracy"": 100.0, ""f1_score"": 100.0, ""correct"": 4, ""total"": 4}, ""subtle_gray_stripes_stripe90_bg10"": {""accuracy"": 100.0, ""f1_score"": 100.0, ""correct"": 4, ""total"": 4}, ""subtle_gray_stripes_stripe90_bg3"": {""accuracy"": 100.0, ""f1_score"": 100.0, ""correct"": 4, ""total"": 4}, ""subtle_gray_stripes_stripe90_bg4"": {""accuracy"": 100.0, ""f1_score"": 100.0, ""correct"": 4, ""total"": 4}, ""subtle_gray_stripes_stripe90_bg5"": {""accuracy"": 100.0, ""f1_score"": 100.0, ""correct"": 4, ""total"": 4}, ""subtle_gray_stripes_stripe90_bg6"": {""accuracy"": 100.0, ""f1_score"": 100.0, ""correct"": 4, ""total"": 4}, ""subtle_gray_stripes_stripe90_bg7"": {""accuracy"": 100.0, ""f1_score"": 100.0, ""correct"": 4, ""total"": 4}, ""subtle_gray_stripes_stripe90_bg8"": {""accuracy"": 100.0, ""f1_score"": 100.0, ""correct"": 4, ""total"": 4}, ""subtle_gray_stripes_stripe90_bg9"": {""accuracy"": 100.0, ""f1_score"": 100.0, ""correct"": 4, ""total"": 4}}","{""angle0"": {""accuracy"": 97.66, ""f1_score"": 97.65, ""correct"": 125, ""total"": 128}, ""angle30"": {""accuracy"": 100.0, ""f1_score"": 100.0, ""correct"": 128, ""total"": 128}}",,,saves/qwen2vl-treadmill-lora-pipeline,dora_exp_20251204_133345_batch1,True,7
4,2025-12-04 15:14:31,20251204_151431,_exp_20251204_171014,_exp_20251204_171014_train,_exp_20251204_171014_test,100,1.0,42,subtle_gray_stripes,left,"0.0,30.0","0.0,3.0,7.0",640x480,4,12.0,0.0,1.0,none,1.0,0,0.0,0.1,10,60,"228,229,230,231","120,121,122,123",0.0,false,,,,,false,,,,false,subtle_gray_stripes,left,"0,30.0","0.0,3.0,7.0",640x480,4,12.0,0.0,1.0,none,1.0,0,0.0,0.1,10,60,"83,84,85,86,87,88,89,90","3,4,5,6,7,8,9,10",0.0,false,,,,,false,,,,false,Qwen/Qwen2.5-VL-3B-Instruct,qwen2_vl,saves/qwen2vl-treadmill-lora-pipeline,8,16,0.05,8192,1,8,5e-05,cosine,0.1,False,True,4,10,100,100,yesno,128,1024,4.0,128,0.8,True,True,False,False,skipped,skipped,completed,33.33,25.00,0.00,0.00,16.67,50.00,0,256,128,128,99.48,99.41,0.00,0.00,99.61,99.22,256,256,126,128,"{""subtle_gray_stripes_stripe83_bg10"": {""accuracy"": 33.33, ""f1_score"": 25.0, ""correct"": 2, ""total"": 6}, ""subtle_gray_stripes_stripe83_bg3"": {""accuracy"": 33.33, ""f1_score"": 25.0, ""correct"": 2, ""total"": 6}, ""subtle_gray_stripes_stripe83_bg4"": {""accuracy"": 33.33, ""f1_score"": 25.0, ""correct"": 2, ""total"": 6}, ""subtle_gray_stripes_stripe83_bg5"": {""accuracy"": 33.33, ""f1_score"": 25.0, ""correct"": 2, ""total"": 6}, ""subtle_gray_stripes_stripe83_bg6"": {""accuracy"": 33.33, ""f1_score"": 25.0, ""correct"": 2, ""total"": 6}, ""subtle_gray_stripes_stripe83_bg7"": {""accuracy"": 33.33, ""f1_score"": 25.0, ""correct"": 2, ""total"": 6}, ""subtle_gray_stripes_stripe83_bg8"": {""accuracy"": 33.33, ""f1_score"": 25.0, ""correct"": 2, ""total"": 6}, ""subtle_gray_stripes_stripe83_bg9"": {""accuracy"": 33.33, ""f1_score"": 25.0, ""correct"": 2, ""total"": 6}, ""subtle_gray_stripes_stripe84_bg10"": {""accuracy"": 33.33, ""f1_score"": 25.0, ""correct"": 2, ""total"": 6}, ""subtle_gray_stripes_stripe84_bg3"": {""accuracy"": 33.33, ""f1_score"": 25.0, ""correct"": 2, ""total"": 6}, ""subtle_gray_stripes_stripe84_bg4"": {""accuracy"": 33.33, ""f1_score"": 25.0, ""correct"": 2, ""total"": 6}, ""subtle_gray_stripes_stripe84_bg5"": {""accuracy"": 33.33, ""f1_score"": 25.0, ""correct"": 2, ""total"": 6}, ""subtle_gray_stripes_stripe84_bg6"": {""accuracy"": 33.33, ""f1_score"": 25.0, ""correct"": 2, ""total"": 6}, ""subtle_gray_stripes_stripe84_bg7"": {""accuracy"": 33.33, ""f1_score"": 25.0, ""correct"": 2, ""total"": 6}, ""subtle_gray_stripes_stripe84_bg8"": {""accuracy"": 33.33, ""f1_score"": 25.0, ""correct"": 2, ""total"": 6}, ""subtle_gray_stripes_stripe84_bg9"": {""accuracy"": 33.33, ""f1_score"": 25.0, ""correct"": 2, ""total"": 6}, ""subtle_gray_stripes_stripe85_bg10"": {""accuracy"": 33.33, ""f1_score"": 25.0, ""correct"": 2, ""total"": 6}, ""subtle_gray_stripes_stripe85_bg3"": {""accuracy"": 33.33, ""f1_score"": 25.0, ""correct"": 2, ""total"": 6}, ""subtle_gray_stripes_stripe85_bg4"": {""accuracy"": 33.33, ""f1_score"": 25.0, ""correct"": 2, ""total"": 6}, ""subtle_gray_stripes_stripe85_bg5"": {""accuracy"": 33.33, ""f1_score"": 25.0, ""correct"": 2, ""total"": 6}, ""subtle_gray_stripes_stripe85_bg6"": {""accuracy"": 33.33, ""f1_score"": 25.0, ""correct"": 2, ""total"": 6}, ""subtle_gray_stripes_stripe85_bg7"": {""accuracy"": 33.33, ""f1_score"": 25.0, ""correct"": 2, ""total"": 6}, ""subtle_gray_stripes_stripe85_bg8"": {""accuracy"": 33.33, ""f1_score"": 25.0, ""correct"": 2, ""total"": 6}, ""subtle_gray_stripes_stripe85_bg9"": {""accuracy"": 33.33, ""f1_score"": 25.0, ""correct"": 2, ""total"": 6}, ""subtle_gray_stripes_stripe86_bg10"": {""accuracy"": 33.33, ""f1_score"": 25.0, ""correct"": 2, ""total"": 6}, ""subtle_gray_stripes_stripe86_bg3"": {""accuracy"": 33.33, ""f1_score"": 25.0, ""correct"": 2, ""total"": 6}, ""subtle_gray_stripes_stripe86_bg4"": {""accuracy"": 33.33, ""f1_score"": 25.0, ""correct"": 2, ""total"": 6}, ""subtle_gray_stripes_stripe86_bg5"": {""accuracy"": 33.33, ""f1_score"": 25.0, ""correct"": 2, ""total"": 6}, ""subtle_gray_stripes_stripe86_bg6"": {""accuracy"": 33.33, ""f1_score"": 25.0, ""correct"": 2, ""total"": 6}, ""subtle_gray_stripes_stripe86_bg7"": {""accuracy"": 33.33, ""f1_score"": 25.0, ""correct"": 2, ""total"": 6}, ""subtle_gray_stripes_stripe86_bg8"": {""accuracy"": 33.33, ""f1_score"": 25.0, ""correct"": 2, ""total"": 6}, ""subtle_gray_stripes_stripe86_bg9"": {""accuracy"": 33.33, ""f1_score"": 25.0, ""correct"": 2, ""total"": 6}, ""subtle_gray_stripes_stripe87_bg10"": {""accuracy"": 33.33, ""f1_score"": 25.0, ""correct"": 2, ""total"": 6}, ""subtle_gray_stripes_stripe87_bg3"": {""accuracy"": 33.33, ""f1_score"": 25.0, ""correct"": 2, ""total"": 6}, ""subtle_gray_stripes_stripe87_bg4"": {""accuracy"": 33.33, ""f1_score"": 25.0, ""correct"": 2, ""total"": 6}, ""subtle_gray_stripes_stripe87_bg5"": {""accuracy"": 33.33, ""f1_score"": 25.0, ""correct"": 2, ""total"": 6}, ""subtle_gray_stripes_stripe87_bg6"": {""accuracy"": 33.33, ""f1_score"": 25.0, ""correct"": 2, ""total"": 6}, ""subtle_gray_stripes_stripe87_bg7"": {""accuracy"": 33.33, ""f1_score"": 25.0, ""correct"": 2, ""total"": 6}, ""subtle_gray_stripes_stripe87_bg8"": {""accuracy"": 33.33, ""f1_score"": 25.0, ""correct"": 2, ""total"": 6}, ""subtle_gray_stripes_stripe87_bg9"": {""accuracy"": 33.33, ""f1_score"": 25.0, ""correct"": 2, ""total"": 6}, ""subtle_gray_stripes_stripe88_bg10"": {""accuracy"": 33.33, ""f1_score"": 25.0, ""correct"": 2, ""total"": 6}, ""subtle_gray_stripes_stripe88_bg3"": {""accuracy"": 33.33, ""f1_score"": 25.0, ""correct"": 2, ""total"": 6}, ""subtle_gray_stripes_stripe88_bg4"": {""accuracy"": 33.33, ""f1_score"": 25.0, ""correct"": 2, ""total"": 6}, ""subtle_gray_stripes_stripe88_bg5"": {""accuracy"": 33.33, ""f1_score"": 25.0, ""correct"": 2, ""total"": 6}, ""subtle_gray_stripes_stripe88_bg6"": {""accuracy"": 33.33, ""f1_score"": 25.0, ""correct"": 2, ""total"": 6}, ""subtle_gray_stripes_stripe88_bg7"": {""accuracy"": 33.33, ""f1_score"": 25.0, ""correct"": 2, ""total"": 6}, ""subtle_gray_stripes_stripe88_bg8"": {""accuracy"": 33.33, ""f1_score"": 25.0, ""correct"": 2, ""total"": 6}, ""subtle_gray_stripes_stripe88_bg9"": {""accuracy"": 33.33, ""f1_score"": 25.0, ""correct"": 2, ""total"": 6}, ""subtle_gray_stripes_stripe89_bg10"": {""accuracy"": 33.33, ""f1_score"": 25.0, ""correct"": 2, ""total"": 6}, ""subtle_gray_stripes_stripe89_bg3"": {""accuracy"": 33.33, ""f1_score"": 25.0, ""correct"": 2, ""total"": 6}, ""subtle_gray_stripes_stripe89_bg4"": {""accuracy"": 33.33, ""f1_score"": 25.0, ""correct"": 2, ""total"": 6}, ""subtle_gray_stripes_stripe89_bg5"": {""accuracy"": 33.33, ""f1_score"": 25.0, ""correct"": 2, ""total"": 6}, ""subtle_gray_stripes_stripe89_bg6"": {""accuracy"": 33.33, ""f1_score"": 25.0, ""correct"": 2, ""total"": 6}, ""subtle_gray_stripes_stripe89_bg7"": {""accuracy"": 33.33, ""f1_score"": 25.0, ""correct"": 2, ""total"": 6}, ""subtle_gray_stripes_stripe89_bg8"": {""accuracy"": 33.33, ""f1_score"": 25.0, ""correct"": 2, ""total"": 6}, ""subtle_gray_stripes_stripe89_bg9"": {""accuracy"": 33.33, ""f1_score"": 25.0, ""correct"": 2, ""total"": 6}, ""subtle_gray_stripes_stripe90_bg10"": {""accuracy"": 33.33, ""f1_score"": 25.0, ""correct"": 2, ""total"": 6}, ""subtle_gray_stripes_stripe90_bg3"": {""accuracy"": 33.33, ""f1_score"": 25.0, ""correct"": 2, ""total"": 6}, ""subtle_gray_stripes_stripe90_bg4"": {""accuracy"": 33.33, ""f1_score"": 25.0, ""correct"": 2, ""total"": 6}, ""subtle_gray_stripes_stripe90_bg5"": {""accuracy"": 33.33, ""f1_score"": 25.0, ""correct"": 2, ""total"": 6}, ""subtle_gray_stripes_stripe90_bg6"": {""accuracy"": 33.33, ""f1_score"": 25.0, ""correct"": 2, ""total"": 6}, ""subtle_gray_stripes_stripe90_bg7"": {""accuracy"": 33.33, ""f1_score"": 25.0, ""correct"": 2, ""total"": 6}, ""subtle_gray_stripes_stripe90_bg8"": {""accuracy"": 33.33, ""f1_score"": 25.0, ""correct"": 2, ""total"": 6}, ""subtle_gray_stripes_stripe90_bg9"": {""accuracy"": 33.33, ""f1_score"": 25.0, ""correct"": 2, ""total"": 6}}","{""angle0"": {""accuracy"": 33.33, ""f1_score"": 25.0, ""correct"": 64, ""total"": 192}, ""angle30"": {""accuracy"": 33.33, ""f1_score"": 25.0, ""correct"": 64, ""total"": 192}}","{""subtle_gray_stripes_stripe83_bg10"": {""accuracy"": 100.0, ""f1_score"": 100.0, ""correct"": 6, ""total"": 6}, ""subtle_gray_stripes_stripe83_bg3"": {""accuracy"": 100.0, ""f1_score"": 100.0, ""correct"": 6, ""total"": 6}, ""subtle_gray_stripes_stripe83_bg4"": {""accuracy"": 100.0, ""f1_score"": 100.0, ""correct"": 6, ""total"": 6}, ""subtle_gray_stripes_stripe83_bg5"": {""accuracy"": 100.0, ""f1_score"": 100.0, ""correct"": 6, ""total"": 6}, ""subtle_gray_stripes_stripe83_bg6"": {""accuracy"": 100.0, ""f1_score"": 100.0, ""correct"": 6, ""total"": 6}, ""subtle_gray_stripes_stripe83_bg7"": {""accuracy"": 100.0, ""f1_score"": 100.0, ""correct"": 6, ""total"": 6}, ""subtle_gray_stripes_stripe83_bg8"": {""accuracy"": 100.0, ""f1_score"": 100.0, ""correct"": 6, ""total"": 6}, ""subtle_gray_stripes_stripe83_bg9"": {""accuracy"": 100.0, ""f1_score"": 100.0, ""correct"": 6, ""total"": 6}, ""subtle_gray_stripes_stripe84_bg10"": {""accuracy"": 100.0, ""f1_score"": 100.0, ""correct"": 6, ""total"": 6}, ""subtle_gray_stripes_stripe84_bg3"": {""accuracy"": 100.0, ""f1_score"": 100.0, ""correct"": 6, ""total"": 6}, ""subtle_gray_stripes_stripe84_bg4"": {""accuracy"": 100.0, ""f1_score"": 100.0, ""correct"": 6, ""total"": 6}, ""subtle_gray_stripes_stripe84_bg5"": {""accuracy"": 100.0, ""f1_score"": 100.0, ""correct"": 6, ""total"": 6}, ""subtle_gray_stripes_stripe84_bg6"": {""accuracy"": 100.0, ""f1_score"": 100.0, ""correct"": 6, ""total"": 6}, ""subtle_gray_stripes_stripe84_bg7"": {""accuracy"": 100.0, ""f1_score"": 100.0, ""correct"": 6, ""total"": 6}, ""subtle_gray_stripes_stripe84_bg8"": {""accuracy"": 100.0, ""f1_score"": 100.0, ""correct"": 6, ""total"": 6}, ""subtle_gray_stripes_stripe84_bg9"": {""accuracy"": 100.0, ""f1_score"": 100.0, ""correct"": 6, ""total"": 6}, ""subtle_gray_stripes_stripe85_bg10"": {""accuracy"": 100.0, ""f1_score"": 100.0, ""correct"": 6, ""total"": 6}, ""subtle_gray_stripes_stripe85_bg3"": {""accuracy"": 100.0, ""f1_score"": 100.0, ""correct"": 6, ""total"": 6}, ""subtle_gray_stripes_stripe85_bg4"": {""accuracy"": 100.0, ""f1_score"": 100.0, ""correct"": 6, ""total"": 6}, ""subtle_gray_stripes_stripe85_bg5"": {""accuracy"": 100.0, ""f1_score"": 100.0, ""correct"": 6, ""total"": 6}, ""subtle_gray_stripes_stripe85_bg6"": {""accuracy"": 100.0, ""f1_score"": 100.0, ""correct"": 6, ""total"": 6}, ""subtle_gray_stripes_stripe85_bg7"": {""accuracy"": 100.0, ""f1_score"": 100.0, ""correct"": 6, ""total"": 6}, ""subtle_gray_stripes_stripe85_bg8"": {""accuracy"": 100.0, ""f1_score"": 100.0, ""correct"": 6, ""total"": 6}, ""subtle_gray_stripes_stripe85_bg9"": {""accuracy"": 100.0, ""f1_score"": 100.0, ""correct"": 6, ""total"": 6}, ""subtle_gray_stripes_stripe86_bg10"": {""accuracy"": 100.0, ""f1_score"": 100.0, ""correct"": 6, ""total"": 6}, ""subtle_gray_stripes_stripe86_bg3"": {""accuracy"": 100.0, ""f1_score"": 100.0, ""correct"": 6, ""total"": 6}, ""subtle_gray_stripes_stripe86_bg4"": {""accuracy"": 100.0, ""f1_score"": 100.0, ""correct"": 6, ""total"": 6}, ""subtle_gray_stripes_stripe86_bg5"": {""accuracy"": 100.0, ""f1_score"": 100.0, ""correct"": 6, ""total"": 6}, ""subtle_gray_stripes_stripe86_bg6"": {""accuracy"": 100.0, ""f1_score"": 100.0, ""correct"": 6, ""total"": 6}, ""subtle_gray_stripes_stripe86_bg7"": {""accuracy"": 100.0, ""f1_score"": 100.0, ""correct"": 6, ""total"": 6}, ""subtle_gray_stripes_stripe86_bg8"": {""accuracy"": 100.0, ""f1_score"": 100.0, ""correct"": 6, ""total"": 6}, ""subtle_gray_stripes_stripe86_bg9"": {""accuracy"": 100.0, ""f1_score"": 100.0, ""correct"": 6, ""total"": 6}, ""subtle_gray_stripes_stripe87_bg10"": {""accuracy"": 83.33, ""f1_score"": 77.78, ""correct"": 5, ""total"": 6}, ""subtle_gray_stripes_stripe87_bg3"": {""accuracy"": 100.0, ""f1_score"": 100.0, ""correct"": 6, ""total"": 6}, ""subtle_gray_stripes_stripe87_bg4"": {""accuracy"": 100.0, ""f1_score"": 100.0, ""correct"": 6, ""total"": 6}, ""subtle_gray_stripes_stripe87_bg5"": {""accuracy"": 83.33, ""f1_score"": 77.78, ""correct"": 5, ""total"": 6}, ""subtle_gray_stripes_stripe87_bg6"": {""accuracy"": 100.0, ""f1_score"": 100.0, ""correct"": 6, ""total"": 6}, ""subtle_gray_stripes_stripe87_bg7"": {""accuracy"": 100.0, ""f1_score"": 100.0, ""correct"": 6, ""total"": 6}, ""subtle_gray_stripes_stripe87_bg8"": {""accuracy"": 100.0, ""f1_score"": 100.0, ""correct"": 6, ""total"": 6}, ""subtle_gray_stripes_stripe87_bg9"": {""accuracy"": 100.0, ""f1_score"": 100.0, ""correct"": 6, ""total"": 6}, ""subtle_gray_stripes_stripe88_bg10"": {""accuracy"": 100.0, ""f1_score"": 100.0, ""correct"": 6, ""total"": 6}, ""subtle_gray_stripes_stripe88_bg3"": {""accuracy"": 100.0, ""f1_score"": 100.0, ""correct"": 6, ""total"": 6}, ""subtle_gray_stripes_stripe88_bg4"": {""accuracy"": 100.0, ""f1_score"": 100.0, ""correct"": 6, ""total"": 6}, ""subtle_gray_stripes_stripe88_bg5"": {""accuracy"": 100.0, ""f1_score"": 100.0, ""correct"": 6, ""total"": 6}, ""subtle_gray_stripes_stripe88_bg6"": {""accuracy"": 100.0, ""f1_score"": 100.0, ""correct"": 6, ""total"": 6}, ""subtle_gray_stripes_stripe88_bg7"": {""accuracy"": 100.0, ""f1_score"": 100.0, ""correct"": 6, ""total"": 6}, ""subtle_gray_stripes_stripe88_bg8"": {""accuracy"": 100.0, ""f1_score"": 100.0, ""correct"": 6, ""total"": 6}, ""subtle_gray_stripes_stripe88_bg9"": {""accuracy"": 100.0, ""f1_score"": 100.0, ""correct"": 6, ""total"": 6}, ""subtle_gray_stripes_stripe89_bg10"": {""accuracy"": 100.0, ""f1_score"": 100.0, ""correct"": 6, ""total"": 6}, ""subtle_gray_stripes_stripe89_bg3"": {""accuracy"": 100.0, ""f1_score"": 100.0, ""correct"": 6, ""total"": 6}, ""subtle_gray_stripes_stripe89_bg4"": {""accuracy"": 100.0, ""f1_score"": 100.0, ""correct"": 6, ""total"": 6}, ""subtle_gray_stripes_stripe89_bg5"": {""accuracy"": 100.0, ""f1_score"": 100.0, ""correct"": 6, ""total"": 6}, ""subtle_gray_stripes_stripe89_bg6"": {""accuracy"": 100.0, ""f1_score"": 100.0, ""correct"": 6, ""total"": 6}, ""subtle_gray_stripes_stripe89_bg7"": {""accuracy"": 100.0, ""f1_score"": 100.0, ""correct"": 6, ""total"": 6}, ""subtle_gray_stripes_stripe89_bg8"": {""accuracy"": 100.0, ""f1_score"": 100.0, ""correct"": 6, ""total"": 6}, ""subtle_gray_stripes_stripe89_bg9"": {""accuracy"": 100.0, ""f1_score"": 100.0, ""correct"": 6, ""total"": 6}, ""subtle_gray_stripes_stripe90_bg10"": {""accuracy"": 100.0, ""f1_score"": 100.0, ""correct"": 6, ""total"": 6}, ""subtle_gray_stripes_stripe90_bg3"": {""accuracy"": 100.0, ""f1_score"": 100.0, ""correct"": 6, ""total"": 6}, ""subtle_gray_stripes_stripe90_bg4"": {""accuracy"": 100.0, ""f1_score"": 100.0, ""correct"": 6, ""total"": 6}, ""subtle_gray_stripes_stripe90_bg5"": {""accuracy"": 100.0, ""f1_score"": 100.0, ""correct"": 6, ""total"": 6}, ""subtle_gray_stripes_stripe90_bg6"": {""accuracy"": 100.0, ""f1_score"": 100.0, ""correct"": 6, ""total"": 6}, ""subtle_gray_stripes_stripe90_bg7"": {""accuracy"": 100.0, ""f1_score"": 100.0, ""correct"": 6, ""total"": 6}, ""subtle_gray_stripes_stripe90_bg8"": {""accuracy"": 100.0, ""f1_score"": 100.0, ""correct"": 6, ""total"": 6}, ""subtle_gray_stripes_stripe90_bg9"": {""accuracy"": 100.0, ""f1_score"": 100.0, ""correct"": 6, ""total"": 6}}","{""angle0"": {""accuracy"": 98.96, ""f1_score"": 98.82, ""correct"": 190, ""total"": 192}, ""angle30"": {""accuracy"": 100.0, ""f1_score"": 100.0, ""correct"": 192, ""total"": 192}}",,,saves/qwen2vl-treadmill-lora-pipeline,,False,5
5,2025-12-04 16:11:47,20251204_161147,_exp_20251204_171014,_exp_20251204_171014_train,_exp_20251204_171014_test,100,1.0,42,subtle_gray_stripes,left,"0.0,30.0","0.0,3.0,7.0",640x480,4,12.0,0.0,1.0,none,1.0,0,0.0,0.1,10,60,"228,229,230,231","120,121,122,123",0.0,false,,,,,false,,,,false,subtle_gray_stripes,left,"0,30.0","0.0,3.0,7.0",640x480,4,12.0,0.0,1.0,none,1.0,0,0.0,0.1,10,60,"83,84,85,86,87,88,89,90","3,4,5,6,7,8,9,10",0.0,false,,,,,false,,,,false,Qwen/Qwen2.5-VL-3B-Instruct,qwen2_vl,saves/qwen2vl-treadmill-lora-pipeline,8,16,0.05,8192,1,8,5e-05,cosine,0.1,False,True,4,10,100,100,moving_stopped,128,1024,4.0,128,0.8,True,True,False,False,skipped,skipped,completed,83.59,83.11,0.00,0.00,83.51,87.70,193,256,128,128,99.22,99.12,0.00,0.00,99.42,98.83,256,256,125,128,"{""subtle_gray_stripes_stripe83_bg10"": {""accuracy"": 83.33, ""f1_score"": 82.86, ""correct"": 5, ""total"": 6}, ""subtle_gray_stripes_stripe83_bg3"": {""accuracy"": 83.33, ""f1_score"": 82.86, ""correct"": 5, ""total"": 6}, ""subtle_gray_stripes_stripe83_bg4"": {""accuracy"": 66.67, ""f1_score"": 66.67, ""correct"": 4, ""total"": 6}, ""subtle_gray_stripes_stripe83_bg5"": {""accuracy"": 66.67, ""f1_score"": 66.67, ""correct"": 4, ""total"": 6}, ""subtle_gray_stripes_stripe83_bg6"": {""accuracy"": 83.33, ""f1_score"": 82.86, ""correct"": 5, ""total"": 6}, ""subtle_gray_stripes_stripe83_bg7"": {""accuracy"": 83.33, ""f1_score"": 82.86, ""correct"": 5, ""total"": 6}, ""subtle_gray_stripes_stripe83_bg8"": {""accuracy"": 100.0, ""f1_score"": 100.0, ""correct"": 6, ""total"": 6}, ""subtle_gray_stripes_stripe83_bg9"": {""accuracy"": 100.0, ""f1_score"": 100.0, ""correct"": 6, ""total"": 6}, ""subtle_gray_stripes_stripe84_bg10"": {""accuracy"": 83.33, ""f1_score"": 82.86, ""correct"": 5, ""total"": 6}, ""subtle_gray_stripes_stripe84_bg3"": {""accuracy"": 66.67, ""f1_score"": 66.67, ""correct"": 4, ""total"": 6}, ""subtle_gray_stripes_stripe84_bg4"": {""accuracy"": 100.0, ""f1_score"": 100.0, ""correct"": 6, ""total"": 6}, ""subtle_gray_stripes_stripe84_bg5"": {""accuracy"": 100.0, ""f1_score"": 100.0, ""correct"": 6, ""total"": 6}, ""subtle_gray_stripes_stripe84_bg6"": {""accuracy"": 100.0, ""f1_score"": 100.0, ""correct"": 6, ""total"": 6}, ""subtle_gray_stripes_stripe84_bg7"": {""accuracy"": 100.0, ""f1_score"": 100.0, ""correct"": 6, ""total"": 6}, ""subtle_gray_stripes_stripe84_bg8"": {""accuracy"": 83.33, ""f1_score"": 82.86, ""correct"": 5, ""total"": 6}, ""subtle_gray_stripes_stripe84_bg9"": {""accuracy"": 100.0, ""f1_score"": 100.0, ""correct"": 6, ""total"": 6}, ""subtle_gray_stripes_stripe85_bg10"": {""accuracy"": 66.67, ""f1_score"": 66.67, ""correct"": 4, ""total"": 6}, ""subtle_gray_stripes_stripe85_bg3"": {""accuracy"": 66.67, ""f1_score"": 66.67, ""correct"": 4, ""total"": 6}, ""subtle_gray_stripes_stripe85_bg4"": {""accuracy"": 83.33, ""f1_score"": 82.86, ""correct"": 5, ""total"": 6}, ""subtle_gray_stripes_stripe85_bg5"": {""accuracy"": 83.33, ""f1_score"": 82.86, ""correct"": 5, ""total"": 6}, ""subtle_gray_stripes_stripe85_bg6"": {""accuracy"": 66.67, ""f1_score"": 66.67, ""correct"": 4, ""total"": 6}, ""subtle_gray_stripes_stripe85_bg7"": {""accuracy"": 66.67, ""f1_score"": 66.67, ""correct"": 4, ""total"": 6}, ""subtle_gray_stripes_stripe85_bg8"": {""accuracy"": 83.33, ""f1_score"": 82.86, ""correct"": 5, ""total"": 6}, ""subtle_gray_stripes_stripe85_bg9"": {""accuracy"": 100.0, ""f1_score"": 100.0, ""correct"": 6, ""total"": 6}, ""subtle_gray_stripes_stripe86_bg10"": {""accuracy"": 83.33, ""f1_score"": 82.86, ""correct"": 5, ""total"": 6}, ""subtle_gray_stripes_stripe86_bg3"": {""accuracy"": 50.0, ""f1_score"": 48.57, ""correct"": 3, ""total"": 6}, ""subtle_gray_stripes_stripe86_bg4"": {""accuracy"": 83.33, ""f1_score"": 82.86, ""correct"": 5, ""total"": 6}, ""subtle_gray_stripes_stripe86_bg5"": {""accuracy"": 83.33, ""f1_score"": 82.86, ""correct"": 5, ""total"": 6}, ""subtle_gray_stripes_stripe86_bg6"": {""accuracy"": 83.33, ""f1_score"": 82.86, ""correct"": 5, ""total"": 6}, ""subtle_gray_stripes_stripe86_bg7"": {""accuracy"": 83.33, ""f1_score"": 82.86, ""correct"": 5, ""total"": 6}, ""subtle_gray_stripes_stripe86_bg8"": {""accuracy"": 83.33, ""f1_score"": 82.86, ""correct"": 5, ""total"": 6}, ""subtle_gray_stripes_stripe86_bg9"": {""accuracy"": 83.33, ""f1_score"": 82.86, ""correct"": 5, ""total"": 6}, ""subtle_gray_stripes_stripe87_bg10"": {""accuracy"": 83.33, ""f1_score"": 82.86, ""correct"": 5, ""total"": 6}, ""subtle_gray_stripes_stripe87_bg3"": {""accuracy"": 66.67, ""f1_score"": 66.67, ""correct"": 4, ""total"": 6}, ""subtle_gray_stripes_stripe87_bg4"": {""accuracy"": 83.33, ""f1_score"": 82.86, ""correct"": 5, ""total"": 6}, ""subtle_gray_stripes_stripe87_bg5"": {""accuracy"": 83.33, ""f1_score"": 82.86, ""correct"": 5, ""total"": 6}, ""subtle_gray_stripes_stripe87_bg6"": {""accuracy"": 83.33, ""f1_score"": 82.86, ""correct"": 5, ""total"": 6}, ""subtle_gray_stripes_stripe87_bg7"": {""accuracy"": 83.33, ""f1_score"": 82.86, ""correct"": 5, ""total"": 6}, ""subtle_gray_stripes_stripe87_bg8"": {""accuracy"": 83.33, ""f1_score"": 82.86, ""correct"": 5, ""total"": 6}, ""subtle_gray_stripes_stripe87_bg9"": {""accuracy"": 83.33, ""f1_score"": 82.86, ""correct"": 5, ""total"": 6}, ""subtle_gray_stripes_stripe88_bg10"": {""accuracy"": 100.0, ""f1_score"": 100.0, ""correct"": 6, ""total"": 6}, ""subtle_gray_stripes_stripe88_bg3"": {""accuracy"": 83.33, ""f1_score"": 82.86, ""correct"": 5, ""total"": 6}, ""subtle_gray_stripes_stripe88_bg4"": {""accuracy"": 66.67, ""f1_score"": 66.67, ""correct"": 4, ""total"": 6}, ""subtle_gray_stripes_stripe88_bg5"": {""accuracy"": 83.33, ""f1_score"": 82.86, ""correct"": 5, ""total"": 6}, ""subtle_gray_stripes_stripe88_bg6"": {""accuracy"": 83.33, ""f1_score"": 82.86, ""correct"": 5, ""total"": 6}, ""subtle_gray_stripes_stripe88_bg7"": {""accuracy"": 100.0, ""f1_score"": 100.0, ""correct"": 6, ""total"": 6}, ""subtle_gray_stripes_stripe88_bg8"": {""accuracy"": 100.0, ""f1_score"": 100.0, ""correct"": 6, ""total"": 6}, ""subtle_gray_stripes_stripe88_bg9"": {""accuracy"": 83.33, ""f1_score"": 82.86, ""correct"": 5, ""total"": 6}, ""subtle_gray_stripes_stripe89_bg10"": {""accuracy"": 83.33, ""f1_score"": 82.86, ""correct"": 5, ""total"": 6}, ""subtle_gray_stripes_stripe89_bg3"": {""accuracy"": 66.67, ""f1_score"": 66.67, ""correct"": 4, ""total"": 6}, ""subtle_gray_stripes_stripe89_bg4"": {""accuracy"": 66.67, ""f1_score"": 66.67, ""correct"": 4, ""total"": 6}, ""subtle_gray_stripes_stripe89_bg5"": {""accuracy"": 83.33, ""f1_score"": 82.86, ""correct"": 5, ""total"": 6}, ""subtle_gray_stripes_stripe89_bg6"": {""accuracy"": 100.0, ""f1_score"": 100.0, ""correct"": 6, ""total"": 6}, ""subtle_gray_stripes_stripe89_bg7"": {""accuracy"": 83.33, ""f1_score"": 82.86, ""correct"": 5, ""total"": 6}, ""subtle_gray_stripes_stripe89_bg8"": {""accuracy"": 100.0, ""f1_score"": 100.0, ""correct"": 6, ""total"": 6}, ""subtle_gray_stripes_stripe89_bg9"": {""accuracy"": 100.0, ""f1_score"": 100.0, ""correct"": 6, ""total"": 6}, ""subtle_gray_stripes_stripe90_bg10"": {""accuracy"": 83.33, ""f1_score"": 82.86, ""correct"": 5, ""total"": 6}, ""subtle_gray_stripes_stripe90_bg3"": {""accuracy"": 66.67, ""f1_score"": 66.67, ""correct"": 4, ""total"": 6}, ""subtle_gray_stripes_stripe90_bg4"": {""accuracy"": 83.33, ""f1_score"": 82.86, ""correct"": 5, ""total"": 6}, ""subtle_gray_stripes_stripe90_bg5"": {""accuracy"": 83.33, ""f1_score"": 82.86, ""correct"": 5, ""total"": 6}, ""subtle_gray_stripes_stripe90_bg6"": {""accuracy"": 83.33, ""f1_score"": 82.86, ""correct"": 5, ""total"": 6}, ""subtle_gray_stripes_stripe90_bg7"": {""accuracy"": 83.33, ""f1_score"": 82.86, ""correct"": 5, ""total"": 6}, ""subtle_gray_stripes_stripe90_bg8"": {""accuracy"": 100.0, ""f1_score"": 100.0, ""correct"": 6, ""total"": 6}, ""subtle_gray_stripes_stripe90_bg9"": {""accuracy"": 83.33, ""f1_score"": 82.86, ""correct"": 5, ""total"": 6}}","{""angle0"": {""accuracy"": 71.35, ""f1_score"": 71.29, ""correct"": 137, ""total"": 192}, ""angle30"": {""accuracy"": 95.83, ""f1_score"": 95.45, ""correct"": 184, ""total"": 192}}","{""subtle_gray_stripes_stripe83_bg10"": {""accuracy"": 100.0, ""f1_score"": 100.0, ""correct"": 6, ""total"": 6}, ""subtle_gray_stripes_stripe83_bg3"": {""accuracy"": 100.0, ""f1_score"": 100.0, ""correct"": 6, ""total"": 6}, ""subtle_gray_stripes_stripe83_bg4"": {""accuracy"": 100.0, ""f1_score"": 100.0, ""correct"": 6, ""total"": 6}, ""subtle_gray_stripes_stripe83_bg5"": {""accuracy"": 100.0, ""f1_score"": 100.0, ""correct"": 6, ""total"": 6}, ""subtle_gray_stripes_stripe83_bg6"": {""accuracy"": 100.0, ""f1_score"": 100.0, ""correct"": 6, ""total"": 6}, ""subtle_gray_stripes_stripe83_bg7"": {""accuracy"": 100.0, ""f1_score"": 100.0, ""correct"": 6, ""total"": 6}, ""subtle_gray_stripes_stripe83_bg8"": {""accuracy"": 100.0, ""f1_score"": 100.0, ""correct"": 6, ""total"": 6}, ""subtle_gray_stripes_stripe83_bg9"": {""accuracy"": 100.0, ""f1_score"": 100.0, ""correct"": 6, ""total"": 6}, ""subtle_gray_stripes_stripe84_bg10"": {""accuracy"": 100.0, ""f1_score"": 100.0, ""correct"": 6, ""total"": 6}, ""subtle_gray_stripes_stripe84_bg3"": {""accuracy"": 100.0, ""f1_score"": 100.0, ""correct"": 6, ""total"": 6}, ""subtle_gray_stripes_stripe84_bg4"": {""accuracy"": 100.0, ""f1_score"": 100.0, ""correct"": 6, ""total"": 6}, ""subtle_gray_stripes_stripe84_bg5"": {""accuracy"": 100.0, ""f1_score"": 100.0, ""correct"": 6, ""total"": 6}, ""subtle_gray_stripes_stripe84_bg6"": {""accuracy"": 100.0, ""f1_score"": 100.0, ""correct"": 6, ""total"": 6}, ""subtle_gray_stripes_stripe84_bg7"": {""accuracy"": 100.0, ""f1_score"": 100.0, ""correct"": 6, ""total"": 6}, ""subtle_gray_stripes_stripe84_bg8"": {""accuracy"": 100.0, ""f1_score"": 100.0, ""correct"": 6, ""total"": 6}, ""subtle_gray_stripes_stripe84_bg9"": {""accuracy"": 100.0, ""f1_score"": 100.0, ""correct"": 6, ""total"": 6}, ""subtle_gray_stripes_stripe85_bg10"": {""accuracy"": 100.0, ""f1_score"": 100.0, ""correct"": 6, ""total"": 6}, ""subtle_gray_stripes_stripe85_bg3"": {""accuracy"": 100.0, ""f1_score"": 100.0, ""correct"": 6, ""total"": 6}, ""subtle_gray_stripes_stripe85_bg4"": {""accuracy"": 83.33, ""f1_score"": 77.78, ""correct"": 5, ""total"": 6}, ""subtle_gray_stripes_stripe85_bg5"": {""accuracy"": 100.0, ""f1_score"": 100.0, ""correct"": 6, ""total"": 6}, ""subtle_gray_stripes_stripe85_bg6"": {""accuracy"": 100.0, ""f1_score"": 100.0, ""correct"": 6, ""total"": 6}, ""subtle_gray_stripes_stripe85_bg7"": {""accuracy"": 100.0, ""f1_score"": 100.0, ""correct"": 6, ""total"": 6}, ""subtle_gray_stripes_stripe85_bg8"": {""accuracy"": 100.0, ""f1_score"": 100.0, ""correct"": 6, ""total"": 6}, ""subtle_gray_stripes_stripe85_bg9"": {""accuracy"": 100.0, ""f1_score"": 100.0, ""correct"": 6, ""total"": 6}, ""subtle_gray_stripes_stripe86_bg10"": {""accuracy"": 100.0, ""f1_score"": 100.0, ""correct"": 6, ""total"": 6}, ""subtle_gray_stripes_stripe86_bg3"": {""accuracy"": 100.0, ""f1_score"": 100.0, ""correct"": 6, ""total"": 6}, ""subtle_gray_stripes_stripe86_bg4"": {""accuracy"": 100.0, ""f1_score"": 100.0, ""correct"": 6, ""total"": 6}, ""subtle_gray_stripes_stripe86_bg5"": {""accuracy"": 100.0, ""f1_score"": 100.0, ""correct"": 6, ""total"": 6}, ""subtle_gray_stripes_stripe86_bg6"": {""accuracy"": 100.0, ""f1_score"": 100.0, ""correct"": 6, ""total"": 6}, ""subtle_gray_stripes_stripe86_bg7"": {""accuracy"": 100.0, ""f1_score"": 100.0, ""correct"": 6, ""total"": 6}, ""subtle_gray_stripes_stripe86_bg8"": {""accuracy"": 100.0, ""f1_score"": 100.0, ""correct"": 6, ""total"": 6}, ""subtle_gray_stripes_stripe86_bg9"": {""accuracy"": 100.0, ""f1_score"": 100.0, ""correct"": 6, ""total"": 6}, ""subtle_gray_stripes_stripe87_bg10"": {""accuracy"": 83.33, ""f1_score"": 77.78, ""correct"": 5, ""total"": 6}, ""subtle_gray_stripes_stripe87_bg3"": {""accuracy"": 100.0, ""f1_score"": 100.0, ""correct"": 6, ""total"": 6}, ""subtle_gray_stripes_stripe87_bg4"": {""accuracy"": 100.0, ""f1_score"": 100.0, ""correct"": 6, ""total"": 6}, ""subtle_gray_stripes_stripe87_bg5"": {""accuracy"": 83.33, ""f1_score"": 77.78, ""correct"": 5, ""total"": 6}, ""subtle_gray_stripes_stripe87_bg6"": {""accuracy"": 100.0, ""f1_score"": 100.0, ""correct"": 6, ""total"": 6}, ""subtle_gray_stripes_stripe87_bg7"": {""accuracy"": 100.0, ""f1_score"": 100.0, ""correct"": 6, ""total"": 6}, ""subtle_gray_stripes_stripe87_bg8"": {""accuracy"": 100.0, ""f1_score"": 100.0, ""correct"": 6, ""total"": 6}, ""subtle_gray_stripes_stripe87_bg9"": {""accuracy"": 100.0, ""f1_score"": 100.0, ""correct"": 6, ""total"": 6}, ""subtle_gray_stripes_stripe88_bg10"": {""accuracy"": 100.0, ""f1_score"": 100.0, ""correct"": 6, ""total"": 6}, ""subtle_gray_stripes_stripe88_bg3"": {""accuracy"": 100.0, ""f1_score"": 100.0, ""correct"": 6, ""total"": 6}, ""subtle_gray_stripes_stripe88_bg4"": {""accuracy"": 100.0, ""f1_score"": 100.0, ""correct"": 6, ""total"": 6}, ""subtle_gray_stripes_stripe88_bg5"": {""accuracy"": 100.0, ""f1_score"": 100.0, ""correct"": 6, ""total"": 6}, ""subtle_gray_stripes_stripe88_bg6"": {""accuracy"": 100.0, ""f1_score"": 100.0, ""correct"": 6, ""total"": 6}, ""subtle_gray_stripes_stripe88_bg7"": {""accuracy"": 100.0, ""f1_score"": 100.0, ""correct"": 6, ""total"": 6}, ""subtle_gray_stripes_stripe88_bg8"": {""accuracy"": 100.0, ""f1_score"": 100.0, ""correct"": 6, ""total"": 6}, ""subtle_gray_stripes_stripe88_bg9"": {""accuracy"": 100.0, ""f1_score"": 100.0, ""correct"": 6, ""total"": 6}, ""subtle_gray_stripes_stripe89_bg10"": {""accuracy"": 100.0, ""f1_score"": 100.0, ""correct"": 6, ""total"": 6}, ""subtle_gray_stripes_stripe89_bg3"": {""accuracy"": 100.0, ""f1_score"": 100.0, ""correct"": 6, ""total"": 6}, ""subtle_gray_stripes_stripe89_bg4"": {""accuracy"": 100.0, ""f1_score"": 100.0, ""correct"": 6, ""total"": 6}, ""subtle_gray_stripes_stripe89_bg5"": {""accuracy"": 100.0, ""f1_score"": 100.0, ""correct"": 6, ""total"": 6}, ""subtle_gray_stripes_stripe89_bg6"": {""accuracy"": 100.0, ""f1_score"": 100.0, ""correct"": 6, ""total"": 6}, ""subtle_gray_stripes_stripe89_bg7"": {""accuracy"": 100.0, ""f1_score"": 100.0, ""correct"": 6, ""total"": 6}, ""subtle_gray_stripes_stripe89_bg8"": {""accuracy"": 100.0, ""f1_score"": 100.0, ""correct"": 6, ""total"": 6}, ""subtle_gray_stripes_stripe89_bg9"": {""accuracy"": 100.0, ""f1_score"": 100.0, ""correct"": 6, ""total"": 6}, ""subtle_gray_stripes_stripe90_bg10"": {""accuracy"": 100.0, ""f1_score"": 100.0, ""correct"": 6, ""total"": 6}, ""subtle_gray_stripes_stripe90_bg3"": {""accuracy"": 100.0, ""f1_score"": 100.0, ""correct"": 6, ""total"": 6}, ""subtle_gray_stripes_stripe90_bg4"": {""accuracy"": 100.0, ""f1_score"": 100.0, ""correct"": 6, ""total"": 6}, ""subtle_gray_stripes_stripe90_bg5"": {""accuracy"": 100.0, ""f1_score"": 100.0, ""correct"": 6, ""total"": 6}, ""subtle_gray_stripes_stripe90_bg6"": {""accuracy"": 100.0, ""f1_score"": 100.0, ""correct"": 6, ""total"": 6}, ""subtle_gray_stripes_stripe90_bg7"": {""accuracy"": 100.0, ""f1_score"": 100.0, ""correct"": 6, ""total"": 6}, ""subtle_gray_stripes_stripe90_bg8"": {""accuracy"": 100.0, ""f1_score"": 100.0, ""correct"": 6, ""total"": 6}, ""subtle_gray_stripes_stripe90_bg9"": {""accuracy"": 100.0, ""f1_score"": 100.0, ""correct"": 6, ""total"": 6}}","{""angle0"": {""accuracy"": 98.96, ""f1_score"": 98.82, ""correct"": 190, ""total"": 192}, ""angle30"": {""accuracy"": 99.48, ""f1_score"": 99.41, ""correct"": 191, ""total"": 192}}",,,saves/qwen2vl-treadmill-lora-pipeline,,False,5
6,2025-12-04 16:58:53,20251204_165853,_exp_20251204_133345,_exp_20251204_133345_train,_exp_20251204_133345_test,100,1.0,42,subtle_gray_stripes,left,"0.0,30.0","0.0,14.0",640x480,4,12.0,0.0,1.0,none,1.0,0,0.0,0.1,10,60,"228,229,230,231","120,121,122,123",0.0,false,,,,,false,,,,false,subtle_gray_stripes,left,"0,30.0","0.0,14.0",640x480,4,12.0,0.0,1.0,none,1.0,0,0.0,0.1,10,60,"83,84,85,86,87,88,89,90","3,4,5,6,7,8,9,10",0.0,false,,,,,false,,,,false,Qwen/Qwen2.5-VL-3B-Instruct,qwen2_vl,saves/qwen2vl-treadmill-lora-pipeline,8,16,0.05,8192,14,1,5e-05,cosine,0.1,False,True,4,10,100,100,yesno,128,1024,4.0,128,0.8,True,False,False,False,skipped,completed,completed,50.00,33.33,0.00,0.00,25.00,50.00,0,128,128,128,99.22,99.22,0.00,0.00,99.23,99.22,128,128,126,128,"{""subtle_gray_stripes_stripe83_bg10"": {""accuracy"": 50.0, ""f1_score"": 33.33, ""correct"": 2, ""total"": 4}, ""subtle_gray_stripes_stripe83_bg3"": {""accuracy"": 50.0, ""f1_score"": 33.33, ""correct"": 2, ""total"": 4}, ""subtle_gray_stripes_stripe83_bg4"": {""accuracy"": 50.0, ""f1_score"": 33.33, ""correct"": 2, ""total"": 4}, ""subtle_gray_stripes_stripe83_bg5"": {""accuracy"": 50.0, ""f1_score"": 33.33, ""correct"": 2, ""total"": 4}, ""subtle_gray_stripes_stripe83_bg6"": {""accuracy"": 50.0, ""f1_score"": 33.33, ""correct"": 2, ""total"": 4}, ""subtle_gray_stripes_stripe83_bg7"": {""accuracy"": 50.0, ""f1_score"": 33.33, ""correct"": 2, ""total"": 4}, ""subtle_gray_stripes_stripe83_bg8"": {""accuracy"": 50.0, ""f1_score"": 33.33, ""correct"": 2, ""total"": 4}, ""subtle_gray_stripes_stripe83_bg9"": {""accuracy"": 50.0, ""f1_score"": 33.33, ""correct"": 2, ""total"": 4}, ""subtle_gray_stripes_stripe84_bg10"": {""accuracy"": 50.0, ""f1_score"": 33.33, ""correct"": 2, ""total"": 4}, ""subtle_gray_stripes_stripe84_bg3"": {""accuracy"": 50.0, ""f1_score"": 33.33, ""correct"": 2, ""total"": 4}, ""subtle_gray_stripes_stripe84_bg4"": {""accuracy"": 50.0, ""f1_score"": 33.33, ""correct"": 2, ""total"": 4}, ""subtle_gray_stripes_stripe84_bg5"": {""accuracy"": 50.0, ""f1_score"": 33.33, ""correct"": 2, ""total"": 4}, ""subtle_gray_stripes_stripe84_bg6"": {""accuracy"": 50.0, ""f1_score"": 33.33, ""correct"": 2, ""total"": 4}, ""subtle_gray_stripes_stripe84_bg7"": {""accuracy"": 50.0, ""f1_score"": 33.33, ""correct"": 2, ""total"": 4}, ""subtle_gray_stripes_stripe84_bg8"": {""accuracy"": 50.0, ""f1_score"": 33.33, ""correct"": 2, ""total"": 4}, ""subtle_gray_stripes_stripe84_bg9"": {""accuracy"": 50.0, ""f1_score"": 33.33, ""correct"": 2, ""total"": 4}, ""subtle_gray_stripes_stripe85_bg10"": {""accuracy"": 50.0, ""f1_score"": 33.33, ""correct"": 2, ""total"": 4}, ""subtle_gray_stripes_stripe85_bg3"": {""accuracy"": 50.0, ""f1_score"": 33.33, ""correct"": 2, ""total"": 4}, ""subtle_gray_stripes_stripe85_bg4"": {""accuracy"": 50.0, ""f1_score"": 33.33, ""correct"": 2, ""total"": 4}, ""subtle_gray_stripes_stripe85_bg5"": {""accuracy"": 50.0, ""f1_score"": 33.33, ""correct"": 2, ""total"": 4}, ""subtle_gray_stripes_stripe85_bg6"": {""accuracy"": 50.0, ""f1_score"": 33.33, ""correct"": 2, ""total"": 4}, ""subtle_gray_stripes_stripe85_bg7"": {""accuracy"": 50.0, ""f1_score"": 33.33, ""correct"": 2, ""total"": 4}, ""subtle_gray_stripes_stripe85_bg8"": {""accuracy"": 50.0, ""f1_score"": 33.33, ""correct"": 2, ""total"": 4}, ""subtle_gray_stripes_stripe85_bg9"": {""accuracy"": 50.0, ""f1_score"": 33.33, ""correct"": 2, ""total"": 4}, ""subtle_gray_stripes_stripe86_bg10"": {""accuracy"": 50.0, ""f1_score"": 33.33, ""correct"": 2, ""total"": 4}, ""subtle_gray_stripes_stripe86_bg3"": {""accuracy"": 50.0, ""f1_score"": 33.33, ""correct"": 2, ""total"": 4}, ""subtle_gray_stripes_stripe86_bg4"": {""accuracy"": 50.0, ""f1_score"": 33.33, ""correct"": 2, ""total"": 4}, ""subtle_gray_stripes_stripe86_bg5"": {""accuracy"": 50.0, ""f1_score"": 33.33, ""correct"": 2, ""total"": 4}, ""subtle_gray_stripes_stripe86_bg6"": {""accuracy"": 50.0, ""f1_score"": 33.33, ""correct"": 2, ""total"": 4}, ""subtle_gray_stripes_stripe86_bg7"": {""accuracy"": 50.0, ""f1_score"": 33.33, ""correct"": 2, ""total"": 4}, ""subtle_gray_stripes_stripe86_bg8"": {""accuracy"": 50.0, ""f1_score"": 33.33, ""correct"": 2, ""total"": 4}, ""subtle_gray_stripes_stripe86_bg9"": {""accuracy"": 50.0, ""f1_score"": 33.33, ""correct"": 2, ""total"": 4}, ""subtle_gray_stripes_stripe87_bg10"": {""accuracy"": 50.0, ""f1_score"": 33.33, ""correct"": 2, ""total"": 4}, ""subtle_gray_stripes_stripe87_bg3"": {""accuracy"": 50.0, ""f1_score"": 33.33, ""correct"": 2, ""total"": 4}, ""subtle_gray_stripes_stripe87_bg4"": {""accuracy"": 50.0, ""f1_score"": 33.33, ""correct"": 2, ""total"": 4}, ""subtle_gray_stripes_stripe87_bg5"": {""accuracy"": 50.0, ""f1_score"": 33.33, ""correct"": 2, ""total"": 4}, ""subtle_gray_stripes_stripe87_bg6"": {""accuracy"": 50.0, ""f1_score"": 33.33, ""correct"": 2, ""total"": 4}, ""subtle_gray_stripes_stripe87_bg7"": {""accuracy"": 50.0, ""f1_score"": 33.33, ""correct"": 2, ""total"": 4}, ""subtle_gray_stripes_stripe87_bg8"": {""accuracy"": 50.0, ""f1_score"": 33.33, ""correct"": 2, ""total"": 4}, ""subtle_gray_stripes_stripe87_bg9"": {""accuracy"": 50.0, ""f1_score"": 33.33, ""correct"": 2, ""total"": 4}, ""subtle_gray_stripes_stripe88_bg10"": {""accuracy"": 50.0, ""f1_score"": 33.33, ""correct"": 2, ""total"": 4}, ""subtle_gray_stripes_stripe88_bg3"": {""accuracy"": 50.0, ""f1_score"": 33.33, ""correct"": 2, ""total"": 4}, ""subtle_gray_stripes_stripe88_bg4"": {""accuracy"": 50.0, ""f1_score"": 33.33, ""correct"": 2, ""total"": 4}, ""subtle_gray_stripes_stripe88_bg5"": {""accuracy"": 50.0, ""f1_score"": 33.33, ""correct"": 2, ""total"": 4}, ""subtle_gray_stripes_stripe88_bg6"": {""accuracy"": 50.0, ""f1_score"": 33.33, ""correct"": 2, ""total"": 4}, ""subtle_gray_stripes_stripe88_bg7"": {""accuracy"": 50.0, ""f1_score"": 33.33, ""correct"": 2, ""total"": 4}, ""subtle_gray_stripes_stripe88_bg8"": {""accuracy"": 50.0, ""f1_score"": 33.33, ""correct"": 2, ""total"": 4}, ""subtle_gray_stripes_stripe88_bg9"": {""accuracy"": 50.0, ""f1_score"": 33.33, ""correct"": 2, ""total"": 4}, ""subtle_gray_stripes_stripe89_bg10"": {""accuracy"": 50.0, ""f1_score"": 33.33, ""correct"": 2, ""total"": 4}, ""subtle_gray_stripes_stripe89_bg3"": {""accuracy"": 50.0, ""f1_score"": 33.33, ""correct"": 2, ""total"": 4}, ""subtle_gray_stripes_stripe89_bg4"": {""accuracy"": 50.0, ""f1_score"": 33.33, ""correct"": 2, ""total"": 4}, ""subtle_gray_stripes_stripe89_bg5"": {""accuracy"": 50.0, ""f1_score"": 33.33, ""correct"": 2, ""total"": 4}, ""subtle_gray_stripes_stripe89_bg6"": {""accuracy"": 50.0, ""f1_score"": 33.33, ""correct"": 2, ""total"": 4}, ""subtle_gray_stripes_stripe89_bg7"": {""accuracy"": 50.0, ""f1_score"": 33.33, ""correct"": 2, ""total"": 4}, ""subtle_gray_stripes_stripe89_bg8"": {""accuracy"": 50.0, ""f1_score"": 33.33, ""correct"": 2, ""total"": 4}, ""subtle_gray_stripes_stripe89_bg9"": {""accuracy"": 50.0, ""f1_score"": 33.33, ""correct"": 2, ""total"": 4}, ""subtle_gray_stripes_stripe90_bg10"": {""accuracy"": 50.0, ""f1_score"": 33.33, ""correct"": 2, ""total"": 4}, ""subtle_gray_stripes_stripe90_bg3"": {""accuracy"": 50.0, ""f1_score"": 33.33, ""correct"": 2, ""total"": 4}, ""subtle_gray_stripes_stripe90_bg4"": {""accuracy"": 50.0, ""f1_score"": 33.33, ""correct"": 2, ""total"": 4}, ""subtle_gray_stripes_stripe90_bg5"": {""accuracy"": 50.0, ""f1_score"": 33.33, ""correct"": 2, ""total"": 4}, ""subtle_gray_stripes_stripe90_bg6"": {""accuracy"": 50.0, ""f1_score"": 33.33, ""correct"": 2, ""total"": 4}, ""subtle_gray_stripes_stripe90_bg7"": {""accuracy"": 50.0, ""f1_score"": 33.33, ""correct"": 2, ""total"": 4}, ""subtle_gray_stripes_stripe90_bg8"": {""accuracy"": 50.0, ""f1_score"": 33.33, ""correct"": 2, ""total"": 4}, ""subtle_gray_stripes_stripe90_bg9"": {""accuracy"": 50.0, ""f1_score"": 33.33, ""correct"": 2, ""total"": 4}}","{""angle0"": {""accuracy"": 50.0, ""f1_score"": 33.33, ""correct"": 64, ""total"": 128}, ""angle30"": {""accuracy"": 50.0, ""f1_score"": 33.33, ""correct"": 64, ""total"": 128}}","{""subtle_gray_stripes_stripe83_bg10"": {""accuracy"": 100.0, ""f1_score"": 100.0, ""correct"": 4, ""total"": 4}, ""subtle_gray_stripes_stripe83_bg3"": {""accuracy"": 100.0, ""f1_score"": 100.0, ""correct"": 4, ""total"": 4}, ""subtle_gray_stripes_stripe83_bg4"": {""accuracy"": 100.0, ""f1_score"": 100.0, ""correct"": 4, ""total"": 4}, ""subtle_gray_stripes_stripe83_bg5"": {""accuracy"": 100.0, ""f1_score"": 100.0, ""correct"": 4, ""total"": 4}, ""subtle_gray_stripes_stripe83_bg6"": {""accuracy"": 100.0, ""f1_score"": 100.0, ""correct"": 4, ""total"": 4}, ""subtle_gray_stripes_stripe83_bg7"": {""accuracy"": 100.0, ""f1_score"": 100.0, ""correct"": 4, ""total"": 4}, ""subtle_gray_stripes_stripe83_bg8"": {""accuracy"": 100.0, ""f1_score"": 100.0, ""correct"": 4, ""total"": 4}, ""subtle_gray_stripes_stripe83_bg9"": {""accuracy"": 100.0, ""f1_score"": 100.0, ""correct"": 4, ""total"": 4}, ""subtle_gray_stripes_stripe84_bg10"": {""accuracy"": 100.0, ""f1_score"": 100.0, ""correct"": 4, ""total"": 4}, ""subtle_gray_stripes_stripe84_bg3"": {""accuracy"": 100.0, ""f1_score"": 100.0, ""correct"": 4, ""total"": 4}, ""subtle_gray_stripes_stripe84_bg4"": {""accuracy"": 100.0, ""f1_score"": 100.0, ""correct"": 4, ""total"": 4}, ""subtle_gray_stripes_stripe84_bg5"": {""accuracy"": 100.0, ""f1_score"": 100.0, ""correct"": 4, ""total"": 4}, ""subtle_gray_stripes_stripe84_bg6"": {""accuracy"": 100.0, ""f1_score"": 100.0, ""correct"": 4, ""total"": 4}, ""subtle_gray_stripes_stripe84_bg7"": {""accuracy"": 100.0, ""f1_score"": 100.0, ""correct"": 4, ""total"": 4}, ""subtle_gray_stripes_stripe84_bg8"": {""accuracy"": 100.0, ""f1_score"": 100.0, ""correct"": 4, ""total"": 4}, ""subtle_gray_stripes_stripe84_bg9"": {""accuracy"": 100.0, ""f1_score"": 100.0, ""correct"": 4, ""total"": 4}, ""subtle_gray_stripes_stripe85_bg10"": {""accuracy"": 100.0, ""f1_score"": 100.0, ""correct"": 4, ""total"": 4}, ""subtle_gray_stripes_stripe85_bg3"": {""accuracy"": 100.0, ""f1_score"": 100.0, ""correct"": 4, ""total"": 4}, ""subtle_gray_stripes_stripe85_bg4"": {""accuracy"": 100.0, ""f1_score"": 100.0, ""correct"": 4, ""total"": 4}, ""subtle_gray_stripes_stripe85_bg5"": {""accuracy"": 100.0, ""f1_score"": 100.0, ""correct"": 4, ""total"": 4}, ""subtle_gray_stripes_stripe85_bg6"": {""accuracy"": 100.0, ""f1_score"": 100.0, ""correct"": 4, ""total"": 4}, ""subtle_gray_stripes_stripe85_bg7"": {""accuracy"": 100.0, ""f1_score"": 100.0, ""correct"": 4, ""total"": 4}, ""subtle_gray_stripes_stripe85_bg8"": {""accuracy"": 100.0, ""f1_score"": 100.0, ""correct"": 4, ""total"": 4}, ""subtle_gray_stripes_stripe85_bg9"": {""accuracy"": 100.0, ""f1_score"": 100.0, ""correct"": 4, ""total"": 4}, ""subtle_gray_stripes_stripe86_bg10"": {""accuracy"": 100.0, ""f1_score"": 100.0, ""correct"": 4, ""total"": 4}, ""subtle_gray_stripes_stripe86_bg3"": {""accuracy"": 100.0, ""f1_score"": 100.0, ""correct"": 4, ""total"": 4}, ""subtle_gray_stripes_stripe86_bg4"": {""accuracy"": 100.0, ""f1_score"": 100.0, ""correct"": 4, ""total"": 4}, ""subtle_gray_stripes_stripe86_bg5"": {""accuracy"": 100.0, ""f1_score"": 100.0, ""correct"": 4, ""total"": 4}, ""subtle_gray_stripes_stripe86_bg6"": {""accuracy"": 100.0, ""f1_score"": 100.0, ""correct"": 4, ""total"": 4}, ""subtle_gray_stripes_stripe86_bg7"": {""accuracy"": 100.0, ""f1_score"": 100.0, ""correct"": 4, ""total"": 4}, ""subtle_gray_stripes_stripe86_bg8"": {""accuracy"": 100.0, ""f1_score"": 100.0, ""correct"": 4, ""total"": 4}, ""subtle_gray_stripes_stripe86_bg9"": {""accuracy"": 100.0, ""f1_score"": 100.0, ""correct"": 4, ""total"": 4}, ""subtle_gray_stripes_stripe87_bg10"": {""accuracy"": 75.0, ""f1_score"": 73.33, ""correct"": 3, ""total"": 4}, ""subtle_gray_stripes_stripe87_bg3"": {""accuracy"": 100.0, ""f1_score"": 100.0, ""correct"": 4, ""total"": 4}, ""subtle_gray_stripes_stripe87_bg4"": {""accuracy"": 100.0, ""f1_score"": 100.0, ""correct"": 4, ""total"": 4}, ""subtle_gray_stripes_stripe87_bg5"": {""accuracy"": 75.0, ""f1_score"": 73.33, ""correct"": 3, ""total"": 4}, ""subtle_gray_stripes_stripe87_bg6"": {""accuracy"": 100.0, ""f1_score"": 100.0, ""correct"": 4, ""total"": 4}, ""subtle_gray_stripes_stripe87_bg7"": {""accuracy"": 100.0, ""f1_score"": 100.0, ""correct"": 4, ""total"": 4}, ""subtle_gray_stripes_stripe87_bg8"": {""accuracy"": 100.0, ""f1_score"": 100.0, ""correct"": 4, ""total"": 4}, ""subtle_gray_stripes_stripe87_bg9"": {""accuracy"": 100.0, ""f1_score"": 100.0, ""correct"": 4, ""total"": 4}, ""subtle_gray_stripes_stripe88_bg10"": {""accuracy"": 100.0, ""f1_score"": 100.0, ""correct"": 4, ""total"": 4}, ""subtle_gray_stripes_stripe88_bg3"": {""accuracy"": 100.0, ""f1_score"": 100.0, ""correct"": 4, ""total"": 4}, ""subtle_gray_stripes_stripe88_bg4"": {""accuracy"": 100.0, ""f1_score"": 100.0, ""correct"": 4, ""total"": 4}, ""subtle_gray_stripes_stripe88_bg5"": {""accuracy"": 100.0, ""f1_score"": 100.0, ""correct"": 4, ""total"": 4}, ""subtle_gray_stripes_stripe88_bg6"": {""accuracy"": 100.0, ""f1_score"": 100.0, ""correct"": 4, ""total"": 4}, ""subtle_gray_stripes_stripe88_bg7"": {""accuracy"": 100.0, ""f1_score"": 100.0, ""correct"": 4, ""total"": 4}, ""subtle_gray_stripes_stripe88_bg8"": {""accuracy"": 100.0, ""f1_score"": 100.0, ""correct"": 4, ""total"": 4}, ""subtle_gray_stripes_stripe88_bg9"": {""accuracy"": 100.0, ""f1_score"": 100.0, ""correct"": 4, ""total"": 4}, ""subtle_gray_stripes_stripe89_bg10"": {""accuracy"": 100.0, ""f1_score"": 100.0, ""correct"": 4, ""total"": 4}, ""subtle_gray_stripes_stripe89_bg3"": {""accuracy"": 100.0, ""f1_score"": 100.0, ""correct"": 4, ""total"": 4}, ""subtle_gray_stripes_stripe89_bg4"": {""accuracy"": 100.0, ""f1_score"": 100.0, ""correct"": 4, ""total"": 4}, ""subtle_gray_stripes_stripe89_bg5"": {""accuracy"": 100.0, ""f1_score"": 100.0, ""correct"": 4, ""total"": 4}, ""subtle_gray_stripes_stripe89_bg6"": {""accuracy"": 100.0, ""f1_score"": 100.0, ""correct"": 4, ""total"": 4}, ""subtle_gray_stripes_stripe89_bg7"": {""accuracy"": 100.0, ""f1_score"": 100.0, ""correct"": 4, ""total"": 4}, ""subtle_gray_stripes_stripe89_bg8"": {""accuracy"": 100.0, ""f1_score"": 100.0, ""correct"": 4, ""total"": 4}, ""subtle_gray_stripes_stripe89_bg9"": {""accuracy"": 100.0, ""f1_score"": 100.0, ""correct"": 4, ""total"": 4}, ""subtle_gray_stripes_stripe90_bg10"": {""accuracy"": 100.0, ""f1_score"": 100.0, ""correct"": 4, ""total"": 4}, ""subtle_gray_stripes_stripe90_bg3"": {""accuracy"": 100.0, ""f1_score"": 100.0, ""correct"": 4, ""total"": 4}, ""subtle_gray_stripes_stripe90_bg4"": {""accuracy"": 100.0, ""f1_score"": 100.0, ""correct"": 4, ""total"": 4}, ""subtle_gray_stripes_stripe90_bg5"": {""accuracy"": 100.0, ""f1_score"": 100.0, ""correct"": 4, ""total"": 4}, ""subtle_gray_stripes_stripe90_bg6"": {""accuracy"": 100.0, ""f1_score"": 100.0, ""correct"": 4, ""total"": 4}, ""subtle_gray_stripes_stripe90_bg7"": {""accuracy"": 100.0, ""f1_score"": 100.0, ""correct"": 4, ""total"": 4}, ""subtle_gray_stripes_stripe90_bg8"": {""accuracy"": 100.0, ""f1_score"": 100.0, ""correct"": 4, ""total"": 4}, ""subtle_gray_stripes_stripe90_bg9"": {""accuracy"": 100.0, ""f1_score"": 100.0, ""correct"": 4, ""total"": 4}}","{""angle0"": {""accuracy"": 98.44, ""f1_score"": 98.44, ""correct"": 126, ""total"": 128}, ""angle30"": {""accuracy"": 100.0, ""f1_score"": 100.0, ""correct"": 128, ""total"": 128}}",,,saves/qwen2vl-treadmill-lora-pipeline,lora_speed0_14_7ep_20251204,False,7
8,2025-12-07 10:13:11,20251207_101311,_exp_20251207_121250,_exp_20251207_121250_train,_exp_20251207_121250_test,100,1.0,42,subtle_gray_stripes,left,"0.0,30.0","0.0,14.0",640x480,4,12.0,0.0,1.0,none,1.0,0,0.0,0.1,10,60,"228,229","120,121",0.0,false,,,,,false,,,,false,subtle_gray_stripes,left,"0.0,30.0","0.0,80.0",640x480,4,12.0,0.0,1.0,none,1.0,0,0.0,0.1,10,60,"83,84","3,4",0.0,false,,,,,false,,,,false,Qwen/Qwen2.5-VL-3B-Instruct,qwen2_vl,saves/qwen2vl-treadmill-lora-pipeline,8,16,0.05,8192,1,8,5e-05,cosine,0.1,False,True,4,10,100,100,yesno,128,1024,4.0,128,0.8,True,False,False,False,skipped,completed,completed,50.00,33.33,0.00,0.00,25.00,50.00,0,8,8,8,50.00,33.33,0.00,0.00,25.00,50.00,0,8,8,8,"{""subtle_gray_stripes_stripe83_bg3"": {""accuracy"": 50.0, ""f1_score"": 33.33, ""correct"": 2, ""total"": 4}, ""subtle_gray_stripes_stripe83_bg4"": {""accuracy"": 50.0, ""f1_score"": 33.33, ""correct"": 2, ""total"": 4}, ""subtle_gray_stripes_stripe84_bg3"": {""accuracy"": 50.0, ""f1_score"": 33.33, ""correct"": 2, ""total"": 4}, ""subtle_gray_stripes_stripe84_bg4"": {""accuracy"": 50.0, ""f1_score"": 33.33, ""correct"": 2, ""total"": 4}}","{""angle0"": {""accuracy"": 50.0, ""f1_score"": 33.33, ""correct"": 4, ""total"": 8}, ""angle30"": {""accuracy"": 50.0, ""f1_score"": 33.33, ""correct"": 4, ""total"": 8}}","{""subtle_gray_stripes_stripe83_bg3"": {""accuracy"": 50.0, ""f1_score"": 33.33, ""correct"": 2, ""total"": 4}, ""subtle_gray_stripes_stripe83_bg4"": {""accuracy"": 50.0, ""f1_score"": 33.33, ""correct"": 2, ""total"": 4}, ""subtle_gray_stripes_stripe84_bg3"": {""accuracy"": 50.0, ""f1_score"": 33.33, ""correct"": 2, ""total"": 4}, ""subtle_gray_stripes_stripe84_bg4"": {""accuracy"": 50.0, ""f1_score"": 33.33, ""correct"": 2, ""total"": 4}}","{""angle0"": {""accuracy"": 50.0, ""f1_score"": 33.33, ""correct"": 4, ""total"": 8}, ""angle30"": {""accuracy"": 50.0, ""f1_score"": 33.33, ""correct"": 4, ""total"": 8}}",,,saves/qwen2vl-treadmill-lora-pipeline,subtle_speed_gray_gen_2ep,True,2
9,2025-12-07 10:31:16,20251207_103116,_exp_20251207_123055,_exp_20251207_123055_train,_exp_20251207_123055_test,100,1.0,42,subtle_gray_stripes,left,"0.0,30.0","0.0,14.0",640x480,4,12.0,0.0,1.0,none,1.0,0,0.0,0.1,10,60,"228,229","120,121",0.0,false,,,,,false,,,,false,subtle_gray_stripes,left,"0.0,30.0","0.0,80.0",640x480,4,12.0,0.0,1.0,none,1.0,0,0.0,0.1,10,60,"83,84","3,4",0.0,false,,,,,false,,,,false,Qwen/Qwen2.5-VL-3B-Instruct,qwen2_vl,saves/speed_gray_gen_1ep,8,16,0.05,8192,1,8,5e-05,cosine,0.1,False,True,4,10,100,100,yesno,128,1024,4.0,128,0.8,True,False,False,False,skipped,completed,completed,50.00,33.33,0.00,66.67,25.00,50.00,0,8,8,8,50.00,33.33,0.00,66.67,25.00,50.00,0,8,8,8,"{""subtle_gray_stripes_stripe83_bg3"": {""accuracy"": 50.0, ""f1_score"": 33.33, ""correct"": 2, ""total"": 4}, ""subtle_gray_stripes_stripe83_bg4"": {""accuracy"": 50.0, ""f1_score"": 33.33, ""correct"": 2, ""total"": 4}, ""subtle_gray_stripes_stripe84_bg3"": {""accuracy"": 50.0, ""f1_score"": 33.33, ""correct"": 2, ""total"": 4}, ""subtle_gray_stripes_stripe84_bg4"": {""accuracy"": 50.0, ""f1_score"": 33.33, ""correct"": 2, ""total"": 4}}","{""angle0"": {""accuracy"": 50.0, ""f1_score"": 33.33, ""correct"": 4, ""total"": 8}, ""angle30"": {""accuracy"": 50.0, ""f1_score"": 33.33, ""correct"": 4, ""total"": 8}}","{""subtle_gray_stripes_stripe83_bg3"": {""accuracy"": 50.0, ""f1_score"": 33.33, ""correct"": 2, ""total"": 4}, ""subtle_gray_stripes_stripe83_bg4"": {""accuracy"": 50.0, ""f1_score"": 33.33, ""correct"": 2, ""total"": 4}, ""subtle_gray_stripes_stripe84_bg3"": {""accuracy"": 50.0, ""f1_score"": 33.33, ""correct"": 2, ""total"": 4}, ""subtle_gray_stripes_stripe84_bg4"": {""accuracy"": 50.0, ""f1_score"": 33.33, ""correct"": 2, ""total"": 4}}","{""angle0"": {""accuracy"": 50.0, ""f1_score"": 33.33, ""correct"": 4, ""total"": 8}, ""angle30"": {""accuracy"": 50.0, ""f1_score"": 33.33, ""correct"": 4, ""total"": 8}}",,,saves/speed_gray_gen_1ep,speed_gray_gen_1ep,True,1,
