experiment_id,timestamp,run_timestamp,dataset_name,train_dataset_name,test_dataset_name,num_videos,train_split,seed,train_texture_type,train_direction,train_view_angle,train_speed_range,train_resolution,train_fps,train_duration,train_brightness,train_contrast,train_lighting_variation,train_lighting_intensity,train_motion_blur,train_camera_noise,train_edge_width,train_distance,train_center_randomization,train_distance_randomization,train_distance_range,train_stripe_width,train_stripe_spacing,train_stripe_gray,train_background_gray,train_stripe_distance_variance,train_add_object,train_object_type,train_object_position,train_object_size,train_num_objects,train_add_blur,train_blur_type,train_blur_intensity,train_random_blur_variation,train_vary_parameters,test_texture_type,test_direction,test_view_angle,test_speed_range,test_resolution,test_fps,test_duration,test_brightness,test_contrast,test_lighting_variation,test_lighting_intensity,test_motion_blur,test_camera_noise,test_edge_width,test_distance,test_center_randomization,test_distance_randomization,test_distance_range,test_stripe_width,test_stripe_spacing,test_stripe_gray,test_background_gray,test_stripe_distance_variance,test_add_object,test_object_type,test_object_position,test_object_size,test_num_objects,test_add_blur,test_blur_type,test_blur_intensity,test_random_blur_variation,test_vary_parameters,model_name_or_path,template,lora_output_dir,lora_rank,lora_alpha,lora_dropout,cutoff_len,per_device_train_batch_size,gradient_accumulation_steps,learning_rate,lr_scheduler_type,warmup_ratio,bf16,fp16,quantization_bit,logging_steps,save_steps,eval_steps,eval_method,eval_max_new_tokens,eval_batch_size,eval_video_fps,eval_video_maxlen,gpu_memory_utilization,skip_dataset,skip_training,skip_evaluation,use_docker,dataset_status,training_status,evaluation_status,base_model_accuracy,base_model_f1_score,base_model_f1_moving,base_model_f1_stopped,base_model_precision,base_model_recall,base_model_moving_correct,base_model_moving_total,base_model_stopped_correct,base_model_stopped_total,finetuned_model_accuracy,finetuned_model_f1_score,finetuned_model_f1_moving,finetuned_model_f1_stopped,finetuned_model_precision,finetuned_model_recall,finetuned_model_moving_correct,finetuned_model_moving_total,finetuned_model_stopped_correct,finetuned_model_stopped_total,base_model_per_texture_results,base_model_per_angle_results,finetuned_model_per_texture_results,finetuned_model_per_angle_results,notes_1,notes_2,model_path,model_name,use_dora,adapter_type,num_train_epochs,dataset_comparison_report,balanced_sampling
10,12/7/2025 10:59,20251207_105914,_exp_20251207_125853,_exp_20251207_125853_train,_exp_20251207_125853_test,100,1,42,subtle_gray_stripes,left,"0.0,30.0","0.0,14.0",640x480,4,12,0,1,none,1,0,0,0.1,,,,,10,60,"228,229","120,121",0,FALSE,,,,,FALSE,,,,FALSE,subtle_gray_stripes,left,"0.0,30.0","0.0,80.0",640x480,4,12,0,1,none,1,0,0,0.1,,,,,10,60,"83,84","3,4",0,FALSE,,,,,FALSE,,,,FALSE,Qwen/Qwen2.5-VL-3B-Instruct,qwen2_vl,saves/speed_gray_dora_dec7,8,16,0.05,8192,1,8,5.00E-05,cosine,0.1,FALSE,TRUE,4,10,100,100,yesno,128,1024,4,128,0.8,TRUE,FALSE,FALSE,FALSE,skipped,completed,completed,50,33.33,0,66.67,25,50,0,8,8,8,50,33.33,0,66.67,25,50,0,8,8,8,"{""subtle_gray_stripes_stripe83_bg3"": {""accuracy"": 50.0, ""f1_score"": 33.33, ""correct"": 2, ""total"": 4}, ""subtle_gray_stripes_stripe83_bg4"": {""accuracy"": 50.0, ""f1_score"": 33.33, ""correct"": 2, ""total"": 4}, ""subtle_gray_stripes_stripe84_bg3"": {""accuracy"": 50.0, ""f1_score"": 33.33, ""correct"": 2, ""total"": 4}, ""subtle_gray_stripes_stripe84_bg4"": {""accuracy"": 50.0, ""f1_score"": 33.33, ""correct"": 2, ""total"": 4}}","{""angle0"": {""accuracy"": 50.0, ""f1_score"": 33.33, ""correct"": 4, ""total"": 8}, ""angle30"": {""accuracy"": 50.0, ""f1_score"": 33.33, ""correct"": 4, ""total"": 8}}","{""subtle_gray_stripes_stripe83_bg3"": {""accuracy"": 50.0, ""f1_score"": 33.33, ""correct"": 2, ""total"": 4}, ""subtle_gray_stripes_stripe83_bg4"": {""accuracy"": 50.0, ""f1_score"": 33.33, ""correct"": 2, ""total"": 4}, ""subtle_gray_stripes_stripe84_bg3"": {""accuracy"": 50.0, ""f1_score"": 33.33, ""correct"": 2, ""total"": 4}, ""subtle_gray_stripes_stripe84_bg4"": {""accuracy"": 50.0, ""f1_score"": 33.33, ""correct"": 2, ""total"": 4}}","{""angle0"": {""accuracy"": 50.0, ""f1_score"": 33.33, ""correct"": 4, ""total"": 8}, ""angle30"": {""accuracy"": 50.0, ""f1_score"": 33.33, ""correct"": 4, ""total"": 8}}",,,saves/speed_gray_dora_dec7,speed_gray_dora_dec7,TRUE,,1,analytics/reports/_exp_20251207_125853_dual_report_20251207_130223.html,
12,12/7/2025 11:37,20251207_113757,_exp_20251207_133735,_exp_20251207_133735_train,_exp_20251207_133735_test,100,1,42,subtle_gray_stripes,left,"0.0,30.0","0.0,14.0",640x480,4,12,0,1,none,1,0,0,0.1,,,,,10,60,"228,229","120,121",0,FALSE,,,,,FALSE,,,,FALSE,subtle_gray_stripes,left,"0.0,30.0","0.0,80.0",640x480,4,12,0,1,none,1,0,0,0.1,,,,,10,60,"83,84","3,4",0,FALSE,,,,,FALSE,,,,FALSE,Qwen/Qwen2.5-VL-3B-Instruct,qwen2_vl,saves/speed_gray_fresh_dec7,8,16,0.05,8192,1,8,5.00E-05,cosine,0.1,FALSE,TRUE,4,10,100,100,yesno,128,1024,4,128,0.8,TRUE,FALSE,FALSE,FALSE,skipped,completed,completed,50,33.33,0,66.67,25,50,0,8,8,8,50,33.33,0,66.67,25,50,0,8,8,8,"{""subtle_gray_stripes_stripe83_bg3"": {""accuracy"": 50.0, ""f1_score"": 33.33, ""correct"": 2, ""total"": 4}, ""subtle_gray_stripes_stripe83_bg4"": {""accuracy"": 50.0, ""f1_score"": 33.33, ""correct"": 2, ""total"": 4}, ""subtle_gray_stripes_stripe84_bg3"": {""accuracy"": 50.0, ""f1_score"": 33.33, ""correct"": 2, ""total"": 4}, ""subtle_gray_stripes_stripe84_bg4"": {""accuracy"": 50.0, ""f1_score"": 33.33, ""correct"": 2, ""total"": 4}}","{""angle0"": {""accuracy"": 50.0, ""f1_score"": 33.33, ""correct"": 4, ""total"": 8}, ""angle30"": {""accuracy"": 50.0, ""f1_score"": 33.33, ""correct"": 4, ""total"": 8}}","{""subtle_gray_stripes_stripe83_bg3"": {""accuracy"": 50.0, ""f1_score"": 33.33, ""correct"": 2, ""total"": 4}, ""subtle_gray_stripes_stripe83_bg4"": {""accuracy"": 50.0, ""f1_score"": 33.33, ""correct"": 2, ""total"": 4}, ""subtle_gray_stripes_stripe84_bg3"": {""accuracy"": 50.0, ""f1_score"": 33.33, ""correct"": 2, ""total"": 4}, ""subtle_gray_stripes_stripe84_bg4"": {""accuracy"": 50.0, ""f1_score"": 33.33, ""correct"": 2, ""total"": 4}}","{""angle0"": {""accuracy"": 50.0, ""f1_score"": 33.33, ""correct"": 4, ""total"": 8}, ""angle30"": {""accuracy"": 50.0, ""f1_score"": 33.33, ""correct"": 4, ""total"": 8}}",,,saves/speed_gray_fresh_dec7,speed_gray_fresh_dec7,TRUE,,1,,
14,12/7/2025 12:30,20251207_123055,_exp_20251207_143033,_exp_20251207_143033_train,_exp_20251207_143033_test,100,1,42,subtle_gray_stripes,left,"0.0,30.0","0.0,14.0",640x480,4,12,0,1,none,1,0,0,0.1,1,,,,10,60,"228,229",120,0,FALSE,,,,,FALSE,,,,FALSE,subtle_gray_stripes,left,"0.0,30.0","0.0,80.0",640x480,4,12,0,1,none,1,0,0,0.1,"1.0,3.0,7.0",,,,10,60,83,"3,4",0,FALSE,,,,,FALSE,,,,FALSE,Qwen/Qwen2.5-VL-3B-Instruct,qwen2_vl,saves/speedgray_working_8,8,16,0.05,8192,1,8,5.00E-05,cosine,0.1,FALSE,TRUE,4,10,100,100,yesno,128,1024,4,128,0.8,TRUE,FALSE,FALSE,FALSE,skipped,completed,completed,50,33.33,0,66.67,25,50,0,12,12,12,50,33.33,0,66.67,25,50,0,12,12,12,"{""subtle_gray_stripes_stripe83_bg3"": {""accuracy"": 50.0, ""f1_score"": 33.33, ""correct"": 6, ""total"": 12}, ""subtle_gray_stripes_stripe83_bg4"": {""accuracy"": 50.0, ""f1_score"": 33.33, ""correct"": 6, ""total"": 12}}","{""angle0"": {""accuracy"": 50.0, ""f1_score"": 33.33, ""correct"": 6, ""total"": 12}, ""angle30"": {""accuracy"": 50.0, ""f1_score"": 33.33, ""correct"": 6, ""total"": 12}}","{""subtle_gray_stripes_stripe83_bg3"": {""accuracy"": 50.0, ""f1_score"": 33.33, ""correct"": 6, ""total"": 12}, ""subtle_gray_stripes_stripe83_bg4"": {""accuracy"": 50.0, ""f1_score"": 33.33, ""correct"": 6, ""total"": 12}}","{""angle0"": {""accuracy"": 50.0, ""f1_score"": 33.33, ""correct"": 6, ""total"": 12}, ""angle30"": {""accuracy"": 50.0, ""f1_score"": 33.33, ""correct"": 6, ""total"": 12}}",,,saves/speedgray_working_8,speedgray_working_8,TRUE,,1,file:///mnt/c/Users/shaha/Desktop/Qwen2.5/LLaMA-Factory/analytics/reports/_exp_20251207_143033_dual_report_20251207_143409.html,
15,12/7/2025 14:23,20251207_142322,_exp_20251207_162301,_exp_20251207_162301_train,_exp_20251207_162301_test,100,1,42,subtle_gray_stripes,left,0,"0.0,14.0",640x480,4,12,0,1,none,1,0,0,0.1,1,,,,10,60,"228,229",120,0,FALSE,,,,,FALSE,,,,FALSE,subtle_gray_stripes,left,"0.0,30.0","0.0,80.0",640x480,4,12,0,1,none,1,0,0,0.1,"1.0,3.0,7.0",,,,10,60,83,"3,4",0,FALSE,,,,,FALSE,,,,FALSE,Qwen/Qwen2.5-VL-3B-Instruct,qwen2_vl,saves/speedgray_extreme_test_dec7,8,16,0.05,8192,1,8,5.00E-05,cosine,0.1,FALSE,TRUE,4,10,100,100,yesno,128,1024,4,128,0.8,TRUE,FALSE,FALSE,FALSE,skipped,completed,completed,50,33.33,0,66.67,25,50,0,12,12,12,50,33.33,0,66.67,25,50,0,12,12,12,"{""subtle_gray_stripes_stripe83_bg3"": {""accuracy"": 50.0, ""f1_score"": 33.33, ""correct"": 6, ""total"": 12}, ""subtle_gray_stripes_stripe83_bg4"": {""accuracy"": 50.0, ""f1_score"": 33.33, ""correct"": 6, ""total"": 12}}","{""angle0"": {""accuracy"": 50.0, ""f1_score"": 33.33, ""correct"": 6, ""total"": 12}, ""angle30"": {""accuracy"": 50.0, ""f1_score"": 33.33, ""correct"": 6, ""total"": 12}}","{""subtle_gray_stripes_stripe83_bg3"": {""accuracy"": 50.0, ""f1_score"": 33.33, ""correct"": 6, ""total"": 12}, ""subtle_gray_stripes_stripe83_bg4"": {""accuracy"": 50.0, ""f1_score"": 33.33, ""correct"": 6, ""total"": 12}}","{""angle0"": {""accuracy"": 50.0, ""f1_score"": 33.33, ""correct"": 6, ""total"": 12}, ""angle30"": {""accuracy"": 50.0, ""f1_score"": 33.33, ""correct"": 6, ""total"": 12}}",,,saves/speedgray_extreme_test_dec7,speedgray_extreme_test_dec7,TRUE,,1,file:///mnt/c/Users/shaha/Desktop/Qwen2.5/LLaMA-Factory/analytics/reports/_exp_20251207_162301_dual_report_20251207_164932.html,
16,12/7/2025 15:26,20251207_152620,_exp_20251207_172213,_exp_20251207_172213_train,_exp_20251207_172213_test,100,1,42,subtle_gray_stripes,left,"0.0,30.0","0.0,14.0",640x480,4,12,0,1,none,1,0,0,0.1,1,,,,10,60,"226,227,228,229","120,121,123,124",0,FALSE,,,,,FALSE,,,,FALSE,subtle_gray_stripes,left,"0.0,30.0","0.0,14.0",640x480,4,12,0,1,none,1,0,0,0.1,"1.0,3.0,5.0,8.0,10.0",,,,10,60,"226,227,228,229","120,121,123,124",0,FALSE,,,,,FALSE,,,,FALSE,Qwen/Qwen2.5-VL-3B-Instruct,qwen2_vl,saves/dist_gen_1to10_left_gray_dora_dec7,8,16,0.05,8192,14,1,5.00E-05,cosine,0.1,FALSE,TRUE,4,10,100,100,yesno,128,1024,4,128,0.8,TRUE,FALSE,FALSE,FALSE,skipped,completed,completed,50,33.33,0,66.67,25,50,0,160,160,160,59.06,51.69,32.82,70.56,73.26,59.06,32,160,157,160,"{""subtle_gray_stripes_stripe226_bg120"": {""accuracy"": 50.0, ""f1_score"": 33.33, ""correct"": 10, ""total"": 20}, ""subtle_gray_stripes_stripe226_bg121"": {""accuracy"": 50.0, ""f1_score"": 33.33, ""correct"": 10, ""total"": 20}, ""subtle_gray_stripes_stripe226_bg123"": {""accuracy"": 50.0, ""f1_score"": 33.33, ""correct"": 10, ""total"": 20}, ""subtle_gray_stripes_stripe226_bg124"": {""accuracy"": 50.0, ""f1_score"": 33.33, ""correct"": 10, ""total"": 20}, ""subtle_gray_stripes_stripe227_bg120"": {""accuracy"": 50.0, ""f1_score"": 33.33, ""correct"": 10, ""total"": 20}, ""subtle_gray_stripes_stripe227_bg121"": {""accuracy"": 50.0, ""f1_score"": 33.33, ""correct"": 10, ""total"": 20}, ""subtle_gray_stripes_stripe227_bg123"": {""accuracy"": 50.0, ""f1_score"": 33.33, ""correct"": 10, ""total"": 20}, ""subtle_gray_stripes_stripe227_bg124"": {""accuracy"": 50.0, ""f1_score"": 33.33, ""correct"": 10, ""total"": 20}, ""subtle_gray_stripes_stripe228_bg120"": {""accuracy"": 50.0, ""f1_score"": 33.33, ""correct"": 10, ""total"": 20}, ""subtle_gray_stripes_stripe228_bg121"": {""accuracy"": 50.0, ""f1_score"": 33.33, ""correct"": 10, ""total"": 20}, ""subtle_gray_stripes_stripe228_bg123"": {""accuracy"": 50.0, ""f1_score"": 33.33, ""correct"": 10, ""total"": 20}, ""subtle_gray_stripes_stripe228_bg124"": {""accuracy"": 50.0, ""f1_score"": 33.33, ""correct"": 10, ""total"": 20}, ""subtle_gray_stripes_stripe229_bg120"": {""accuracy"": 50.0, ""f1_score"": 33.33, ""correct"": 10, ""total"": 20}, ""subtle_gray_stripes_stripe229_bg121"": {""accuracy"": 50.0, ""f1_score"": 33.33, ""correct"": 10, ""total"": 20}, ""subtle_gray_stripes_stripe229_bg123"": {""accuracy"": 50.0, ""f1_score"": 33.33, ""correct"": 10, ""total"": 20}, ""subtle_gray_stripes_stripe229_bg124"": {""accuracy"": 50.0, ""f1_score"": 33.33, ""correct"": 10, ""total"": 20}}","{""angle0"": {""accuracy"": 50.0, ""f1_score"": 33.33, ""correct"": 80, ""total"": 160}, ""angle30"": {""accuracy"": 50.0, ""f1_score"": 33.33, ""correct"": 80, ""total"": 160}}","{""subtle_gray_stripes_stripe226_bg120"": {""accuracy"": 60.0, ""f1_score"": 52.38, ""correct"": 12, ""total"": 20}, ""subtle_gray_stripes_stripe226_bg121"": {""accuracy"": 55.0, ""f1_score"": 48.72, ""correct"": 11, ""total"": 20}, ""subtle_gray_stripes_stripe226_bg123"": {""accuracy"": 55.0, ""f1_score"": 48.72, ""correct"": 11, ""total"": 20}, ""subtle_gray_stripes_stripe226_bg124"": {""accuracy"": 60.0, ""f1_score"": 52.38, ""correct"": 12, ""total"": 20}, ""subtle_gray_stripes_stripe227_bg120"": {""accuracy"": 60.0, ""f1_score"": 52.38, ""correct"": 12, ""total"": 20}, ""subtle_gray_stripes_stripe227_bg121"": {""accuracy"": 60.0, ""f1_score"": 52.38, ""correct"": 12, ""total"": 20}, ""subtle_gray_stripes_stripe227_bg123"": {""accuracy"": 60.0, ""f1_score"": 52.38, ""correct"": 12, ""total"": 20}, ""subtle_gray_stripes_stripe227_bg124"": {""accuracy"": 60.0, ""f1_score"": 52.38, ""correct"": 12, ""total"": 20}, ""subtle_gray_stripes_stripe228_bg120"": {""accuracy"": 60.0, ""f1_score"": 52.38, ""correct"": 12, ""total"": 20}, ""subtle_gray_stripes_stripe228_bg121"": {""accuracy"": 60.0, ""f1_score"": 52.38, ""correct"": 12, ""total"": 20}, ""subtle_gray_stripes_stripe228_bg123"": {""accuracy"": 60.0, ""f1_score"": 52.38, ""correct"": 12, ""total"": 20}, ""subtle_gray_stripes_stripe228_bg124"": {""accuracy"": 60.0, ""f1_score"": 52.38, ""correct"": 12, ""total"": 20}, ""subtle_gray_stripes_stripe229_bg120"": {""accuracy"": 60.0, ""f1_score"": 52.38, ""correct"": 12, ""total"": 20}, ""subtle_gray_stripes_stripe229_bg121"": {""accuracy"": 60.0, ""f1_score"": 52.38, ""correct"": 12, ""total"": 20}, ""subtle_gray_stripes_stripe229_bg123"": {""accuracy"": 55.0, ""f1_score"": 48.72, ""correct"": 11, ""total"": 20}, ""subtle_gray_stripes_stripe229_bg124"": {""accuracy"": 60.0, ""f1_score"": 52.38, ""correct"": 12, ""total"": 20}}","{""angle0"": {""accuracy"": 58.75, ""f1_score"": 51.46, ""correct"": 94, ""total"": 160}, ""angle30"": {""accuracy"": 59.38, ""f1_score"": 51.92, ""correct"": 95, ""total"": 160}}",,,saves/dist_gen_1to10_left_gray_dora_dec7,dist_gen_1to10_left_gray_dora_dec7,TRUE,,7,file:///mnt/c/Users/shaha/Desktop/Qwen2.5/LLaMA-Factory/analytics/reports/_exp_20251207_172213_dual_report_20251207_192115.html,
17,12/7/2025 17:57,20251207_175718,_exp_20251207_195555,_exp_20251207_195555_train,_exp_20251207_195555_test,100,1,42,subtle_gray_stripes,left,0,"0.0,14.0",640x480,4,12,0,1,none,1,0,0,0.1,1,0,,,10,60,226,120,0,FALSE,,,,,FALSE,,,,FALSE,subtle_gray_stripes,left,"0.0,30.0","0.0,14.0",640x480,4,12,0,1,none,1,0,0,0.1,1,"0,1",,,10,60,"226,227,228,229","120,121,122,123",0,FALSE,,,,,FALSE,,,,FALSE,Qwen/Qwen2.5-VL-3B-Instruct,qwen2_vl,saves/dist_gen_1to10_left_gray_dora_dec7,8,16,0.05,8192,1,8,5.00E-05,cosine,0.1,FALSE,TRUE,4,10,100,100,yesno,128,1024,4,128,0.8,TRUE,TRUE,FALSE,FALSE,skipped,skipped,completed,50,33.33,0,66.67,25,50,0,64,64,64,96.88,96.87,96.97,96.77,97.06,96.88,64,64,60,64,"{""subtle_gray_stripes_stripe226_bg120"": {""accuracy"": 50.0, ""f1_score"": 33.33, ""correct"": 4, ""total"": 8}, ""subtle_gray_stripes_stripe226_bg121"": {""accuracy"": 50.0, ""f1_score"": 33.33, ""correct"": 4, ""total"": 8}, ""subtle_gray_stripes_stripe226_bg122"": {""accuracy"": 50.0, ""f1_score"": 33.33, ""correct"": 4, ""total"": 8}, ""subtle_gray_stripes_stripe226_bg123"": {""accuracy"": 50.0, ""f1_score"": 33.33, ""correct"": 4, ""total"": 8}, ""subtle_gray_stripes_stripe227_bg120"": {""accuracy"": 50.0, ""f1_score"": 33.33, ""correct"": 4, ""total"": 8}, ""subtle_gray_stripes_stripe227_bg121"": {""accuracy"": 50.0, ""f1_score"": 33.33, ""correct"": 4, ""total"": 8}, ""subtle_gray_stripes_stripe227_bg122"": {""accuracy"": 50.0, ""f1_score"": 33.33, ""correct"": 4, ""total"": 8}, ""subtle_gray_stripes_stripe227_bg123"": {""accuracy"": 50.0, ""f1_score"": 33.33, ""correct"": 4, ""total"": 8}, ""subtle_gray_stripes_stripe228_bg120"": {""accuracy"": 50.0, ""f1_score"": 33.33, ""correct"": 4, ""total"": 8}, ""subtle_gray_stripes_stripe228_bg121"": {""accuracy"": 50.0, ""f1_score"": 33.33, ""correct"": 4, ""total"": 8}, ""subtle_gray_stripes_stripe228_bg122"": {""accuracy"": 50.0, ""f1_score"": 33.33, ""correct"": 4, ""total"": 8}, ""subtle_gray_stripes_stripe228_bg123"": {""accuracy"": 50.0, ""f1_score"": 33.33, ""correct"": 4, ""total"": 8}, ""subtle_gray_stripes_stripe229_bg120"": {""accuracy"": 50.0, ""f1_score"": 33.33, ""correct"": 4, ""total"": 8}, ""subtle_gray_stripes_stripe229_bg121"": {""accuracy"": 50.0, ""f1_score"": 33.33, ""correct"": 4, ""total"": 8}, ""subtle_gray_stripes_stripe229_bg122"": {""accuracy"": 50.0, ""f1_score"": 33.33, ""correct"": 4, ""total"": 8}, ""subtle_gray_stripes_stripe229_bg123"": {""accuracy"": 50.0, ""f1_score"": 33.33, ""correct"": 4, ""total"": 8}}","{""angle0"": {""accuracy"": 50.0, ""f1_score"": 33.33, ""correct"": 32, ""total"": 64}, ""angle30"": {""accuracy"": 50.0, ""f1_score"": 33.33, ""correct"": 32, ""total"": 64}}","{""subtle_gray_stripes_stripe226_bg120"": {""accuracy"": 100.0, ""f1_score"": 100.0, ""correct"": 8, ""total"": 8}, ""subtle_gray_stripes_stripe226_bg121"": {""accuracy"": 75.0, ""f1_score"": 73.33, ""correct"": 6, ""total"": 8}, ""subtle_gray_stripes_stripe226_bg122"": {""accuracy"": 100.0, ""f1_score"": 100.0, ""correct"": 8, ""total"": 8}, ""subtle_gray_stripes_stripe226_bg123"": {""accuracy"": 100.0, ""f1_score"": 100.0, ""correct"": 8, ""total"": 8}, ""subtle_gray_stripes_stripe227_bg120"": {""accuracy"": 100.0, ""f1_score"": 100.0, ""correct"": 8, ""total"": 8}, ""subtle_gray_stripes_stripe227_bg121"": {""accuracy"": 100.0, ""f1_score"": 100.0, ""correct"": 8, ""total"": 8}, ""subtle_gray_stripes_stripe227_bg122"": {""accuracy"": 100.0, ""f1_score"": 100.0, ""correct"": 8, ""total"": 8}, ""subtle_gray_stripes_stripe227_bg123"": {""accuracy"": 100.0, ""f1_score"": 100.0, ""correct"": 8, ""total"": 8}, ""subtle_gray_stripes_stripe228_bg120"": {""accuracy"": 100.0, ""f1_score"": 100.0, ""correct"": 8, ""total"": 8}, ""subtle_gray_stripes_stripe228_bg121"": {""accuracy"": 100.0, ""f1_score"": 100.0, ""correct"": 8, ""total"": 8}, ""subtle_gray_stripes_stripe228_bg122"": {""accuracy"": 87.5, ""f1_score"": 87.3, ""correct"": 7, ""total"": 8}, ""subtle_gray_stripes_stripe228_bg123"": {""accuracy"": 100.0, ""f1_score"": 100.0, ""correct"": 8, ""total"": 8}, ""subtle_gray_stripes_stripe229_bg120"": {""accuracy"": 100.0, ""f1_score"": 100.0, ""correct"": 8, ""total"": 8}, ""subtle_gray_stripes_stripe229_bg121"": {""accuracy"": 100.0, ""f1_score"": 100.0, ""correct"": 8, ""total"": 8}, ""subtle_gray_stripes_stripe229_bg122"": {""accuracy"": 87.5, ""f1_score"": 87.3, ""correct"": 7, ""total"": 8}, ""subtle_gray_stripes_stripe229_bg123"": {""accuracy"": 100.0, ""f1_score"": 100.0, ""correct"": 8, ""total"": 8}}","{""angle0"": {""accuracy"": 93.75, ""f1_score"": 93.73, ""correct"": 60, ""total"": 64}, ""angle30"": {""accuracy"": 100.0, ""f1_score"": 100.0, ""correct"": 64, ""total"": 64}}",,,saves/dist_gen_1to10_left_gray_dora_dec7,,FALSE,,1,,
18,12/8/2025 7:30,20251208_073058,_exp_20251207_172213,_exp_20251207_172213_train,_exp_20251207_172213_test,100,1,42,subtle_gray_stripes,"left,right,up,down","0.0,15.0,30.0,45.0","0.0,14.0",640x480,4,12,0,1,none,1,0,0,0.1,1,0,,,10,60,20,15,0,FALSE,,,,,FALSE,,,,FALSE,subtle_gray_stripes,"left,right,up,down","0.0,15.0,30.0,45.0","0.0,14.0",640x480,4,12,0,1,none,1,0,0,0.1,1,0,,,10,60,15,10,0,FALSE,,,,,FALSE,,,,FALSE,Qwen/Qwen2.5-VL-3B-Instruct,qwen2_vl,saves/dist_gen_1to10_left_gray_dora_dec7,8,16,0.05,8192,1,8,5.00E-05,cosine,0.1,FALSE,TRUE,4,10,100,100,moving_stopped,128,1024,4,128,0.8,TRUE,TRUE,FALSE,FALSE,failed,failed,failed,,,,,,,,,,,,,,,,,,,,,,,,,,,saves/dist_gen_1to10_left_gray_dora_dec7,,FALSE,,5,,
19,12/8/2025 7:31,20251208_073135,_exp_20251207_172213,_exp_20251207_172213_train,_exp_20251207_172213_test,100,1,42,,,,,,,,,,,,,,,,,,,,,,,,,,,,,,,,,,,,,,,,,,,,,,,,,,,,,,,,,,,,,,,,,,,Qwen/Qwen2.5-VL-3B-Instruct,qwen2_vl,saves/dist_gen_1to10_left_gray_dora_dec7,8,16,0.05,8192,1,8,5.00E-05,cosine,0.1,FALSE,TRUE,4,10,100,100,moving_stopped,128,1024,2,128,0.8,TRUE,TRUE,FALSE,FALSE,failed,failed,failed,,,,,,,,,,,,,,,,,,,,,,,,,,,saves/dist_gen_1to10_left_gray_dora_dec7,,FALSE,,1,,
20,12/8/2025 7:32,20251208_073218,_exp_20251207_172213,_exp_20251207_172213_train,_exp_20251207_172213_test,100,1,42,,,,,,,,,,,,,,,,,,,,,,,,,,,,,,,,,,,,,,,,,,,,,,,,,,,,,,,,,,,,,,,,,,,Qwen/Qwen2.5-VL-3B-Instruct,qwen2_vl,saves/dist_gen_1to10_left_gray_dora_dec7,8,16,0.05,8192,1,8,5.00E-05,cosine,0.1,FALSE,TRUE,4,10,100,100,moving_stopped,128,1024,2,128,0.8,TRUE,TRUE,FALSE,FALSE,skipped,skipped,in_progress,,,,,,,,,,,,,,,,,,,,,,,,,,,saves/dist_gen_1to10_left_gray_dora_dec7,,FALSE,,1,,
21,12/8/2025 7:34,20251208_073414,_exp_20251207_172213,_exp_20251207_172213_train,_exp_20251207_172213_test,100,1,42,subtle_gray_stripes,"left,right,up,down","0.0,15.0,30.0,45.0","0.0,14.0",640x480,4,12,0,1,none,1,0,0,0.1,1,0,,,10,60,20,15,0,FALSE,,,,,FALSE,,,,FALSE,subtle_gray_stripes,"left,right,up,down","0.0,15.0,30.0,45.0","0.0,14.0",640x480,4,12,0,1,none,1,0,0,0.1,1,0,,,10,60,15,10,0,FALSE,,,,,FALSE,,,,FALSE,Qwen/Qwen2.5-VL-3B-Instruct,qwen2_vl,saves/dist_gen_1to10_left_gray_dora_dec7,8,16,0.05,8192,1,8,5.00E-05,cosine,0.1,FALSE,TRUE,4,10,100,100,moving_stopped,128,1024,4,128,0.8,TRUE,TRUE,FALSE,FALSE,skipped,skipped,completed,54.69,42.98,17.14,68.82,76.23,54.69,15,160,160,160,59.06,55.29,42.29,68.28,63.69,59.06,48,160,141,160,"{""subtle_gray_stripes_stripe226_bg120"": {""accuracy"": 55.0, ""f1_score"": 43.57, ""correct"": 11, ""total"": 20}, ""subtle_gray_stripes_stripe226_bg121"": {""accuracy"": 55.0, ""f1_score"": 43.57, ""correct"": 11, ""total"": 20}, ""subtle_gray_stripes_stripe226_bg123"": {""accuracy"": 55.0, ""f1_score"": 43.57, ""correct"": 11, ""total"": 20}, ""subtle_gray_stripes_stripe226_bg124"": {""accuracy"": 55.0, ""f1_score"": 43.57, ""correct"": 11, ""total"": 20}, ""subtle_gray_stripes_stripe227_bg120"": {""accuracy"": 55.0, ""f1_score"": 43.57, ""correct"": 11, ""total"": 20}, ""subtle_gray_stripes_stripe227_bg121"": {""accuracy"": 55.0, ""f1_score"": 43.57, ""correct"": 11, ""total"": 20}, ""subtle_gray_stripes_stripe227_bg123"": {""accuracy"": 55.0, ""f1_score"": 43.57, ""correct"": 11, ""total"": 20}, ""subtle_gray_stripes_stripe227_bg124"": {""accuracy"": 55.0, ""f1_score"": 43.57, ""correct"": 11, ""total"": 20}, ""subtle_gray_stripes_stripe228_bg120"": {""accuracy"": 55.0, ""f1_score"": 43.57, ""correct"": 11, ""total"": 20}, ""subtle_gray_stripes_stripe228_bg121"": {""accuracy"": 55.0, ""f1_score"": 43.57, ""correct"": 11, ""total"": 20}, ""subtle_gray_stripes_stripe228_bg123"": {""accuracy"": 50.0, ""f1_score"": 33.33, ""correct"": 10, ""total"": 20}, ""subtle_gray_stripes_stripe228_bg124"": {""accuracy"": 55.0, ""f1_score"": 43.57, ""correct"": 11, ""total"": 20}, ""subtle_gray_stripes_stripe229_bg120"": {""accuracy"": 55.0, ""f1_score"": 43.57, ""correct"": 11, ""total"": 20}, ""subtle_gray_stripes_stripe229_bg121"": {""accuracy"": 55.0, ""f1_score"": 43.57, ""correct"": 11, ""total"": 20}, ""subtle_gray_stripes_stripe229_bg123"": {""accuracy"": 55.0, ""f1_score"": 43.57, ""correct"": 11, ""total"": 20}, ""subtle_gray_stripes_stripe229_bg124"": {""accuracy"": 55.0, ""f1_score"": 43.57, ""correct"": 11, ""total"": 20}}","{""angle0"": {""accuracy"": 59.38, ""f1_score"": 51.35, ""correct"": 95, ""total"": 160}, ""angle30"": {""accuracy"": 50.0, ""f1_score"": 33.33, ""correct"": 80, ""total"": 160}}","{""subtle_gray_stripes_stripe226_bg120"": {""accuracy"": 60.0, ""f1_score"": 56.04, ""correct"": 12, ""total"": 20}, ""subtle_gray_stripes_stripe226_bg121"": {""accuracy"": 55.0, ""f1_score"": 52.0, ""correct"": 11, ""total"": 20}, ""subtle_gray_stripes_stripe226_bg123"": {""accuracy"": 60.0, ""f1_score"": 56.04, ""correct"": 12, ""total"": 20}, ""subtle_gray_stripes_stripe226_bg124"": {""accuracy"": 60.0, ""f1_score"": 56.04, ""correct"": 12, ""total"": 20}, ""subtle_gray_stripes_stripe227_bg120"": {""accuracy"": 60.0, ""f1_score"": 56.04, ""correct"": 12, ""total"": 20}, ""subtle_gray_stripes_stripe227_bg121"": {""accuracy"": 60.0, ""f1_score"": 56.04, ""correct"": 12, ""total"": 20}, ""subtle_gray_stripes_stripe227_bg123"": {""accuracy"": 60.0, ""f1_score"": 56.04, ""correct"": 12, ""total"": 20}, ""subtle_gray_stripes_stripe227_bg124"": {""accuracy"": 60.0, ""f1_score"": 56.04, ""correct"": 12, ""total"": 20}, ""subtle_gray_stripes_stripe228_bg120"": {""accuracy"": 60.0, ""f1_score"": 56.04, ""correct"": 12, ""total"": 20}, ""subtle_gray_stripes_stripe228_bg121"": {""accuracy"": 60.0, ""f1_score"": 56.04, ""correct"": 12, ""total"": 20}, ""subtle_gray_stripes_stripe228_bg123"": {""accuracy"": 60.0, ""f1_score"": 56.04, ""correct"": 12, ""total"": 20}, ""subtle_gray_stripes_stripe228_bg124"": {""accuracy"": 60.0, ""f1_score"": 56.04, ""correct"": 12, ""total"": 20}, ""subtle_gray_stripes_stripe229_bg120"": {""accuracy"": 60.0, ""f1_score"": 56.04, ""correct"": 12, ""total"": 20}, ""subtle_gray_stripes_stripe229_bg121"": {""accuracy"": 55.0, ""f1_score"": 52.0, ""correct"": 11, ""total"": 20}, ""subtle_gray_stripes_stripe229_bg123"": {""accuracy"": 55.0, ""f1_score"": 52.0, ""correct"": 11, ""total"": 20}, ""subtle_gray_stripes_stripe229_bg124"": {""accuracy"": 60.0, ""f1_score"": 56.04, ""correct"": 12, ""total"": 20}}","{""angle0"": {""accuracy"": 58.75, ""f1_score"": 57.25, ""correct"": 94, ""total"": 160}, ""angle30"": {""accuracy"": 59.38, ""f1_score"": 51.92, ""correct"": 95, ""total"": 160}}",,,saves/dist_gen_1to10_left_gray_dora_dec7,,FALSE,,5,,
22,12/8/2025 9:31,20251208_093147,_exp_20251207_172213,_exp_20251207_172213_train,_exp_20251207_172213_test,100,1,42,subtle_gray_stripes,"left,right,up,down","0.0,15.0,30.0,45.0","0.0,14.0",640x480,4,12,0,1,none,1,0,0,0.1,1,0,,,10,60,20,15,0,FALSE,,,,,FALSE,,,,FALSE,subtle_gray_stripes,"left,right,up,down","0.0,15.0,30.0,45.0","0.0,14.0",640x480,4,12,0,1,none,1,0,0,0.1,1,0,,,10,60,15,10,0,FALSE,,,,,FALSE,,,,FALSE,Qwen/Qwen2.5-VL-3B-Instruct,qwen2_vl,saves/dist_gen_1to10_left_gray_dora_dec7,8,16,0.05,8192,1,8,5.00E-05,cosine,0.1,FALSE,TRUE,4,10,100,100,moving_stopped,128,1024,4,128,0.8,TRUE,TRUE,FALSE,FALSE,skipped,skipped,completed,54.69,42.98,17.14,68.82,76.23,54.69,15,160,160,160,59.06,55.29,42.29,68.28,63.69,59.06,48,160,141,160,"{""subtle_gray_stripes_stripe226_bg120"": {""accuracy"": 55.0, ""f1_score"": 43.57, ""correct"": 11, ""total"": 20}, ""subtle_gray_stripes_stripe226_bg121"": {""accuracy"": 55.0, ""f1_score"": 43.57, ""correct"": 11, ""total"": 20}, ""subtle_gray_stripes_stripe226_bg123"": {""accuracy"": 55.0, ""f1_score"": 43.57, ""correct"": 11, ""total"": 20}, ""subtle_gray_stripes_stripe226_bg124"": {""accuracy"": 55.0, ""f1_score"": 43.57, ""correct"": 11, ""total"": 20}, ""subtle_gray_stripes_stripe227_bg120"": {""accuracy"": 55.0, ""f1_score"": 43.57, ""correct"": 11, ""total"": 20}, ""subtle_gray_stripes_stripe227_bg121"": {""accuracy"": 55.0, ""f1_score"": 43.57, ""correct"": 11, ""total"": 20}, ""subtle_gray_stripes_stripe227_bg123"": {""accuracy"": 55.0, ""f1_score"": 43.57, ""correct"": 11, ""total"": 20}, ""subtle_gray_stripes_stripe227_bg124"": {""accuracy"": 55.0, ""f1_score"": 43.57, ""correct"": 11, ""total"": 20}, ""subtle_gray_stripes_stripe228_bg120"": {""accuracy"": 55.0, ""f1_score"": 43.57, ""correct"": 11, ""total"": 20}, ""subtle_gray_stripes_stripe228_bg121"": {""accuracy"": 55.0, ""f1_score"": 43.57, ""correct"": 11, ""total"": 20}, ""subtle_gray_stripes_stripe228_bg123"": {""accuracy"": 50.0, ""f1_score"": 33.33, ""correct"": 10, ""total"": 20}, ""subtle_gray_stripes_stripe228_bg124"": {""accuracy"": 55.0, ""f1_score"": 43.57, ""correct"": 11, ""total"": 20}, ""subtle_gray_stripes_stripe229_bg120"": {""accuracy"": 55.0, ""f1_score"": 43.57, ""correct"": 11, ""total"": 20}, ""subtle_gray_stripes_stripe229_bg121"": {""accuracy"": 55.0, ""f1_score"": 43.57, ""correct"": 11, ""total"": 20}, ""subtle_gray_stripes_stripe229_bg123"": {""accuracy"": 55.0, ""f1_score"": 43.57, ""correct"": 11, ""total"": 20}, ""subtle_gray_stripes_stripe229_bg124"": {""accuracy"": 55.0, ""f1_score"": 43.57, ""correct"": 11, ""total"": 20}}","{""angle0"": {""accuracy"": 59.38, ""f1_score"": 51.35, ""correct"": 95, ""total"": 160}, ""angle30"": {""accuracy"": 50.0, ""f1_score"": 33.33, ""correct"": 80, ""total"": 160}}","{""subtle_gray_stripes_stripe226_bg120"": {""accuracy"": 60.0, ""f1_score"": 56.04, ""correct"": 12, ""total"": 20}, ""subtle_gray_stripes_stripe226_bg121"": {""accuracy"": 55.0, ""f1_score"": 52.0, ""correct"": 11, ""total"": 20}, ""subtle_gray_stripes_stripe226_bg123"": {""accuracy"": 60.0, ""f1_score"": 56.04, ""correct"": 12, ""total"": 20}, ""subtle_gray_stripes_stripe226_bg124"": {""accuracy"": 60.0, ""f1_score"": 56.04, ""correct"": 12, ""total"": 20}, ""subtle_gray_stripes_stripe227_bg120"": {""accuracy"": 60.0, ""f1_score"": 56.04, ""correct"": 12, ""total"": 20}, ""subtle_gray_stripes_stripe227_bg121"": {""accuracy"": 60.0, ""f1_score"": 56.04, ""correct"": 12, ""total"": 20}, ""subtle_gray_stripes_stripe227_bg123"": {""accuracy"": 60.0, ""f1_score"": 56.04, ""correct"": 12, ""total"": 20}, ""subtle_gray_stripes_stripe227_bg124"": {""accuracy"": 60.0, ""f1_score"": 56.04, ""correct"": 12, ""total"": 20}, ""subtle_gray_stripes_stripe228_bg120"": {""accuracy"": 60.0, ""f1_score"": 56.04, ""correct"": 12, ""total"": 20}, ""subtle_gray_stripes_stripe228_bg121"": {""accuracy"": 60.0, ""f1_score"": 56.04, ""correct"": 12, ""total"": 20}, ""subtle_gray_stripes_stripe228_bg123"": {""accuracy"": 60.0, ""f1_score"": 56.04, ""correct"": 12, ""total"": 20}, ""subtle_gray_stripes_stripe228_bg124"": {""accuracy"": 60.0, ""f1_score"": 56.04, ""correct"": 12, ""total"": 20}, ""subtle_gray_stripes_stripe229_bg120"": {""accuracy"": 60.0, ""f1_score"": 56.04, ""correct"": 12, ""total"": 20}, ""subtle_gray_stripes_stripe229_bg121"": {""accuracy"": 55.0, ""f1_score"": 52.0, ""correct"": 11, ""total"": 20}, ""subtle_gray_stripes_stripe229_bg123"": {""accuracy"": 55.0, ""f1_score"": 52.0, ""correct"": 11, ""total"": 20}, ""subtle_gray_stripes_stripe229_bg124"": {""accuracy"": 60.0, ""f1_score"": 56.04, ""correct"": 12, ""total"": 20}}","{""angle0"": {""accuracy"": 58.75, ""f1_score"": 57.25, ""correct"": 94, ""total"": 160}, ""angle30"": {""accuracy"": 59.38, ""f1_score"": 51.92, ""correct"": 95, ""total"": 160}}",,,saves/dist_gen_1to10_left_gray_dora_dec7,,FALSE,,5,file:///mnt/c/Users/shaha/Desktop/Qwen2.5/LLaMA-Factory/analytics/reports/_exp_20251207_172213_dual_report_20251208_122957.html,
23,12/8/2025 10:43,20251208_104303,_exp_20251207_172213,_exp_20251207_172213_train,_exp_20251207_172213_test,100,1,42,subtle_gray_stripes,"left,right,up,down","0.0,15.0,30.0,45.0","0.0,14.0",640x480,4,12,0,1,none,1,0,0,0.1,1,0,,,10,60,20,15,0,FALSE,,,,,FALSE,,,,FALSE,subtle_gray_stripes,"left,right,up,down","0.0,15.0,30.0,45.0","0.0,14.0",640x480,4,12,0,1,none,1,0,0,0.1,1,0,,,10,60,15,10,0,FALSE,,,,,FALSE,,,,FALSE,Qwen/Qwen2.5-VL-3B-Instruct,qwen2_vl,saves/dist_gen_1to10_left_gray_dora_dec7,8,16,0.05,8192,1,8,5.00E-05,cosine,0.1,FALSE,TRUE,4,10,100,100,moving_stopped,128,1024,4,128,0.8,TRUE,TRUE,FALSE,FALSE,skipped,skipped,completed,54.69,42.98,17.14,68.82,76.23,54.69,15,160,160,160,59.06,55.29,42.29,68.28,63.69,59.06,48,160,141,160,"{""subtle_gray_stripes_stripe226_bg120"": {""accuracy"": 55.0, ""f1_score"": 43.57, ""correct"": 11, ""total"": 20}, ""subtle_gray_stripes_stripe226_bg121"": {""accuracy"": 55.0, ""f1_score"": 43.57, ""correct"": 11, ""total"": 20}, ""subtle_gray_stripes_stripe226_bg123"": {""accuracy"": 55.0, ""f1_score"": 43.57, ""correct"": 11, ""total"": 20}, ""subtle_gray_stripes_stripe226_bg124"": {""accuracy"": 55.0, ""f1_score"": 43.57, ""correct"": 11, ""total"": 20}, ""subtle_gray_stripes_stripe227_bg120"": {""accuracy"": 55.0, ""f1_score"": 43.57, ""correct"": 11, ""total"": 20}, ""subtle_gray_stripes_stripe227_bg121"": {""accuracy"": 55.0, ""f1_score"": 43.57, ""correct"": 11, ""total"": 20}, ""subtle_gray_stripes_stripe227_bg123"": {""accuracy"": 55.0, ""f1_score"": 43.57, ""correct"": 11, ""total"": 20}, ""subtle_gray_stripes_stripe227_bg124"": {""accuracy"": 55.0, ""f1_score"": 43.57, ""correct"": 11, ""total"": 20}, ""subtle_gray_stripes_stripe228_bg120"": {""accuracy"": 55.0, ""f1_score"": 43.57, ""correct"": 11, ""total"": 20}, ""subtle_gray_stripes_stripe228_bg121"": {""accuracy"": 55.0, ""f1_score"": 43.57, ""correct"": 11, ""total"": 20}, ""subtle_gray_stripes_stripe228_bg123"": {""accuracy"": 50.0, ""f1_score"": 33.33, ""correct"": 10, ""total"": 20}, ""subtle_gray_stripes_stripe228_bg124"": {""accuracy"": 55.0, ""f1_score"": 43.57, ""correct"": 11, ""total"": 20}, ""subtle_gray_stripes_stripe229_bg120"": {""accuracy"": 55.0, ""f1_score"": 43.57, ""correct"": 11, ""total"": 20}, ""subtle_gray_stripes_stripe229_bg121"": {""accuracy"": 55.0, ""f1_score"": 43.57, ""correct"": 11, ""total"": 20}, ""subtle_gray_stripes_stripe229_bg123"": {""accuracy"": 55.0, ""f1_score"": 43.57, ""correct"": 11, ""total"": 20}, ""subtle_gray_stripes_stripe229_bg124"": {""accuracy"": 55.0, ""f1_score"": 43.57, ""correct"": 11, ""total"": 20}}","{""angle0"": {""accuracy"": 59.38, ""f1_score"": 51.35, ""correct"": 95, ""total"": 160}, ""angle30"": {""accuracy"": 50.0, ""f1_score"": 33.33, ""correct"": 80, ""total"": 160}}","{""subtle_gray_stripes_stripe226_bg120"": {""accuracy"": 60.0, ""f1_score"": 56.04, ""correct"": 12, ""total"": 20}, ""subtle_gray_stripes_stripe226_bg121"": {""accuracy"": 55.0, ""f1_score"": 52.0, ""correct"": 11, ""total"": 20}, ""subtle_gray_stripes_stripe226_bg123"": {""accuracy"": 60.0, ""f1_score"": 56.04, ""correct"": 12, ""total"": 20}, ""subtle_gray_stripes_stripe226_bg124"": {""accuracy"": 60.0, ""f1_score"": 56.04, ""correct"": 12, ""total"": 20}, ""subtle_gray_stripes_stripe227_bg120"": {""accuracy"": 60.0, ""f1_score"": 56.04, ""correct"": 12, ""total"": 20}, ""subtle_gray_stripes_stripe227_bg121"": {""accuracy"": 60.0, ""f1_score"": 56.04, ""correct"": 12, ""total"": 20}, ""subtle_gray_stripes_stripe227_bg123"": {""accuracy"": 60.0, ""f1_score"": 56.04, ""correct"": 12, ""total"": 20}, ""subtle_gray_stripes_stripe227_bg124"": {""accuracy"": 60.0, ""f1_score"": 56.04, ""correct"": 12, ""total"": 20}, ""subtle_gray_stripes_stripe228_bg120"": {""accuracy"": 60.0, ""f1_score"": 56.04, ""correct"": 12, ""total"": 20}, ""subtle_gray_stripes_stripe228_bg121"": {""accuracy"": 60.0, ""f1_score"": 56.04, ""correct"": 12, ""total"": 20}, ""subtle_gray_stripes_stripe228_bg123"": {""accuracy"": 60.0, ""f1_score"": 56.04, ""correct"": 12, ""total"": 20}, ""subtle_gray_stripes_stripe228_bg124"": {""accuracy"": 60.0, ""f1_score"": 56.04, ""correct"": 12, ""total"": 20}, ""subtle_gray_stripes_stripe229_bg120"": {""accuracy"": 60.0, ""f1_score"": 56.04, ""correct"": 12, ""total"": 20}, ""subtle_gray_stripes_stripe229_bg121"": {""accuracy"": 55.0, ""f1_score"": 52.0, ""correct"": 11, ""total"": 20}, ""subtle_gray_stripes_stripe229_bg123"": {""accuracy"": 55.0, ""f1_score"": 52.0, ""correct"": 11, ""total"": 20}, ""subtle_gray_stripes_stripe229_bg124"": {""accuracy"": 60.0, ""f1_score"": 56.04, ""correct"": 12, ""total"": 20}}","{""angle0"": {""accuracy"": 58.75, ""f1_score"": 57.25, ""correct"": 94, ""total"": 160}, ""angle30"": {""accuracy"": 59.38, ""f1_score"": 51.92, ""correct"": 95, ""total"": 160}}",,,saves/dist_gen_1to10_left_gray_dora_dec7,,FALSE,,5,file:///mnt/c/Users/shaha/Desktop/Qwen2.5/LLaMA-Factory/analytics/reports/_exp_20251207_172213_dual_report_20251208_130404.html,
24,12/8/2025 11:30,20251208_113023,_exp_20251207_172213,_exp_20251207_172213_train,_exp_20251207_172213_test,100,1,42,subtle_gray_stripes,"left,right,up,down","0.0,15.0,30.0,45.0","0.0,14.0",640x480,4,12,0,1,none,1,0,0,0.1,1,0,,,10,60,20,15,0,FALSE,,,,,FALSE,,,,FALSE,subtle_gray_stripes,"left,right,up,down","0.0,15.0,30.0,45.0","0.0,14.0",640x480,4,12,0,1,none,1,0,0,0.1,1,0,,,10,60,15,10,0,FALSE,,,,,FALSE,,,,FALSE,Qwen/Qwen2.5-VL-3B-Instruct,qwen2_vl,saves/dist_gen_1to10_left_gray_oft_dec8,8,16,0.05,8192,14,1,5.00E-05,cosine,0.1,FALSE,TRUE,4,10,100,100,yesno,128,1024,4,128,0.8,TRUE,FALSE,FALSE,FALSE,failed,failed,failed,,,,,,,,,,,,,,,,,,,,,,,,,,,saves/dist_gen_1to10_left_gray_oft_dec8,dist_gen_1to10_left_gray_oft_dec8,FALSE,oft,7,,
25,12/8/2025 11:32,20251208_113217,_exp_20251207_172213,_exp_20251207_172213_train,_exp_20251207_172213_test,100,1,42,subtle_gray_stripes,"left,right,up,down","0.0,15.0,30.0,45.0","0.0,14.0",640x480,4,12,0,1,none,1,0,0,0.1,1,0,,,10,60,20,15,0,FALSE,,,,,FALSE,,,,FALSE,subtle_gray_stripes,"left,right,up,down","0.0,15.0,30.0,45.0","0.0,14.0",640x480,4,12,0,1,none,1,0,0,0.1,1,0,,,10,60,15,10,0,FALSE,,,,,FALSE,,,,FALSE,Qwen/Qwen2.5-VL-3B-Instruct,qwen2_vl,saves/dist_gen_1to10_left_gray_oft_dec8,8,16,0.05,8192,14,1,5.00E-05,cosine,0.1,FALSE,TRUE,4,10,100,100,yesno,128,1024,4,128,0.8,TRUE,FALSE,FALSE,FALSE,skipped,completed,completed,50,33.33,0,66.67,25,50,0,160,160,160,60,52.38,33.33,71.43,77.78,60,32,160,160,160,"{""subtle_gray_stripes_stripe226_bg120"": {""accuracy"": 50.0, ""f1_score"": 33.33, ""correct"": 10, ""total"": 20}, ""subtle_gray_stripes_stripe226_bg121"": {""accuracy"": 50.0, ""f1_score"": 33.33, ""correct"": 10, ""total"": 20}, ""subtle_gray_stripes_stripe226_bg123"": {""accuracy"": 50.0, ""f1_score"": 33.33, ""correct"": 10, ""total"": 20}, ""subtle_gray_stripes_stripe226_bg124"": {""accuracy"": 50.0, ""f1_score"": 33.33, ""correct"": 10, ""total"": 20}, ""subtle_gray_stripes_stripe227_bg120"": {""accuracy"": 50.0, ""f1_score"": 33.33, ""correct"": 10, ""total"": 20}, ""subtle_gray_stripes_stripe227_bg121"": {""accuracy"": 50.0, ""f1_score"": 33.33, ""correct"": 10, ""total"": 20}, ""subtle_gray_stripes_stripe227_bg123"": {""accuracy"": 50.0, ""f1_score"": 33.33, ""correct"": 10, ""total"": 20}, ""subtle_gray_stripes_stripe227_bg124"": {""accuracy"": 50.0, ""f1_score"": 33.33, ""correct"": 10, ""total"": 20}, ""subtle_gray_stripes_stripe228_bg120"": {""accuracy"": 50.0, ""f1_score"": 33.33, ""correct"": 10, ""total"": 20}, ""subtle_gray_stripes_stripe228_bg121"": {""accuracy"": 50.0, ""f1_score"": 33.33, ""correct"": 10, ""total"": 20}, ""subtle_gray_stripes_stripe228_bg123"": {""accuracy"": 50.0, ""f1_score"": 33.33, ""correct"": 10, ""total"": 20}, ""subtle_gray_stripes_stripe228_bg124"": {""accuracy"": 50.0, ""f1_score"": 33.33, ""correct"": 10, ""total"": 20}, ""subtle_gray_stripes_stripe229_bg120"": {""accuracy"": 50.0, ""f1_score"": 33.33, ""correct"": 10, ""total"": 20}, ""subtle_gray_stripes_stripe229_bg121"": {""accuracy"": 50.0, ""f1_score"": 33.33, ""correct"": 10, ""total"": 20}, ""subtle_gray_stripes_stripe229_bg123"": {""accuracy"": 50.0, ""f1_score"": 33.33, ""correct"": 10, ""total"": 20}, ""subtle_gray_stripes_stripe229_bg124"": {""accuracy"": 50.0, ""f1_score"": 33.33, ""correct"": 10, ""total"": 20}}","{""angle0"": {""accuracy"": 50.0, ""f1_score"": 33.33, ""correct"": 80, ""total"": 160}, ""angle30"": {""accuracy"": 50.0, ""f1_score"": 33.33, ""correct"": 80, ""total"": 160}}","{""subtle_gray_stripes_stripe226_bg120"": {""accuracy"": 60.0, ""f1_score"": 52.38, ""correct"": 12, ""total"": 20}, ""subtle_gray_stripes_stripe226_bg121"": {""accuracy"": 60.0, ""f1_score"": 52.38, ""correct"": 12, ""total"": 20}, ""subtle_gray_stripes_stripe226_bg123"": {""accuracy"": 60.0, ""f1_score"": 52.38, ""correct"": 12, ""total"": 20}, ""subtle_gray_stripes_stripe226_bg124"": {""accuracy"": 60.0, ""f1_score"": 52.38, ""correct"": 12, ""total"": 20}, ""subtle_gray_stripes_stripe227_bg120"": {""accuracy"": 60.0, ""f1_score"": 52.38, ""correct"": 12, ""total"": 20}, ""subtle_gray_stripes_stripe227_bg121"": {""accuracy"": 60.0, ""f1_score"": 52.38, ""correct"": 12, ""total"": 20}, ""subtle_gray_stripes_stripe227_bg123"": {""accuracy"": 60.0, ""f1_score"": 52.38, ""correct"": 12, ""total"": 20}, ""subtle_gray_stripes_stripe227_bg124"": {""accuracy"": 60.0, ""f1_score"": 52.38, ""correct"": 12, ""total"": 20}, ""subtle_gray_stripes_stripe228_bg120"": {""accuracy"": 60.0, ""f1_score"": 52.38, ""correct"": 12, ""total"": 20}, ""subtle_gray_stripes_stripe228_bg121"": {""accuracy"": 60.0, ""f1_score"": 52.38, ""correct"": 12, ""total"": 20}, ""subtle_gray_stripes_stripe228_bg123"": {""accuracy"": 60.0, ""f1_score"": 52.38, ""correct"": 12, ""total"": 20}, ""subtle_gray_stripes_stripe228_bg124"": {""accuracy"": 60.0, ""f1_score"": 52.38, ""correct"": 12, ""total"": 20}, ""subtle_gray_stripes_stripe229_bg120"": {""accuracy"": 60.0, ""f1_score"": 52.38, ""correct"": 12, ""total"": 20}, ""subtle_gray_stripes_stripe229_bg121"": {""accuracy"": 60.0, ""f1_score"": 52.38, ""correct"": 12, ""total"": 20}, ""subtle_gray_stripes_stripe229_bg123"": {""accuracy"": 60.0, ""f1_score"": 52.38, ""correct"": 12, ""total"": 20}, ""subtle_gray_stripes_stripe229_bg124"": {""accuracy"": 60.0, ""f1_score"": 52.38, ""correct"": 12, ""total"": 20}}","{""angle0"": {""accuracy"": 60.0, ""f1_score"": 52.38, ""correct"": 96, ""total"": 160}, ""angle30"": {""accuracy"": 60.0, ""f1_score"": 52.38, ""correct"": 96, ""total"": 160}}",,,saves/dist_gen_1to10_left_gray_oft_dec8,dist_gen_1to10_left_gray_oft_dec8,FALSE,oft,7,file:///mnt/c/Users/shaha/Desktop/Qwen2.5/LLaMA-Factory/analytics/reports/_exp_20251207_172213_dual_report_20251208_135920.html,
26,12/8/2025 12:01,20251208_120154,_exp_20251207_172213,_exp_20251207_172213_train,_exp_20251207_172213_test,100,1,42,subtle_gray_stripes,"left,right,up,down","0.0,15.0,30.0,45.0","0.0,14.0",640x480,4,12,0,1,none,1,0,0,0.1,1,0,,,10,60,20,15,0,FALSE,,,,,FALSE,,,,FALSE,subtle_gray_stripes,"left,right,up,down","0.0,15.0,30.0,45.0","0.0,14.0",640x480,4,12,0,1,none,1,0,0,0.1,1,0,,,10,60,15,10,0,FALSE,,,,,FALSE,,,,FALSE,Qwen/Qwen2.5-VL-3B-Instruct,qwen2_vl,saves/dist_gen_1to10_left_gray_rslora_dec8,8,16,0.05,8192,14,1,5.00E-05,cosine,0.1,FALSE,TRUE,4,10,100,100,yesno,128,1024,4,128,0.8,TRUE,FALSE,FALSE,FALSE,skipped,completed,completed,50,33.33,0,66.67,25,50,0,160,160,160,59.69,52.15,33.16,71.14,76.19,59.69,32,160,159,160,"{""subtle_gray_stripes_stripe226_bg120"": {""accuracy"": 50.0, ""f1_score"": 33.33, ""correct"": 10, ""total"": 20}, ""subtle_gray_stripes_stripe226_bg121"": {""accuracy"": 50.0, ""f1_score"": 33.33, ""correct"": 10, ""total"": 20}, ""subtle_gray_stripes_stripe226_bg123"": {""accuracy"": 50.0, ""f1_score"": 33.33, ""correct"": 10, ""total"": 20}, ""subtle_gray_stripes_stripe226_bg124"": {""accuracy"": 50.0, ""f1_score"": 33.33, ""correct"": 10, ""total"": 20}, ""subtle_gray_stripes_stripe227_bg120"": {""accuracy"": 50.0, ""f1_score"": 33.33, ""correct"": 10, ""total"": 20}, ""subtle_gray_stripes_stripe227_bg121"": {""accuracy"": 50.0, ""f1_score"": 33.33, ""correct"": 10, ""total"": 20}, ""subtle_gray_stripes_stripe227_bg123"": {""accuracy"": 50.0, ""f1_score"": 33.33, ""correct"": 10, ""total"": 20}, ""subtle_gray_stripes_stripe227_bg124"": {""accuracy"": 50.0, ""f1_score"": 33.33, ""correct"": 10, ""total"": 20}, ""subtle_gray_stripes_stripe228_bg120"": {""accuracy"": 50.0, ""f1_score"": 33.33, ""correct"": 10, ""total"": 20}, ""subtle_gray_stripes_stripe228_bg121"": {""accuracy"": 50.0, ""f1_score"": 33.33, ""correct"": 10, ""total"": 20}, ""subtle_gray_stripes_stripe228_bg123"": {""accuracy"": 50.0, ""f1_score"": 33.33, ""correct"": 10, ""total"": 20}, ""subtle_gray_stripes_stripe228_bg124"": {""accuracy"": 50.0, ""f1_score"": 33.33, ""correct"": 10, ""total"": 20}, ""subtle_gray_stripes_stripe229_bg120"": {""accuracy"": 50.0, ""f1_score"": 33.33, ""correct"": 10, ""total"": 20}, ""subtle_gray_stripes_stripe229_bg121"": {""accuracy"": 50.0, ""f1_score"": 33.33, ""correct"": 10, ""total"": 20}, ""subtle_gray_stripes_stripe229_bg123"": {""accuracy"": 50.0, ""f1_score"": 33.33, ""correct"": 10, ""total"": 20}, ""subtle_gray_stripes_stripe229_bg124"": {""accuracy"": 50.0, ""f1_score"": 33.33, ""correct"": 10, ""total"": 20}}","{""angle0"": {""accuracy"": 50.0, ""f1_score"": 33.33, ""correct"": 80, ""total"": 160}, ""angle30"": {""accuracy"": 50.0, ""f1_score"": 33.33, ""correct"": 80, ""total"": 160}}","{""subtle_gray_stripes_stripe226_bg120"": {""accuracy"": 60.0, ""f1_score"": 52.38, ""correct"": 12, ""total"": 20}, ""subtle_gray_stripes_stripe226_bg121"": {""accuracy"": 60.0, ""f1_score"": 52.38, ""correct"": 12, ""total"": 20}, ""subtle_gray_stripes_stripe226_bg123"": {""accuracy"": 60.0, ""f1_score"": 52.38, ""correct"": 12, ""total"": 20}, ""subtle_gray_stripes_stripe226_bg124"": {""accuracy"": 60.0, ""f1_score"": 52.38, ""correct"": 12, ""total"": 20}, ""subtle_gray_stripes_stripe227_bg120"": {""accuracy"": 60.0, ""f1_score"": 52.38, ""correct"": 12, ""total"": 20}, ""subtle_gray_stripes_stripe227_bg121"": {""accuracy"": 60.0, ""f1_score"": 52.38, ""correct"": 12, ""total"": 20}, ""subtle_gray_stripes_stripe227_bg123"": {""accuracy"": 60.0, ""f1_score"": 52.38, ""correct"": 12, ""total"": 20}, ""subtle_gray_stripes_stripe227_bg124"": {""accuracy"": 60.0, ""f1_score"": 52.38, ""correct"": 12, ""total"": 20}, ""subtle_gray_stripes_stripe228_bg120"": {""accuracy"": 60.0, ""f1_score"": 52.38, ""correct"": 12, ""total"": 20}, ""subtle_gray_stripes_stripe228_bg121"": {""accuracy"": 60.0, ""f1_score"": 52.38, ""correct"": 12, ""total"": 20}, ""subtle_gray_stripes_stripe228_bg123"": {""accuracy"": 60.0, ""f1_score"": 52.38, ""correct"": 12, ""total"": 20}, ""subtle_gray_stripes_stripe228_bg124"": {""accuracy"": 60.0, ""f1_score"": 52.38, ""correct"": 12, ""total"": 20}, ""subtle_gray_stripes_stripe229_bg120"": {""accuracy"": 60.0, ""f1_score"": 52.38, ""correct"": 12, ""total"": 20}, ""subtle_gray_stripes_stripe229_bg121"": {""accuracy"": 60.0, ""f1_score"": 52.38, ""correct"": 12, ""total"": 20}, ""subtle_gray_stripes_stripe229_bg123"": {""accuracy"": 55.0, ""f1_score"": 48.72, ""correct"": 11, ""total"": 20}, ""subtle_gray_stripes_stripe229_bg124"": {""accuracy"": 60.0, ""f1_score"": 52.38, ""correct"": 12, ""total"": 20}}","{""angle0"": {""accuracy"": 60.0, ""f1_score"": 52.38, ""correct"": 96, ""total"": 160}, ""angle30"": {""accuracy"": 59.38, ""f1_score"": 51.92, ""correct"": 95, ""total"": 160}}",,,saves/dist_gen_1to10_left_gray_rslora_dec8,dist_gen_1to10_left_gray_rslora_dec8,FALSE,rslora,7,file:///mnt/c/Users/shaha/Desktop/Qwen2.5/LLaMA-Factory/analytics/reports/_exp_20251207_172213_dual_report_20251208_141933.html,
27,12/8/2025 12:22,20251208_122200,_exp_20251207_172213,_exp_20251207_172213_train,_exp_20251207_172213_test,100,1,42,subtle_gray_stripes,"left,right,up,down","0.0,15.0,30.0,45.0","0.0,14.0",640x480,4,12,0,1,none,1,0,0,0.1,1,0,,,10,60,20,15,0,FALSE,,,,,FALSE,,,,FALSE,subtle_gray_stripes,"left,right,up,down","0.0,15.0,30.0,45.0","0.0,14.0",640x480,4,12,0,1,none,1,0,0,0.1,1,0,,,10,60,15,10,0,FALSE,,,,,FALSE,,,,FALSE,Qwen/Qwen2.5-VL-3B-Instruct,qwen2_vl,saves/dist_gen_1to10_left_gray_loraplus_dec8,8,16,0.05,8192,14,1,5.00E-05,cosine,0.1,FALSE,TRUE,4,10,100,100,yesno,128,1024,4,128,0.8,TRUE,FALSE,FALSE,FALSE,skipped,completed,completed,50,33.33,0,66.67,25,50,0,160,160,160,60,52.38,33.33,71.43,77.78,60,32,160,160,160,"{""subtle_gray_stripes_stripe226_bg120"": {""accuracy"": 50.0, ""f1_score"": 33.33, ""correct"": 10, ""total"": 20}, ""subtle_gray_stripes_stripe226_bg121"": {""accuracy"": 50.0, ""f1_score"": 33.33, ""correct"": 10, ""total"": 20}, ""subtle_gray_stripes_stripe226_bg123"": {""accuracy"": 50.0, ""f1_score"": 33.33, ""correct"": 10, ""total"": 20}, ""subtle_gray_stripes_stripe226_bg124"": {""accuracy"": 50.0, ""f1_score"": 33.33, ""correct"": 10, ""total"": 20}, ""subtle_gray_stripes_stripe227_bg120"": {""accuracy"": 50.0, ""f1_score"": 33.33, ""correct"": 10, ""total"": 20}, ""subtle_gray_stripes_stripe227_bg121"": {""accuracy"": 50.0, ""f1_score"": 33.33, ""correct"": 10, ""total"": 20}, ""subtle_gray_stripes_stripe227_bg123"": {""accuracy"": 50.0, ""f1_score"": 33.33, ""correct"": 10, ""total"": 20}, ""subtle_gray_stripes_stripe227_bg124"": {""accuracy"": 50.0, ""f1_score"": 33.33, ""correct"": 10, ""total"": 20}, ""subtle_gray_stripes_stripe228_bg120"": {""accuracy"": 50.0, ""f1_score"": 33.33, ""correct"": 10, ""total"": 20}, ""subtle_gray_stripes_stripe228_bg121"": {""accuracy"": 50.0, ""f1_score"": 33.33, ""correct"": 10, ""total"": 20}, ""subtle_gray_stripes_stripe228_bg123"": {""accuracy"": 50.0, ""f1_score"": 33.33, ""correct"": 10, ""total"": 20}, ""subtle_gray_stripes_stripe228_bg124"": {""accuracy"": 50.0, ""f1_score"": 33.33, ""correct"": 10, ""total"": 20}, ""subtle_gray_stripes_stripe229_bg120"": {""accuracy"": 50.0, ""f1_score"": 33.33, ""correct"": 10, ""total"": 20}, ""subtle_gray_stripes_stripe229_bg121"": {""accuracy"": 50.0, ""f1_score"": 33.33, ""correct"": 10, ""total"": 20}, ""subtle_gray_stripes_stripe229_bg123"": {""accuracy"": 50.0, ""f1_score"": 33.33, ""correct"": 10, ""total"": 20}, ""subtle_gray_stripes_stripe229_bg124"": {""accuracy"": 50.0, ""f1_score"": 33.33, ""correct"": 10, ""total"": 20}}","{""angle0"": {""accuracy"": 50.0, ""f1_score"": 33.33, ""correct"": 80, ""total"": 160}, ""angle30"": {""accuracy"": 50.0, ""f1_score"": 33.33, ""correct"": 80, ""total"": 160}}","{""subtle_gray_stripes_stripe226_bg120"": {""accuracy"": 60.0, ""f1_score"": 52.38, ""correct"": 12, ""total"": 20}, ""subtle_gray_stripes_stripe226_bg121"": {""accuracy"": 60.0, ""f1_score"": 52.38, ""correct"": 12, ""total"": 20}, ""subtle_gray_stripes_stripe226_bg123"": {""accuracy"": 60.0, ""f1_score"": 52.38, ""correct"": 12, ""total"": 20}, ""subtle_gray_stripes_stripe226_bg124"": {""accuracy"": 60.0, ""f1_score"": 52.38, ""correct"": 12, ""total"": 20}, ""subtle_gray_stripes_stripe227_bg120"": {""accuracy"": 60.0, ""f1_score"": 52.38, ""correct"": 12, ""total"": 20}, ""subtle_gray_stripes_stripe227_bg121"": {""accuracy"": 60.0, ""f1_score"": 52.38, ""correct"": 12, ""total"": 20}, ""subtle_gray_stripes_stripe227_bg123"": {""accuracy"": 60.0, ""f1_score"": 52.38, ""correct"": 12, ""total"": 20}, ""subtle_gray_stripes_stripe227_bg124"": {""accuracy"": 60.0, ""f1_score"": 52.38, ""correct"": 12, ""total"": 20}, ""subtle_gray_stripes_stripe228_bg120"": {""accuracy"": 60.0, ""f1_score"": 52.38, ""correct"": 12, ""total"": 20}, ""subtle_gray_stripes_stripe228_bg121"": {""accuracy"": 60.0, ""f1_score"": 52.38, ""correct"": 12, ""total"": 20}, ""subtle_gray_stripes_stripe228_bg123"": {""accuracy"": 60.0, ""f1_score"": 52.38, ""correct"": 12, ""total"": 20}, ""subtle_gray_stripes_stripe228_bg124"": {""accuracy"": 60.0, ""f1_score"": 52.38, ""correct"": 12, ""total"": 20}, ""subtle_gray_stripes_stripe229_bg120"": {""accuracy"": 60.0, ""f1_score"": 52.38, ""correct"": 12, ""total"": 20}, ""subtle_gray_stripes_stripe229_bg121"": {""accuracy"": 60.0, ""f1_score"": 52.38, ""correct"": 12, ""total"": 20}, ""subtle_gray_stripes_stripe229_bg123"": {""accuracy"": 60.0, ""f1_score"": 52.38, ""correct"": 12, ""total"": 20}, ""subtle_gray_stripes_stripe229_bg124"": {""accuracy"": 60.0, ""f1_score"": 52.38, ""correct"": 12, ""total"": 20}}","{""angle0"": {""accuracy"": 60.0, ""f1_score"": 52.38, ""correct"": 96, ""total"": 160}, ""angle30"": {""accuracy"": 60.0, ""f1_score"": 52.38, ""correct"": 96, ""total"": 160}}",,,saves/dist_gen_1to10_left_gray_loraplus_dec8,dist_gen_1to10_left_gray_loraplus_dec8,FALSE,lora+,7,file:///mnt/c/Users/shaha/Desktop/Qwen2.5/LLaMA-Factory/analytics/reports/_exp_20251207_172213_dual_report_20251208_143938.html,
30,12/8/2025 14:11,20251208_141102,_exp_20251207_172213,_exp_20251207_172213_train,_exp_20251207_172213_test,100,1,42,subtle_gray_stripes,"left,right,up,down","0.0,15.0,30.0,45.0","0.0,14.0",640x480,4,12,0,1,none,1,0,0,0.1,1,0,,,10,60,20,15,0,FALSE,,,,,FALSE,,,,FALSE,subtle_gray_stripes,"left,right,up,down","0.0,15.0,30.0,45.0","0.0,14.0",640x480,4,12,0,1,none,1,0,0,0.1,1,0,,,10,60,15,10,0,FALSE,,,,,FALSE,,,,FALSE,Qwen/Qwen2.5-VL-3B-Instruct,qwen2_vl,saves/dist_gen_1to10_left_gray_lora_noquant_dec8,8,16,0.05,8192,14,1,5.00E-05,cosine,0.1,FALSE,TRUE,4,10,100,100,yesno,128,1024,4,128,0.8,TRUE,FALSE,FALSE,FALSE,skipped,completed,completed,50,33.33,0,66.67,25,50,0,160,160,160,59.06,51.69,32.82,70.56,73.26,59.06,32,160,157,160,"{""subtle_gray_stripes_stripe226_bg120"": {""accuracy"": 50.0, ""f1_score"": 33.33, ""correct"": 10, ""total"": 20}, ""subtle_gray_stripes_stripe226_bg121"": {""accuracy"": 50.0, ""f1_score"": 33.33, ""correct"": 10, ""total"": 20}, ""subtle_gray_stripes_stripe226_bg123"": {""accuracy"": 50.0, ""f1_score"": 33.33, ""correct"": 10, ""total"": 20}, ""subtle_gray_stripes_stripe226_bg124"": {""accuracy"": 50.0, ""f1_score"": 33.33, ""correct"": 10, ""total"": 20}, ""subtle_gray_stripes_stripe227_bg120"": {""accuracy"": 50.0, ""f1_score"": 33.33, ""correct"": 10, ""total"": 20}, ""subtle_gray_stripes_stripe227_bg121"": {""accuracy"": 50.0, ""f1_score"": 33.33, ""correct"": 10, ""total"": 20}, ""subtle_gray_stripes_stripe227_bg123"": {""accuracy"": 50.0, ""f1_score"": 33.33, ""correct"": 10, ""total"": 20}, ""subtle_gray_stripes_stripe227_bg124"": {""accuracy"": 50.0, ""f1_score"": 33.33, ""correct"": 10, ""total"": 20}, ""subtle_gray_stripes_stripe228_bg120"": {""accuracy"": 50.0, ""f1_score"": 33.33, ""correct"": 10, ""total"": 20}, ""subtle_gray_stripes_stripe228_bg121"": {""accuracy"": 50.0, ""f1_score"": 33.33, ""correct"": 10, ""total"": 20}, ""subtle_gray_stripes_stripe228_bg123"": {""accuracy"": 50.0, ""f1_score"": 33.33, ""correct"": 10, ""total"": 20}, ""subtle_gray_stripes_stripe228_bg124"": {""accuracy"": 50.0, ""f1_score"": 33.33, ""correct"": 10, ""total"": 20}, ""subtle_gray_stripes_stripe229_bg120"": {""accuracy"": 50.0, ""f1_score"": 33.33, ""correct"": 10, ""total"": 20}, ""subtle_gray_stripes_stripe229_bg121"": {""accuracy"": 50.0, ""f1_score"": 33.33, ""correct"": 10, ""total"": 20}, ""subtle_gray_stripes_stripe229_bg123"": {""accuracy"": 50.0, ""f1_score"": 33.33, ""correct"": 10, ""total"": 20}, ""subtle_gray_stripes_stripe229_bg124"": {""accuracy"": 50.0, ""f1_score"": 33.33, ""correct"": 10, ""total"": 20}}","{""angle0"": {""accuracy"": 50.0, ""f1_score"": 33.33, ""correct"": 80, ""total"": 160}, ""angle30"": {""accuracy"": 50.0, ""f1_score"": 33.33, ""correct"": 80, ""total"": 160}}","{""subtle_gray_stripes_stripe226_bg120"": {""accuracy"": 60.0, ""f1_score"": 52.38, ""correct"": 12, ""total"": 20}, ""subtle_gray_stripes_stripe226_bg121"": {""accuracy"": 55.0, ""f1_score"": 48.72, ""correct"": 11, ""total"": 20}, ""subtle_gray_stripes_stripe226_bg123"": {""accuracy"": 55.0, ""f1_score"": 48.72, ""correct"": 11, ""total"": 20}, ""subtle_gray_stripes_stripe226_bg124"": {""accuracy"": 60.0, ""f1_score"": 52.38, ""correct"": 12, ""total"": 20}, ""subtle_gray_stripes_stripe227_bg120"": {""accuracy"": 60.0, ""f1_score"": 52.38, ""correct"": 12, ""total"": 20}, ""subtle_gray_stripes_stripe227_bg121"": {""accuracy"": 60.0, ""f1_score"": 52.38, ""correct"": 12, ""total"": 20}, ""subtle_gray_stripes_stripe227_bg123"": {""accuracy"": 60.0, ""f1_score"": 52.38, ""correct"": 12, ""total"": 20}, ""subtle_gray_stripes_stripe227_bg124"": {""accuracy"": 60.0, ""f1_score"": 52.38, ""correct"": 12, ""total"": 20}, ""subtle_gray_stripes_stripe228_bg120"": {""accuracy"": 60.0, ""f1_score"": 52.38, ""correct"": 12, ""total"": 20}, ""subtle_gray_stripes_stripe228_bg121"": {""accuracy"": 60.0, ""f1_score"": 52.38, ""correct"": 12, ""total"": 20}, ""subtle_gray_stripes_stripe228_bg123"": {""accuracy"": 60.0, ""f1_score"": 52.38, ""correct"": 12, ""total"": 20}, ""subtle_gray_stripes_stripe228_bg124"": {""accuracy"": 60.0, ""f1_score"": 52.38, ""correct"": 12, ""total"": 20}, ""subtle_gray_stripes_stripe229_bg120"": {""accuracy"": 60.0, ""f1_score"": 52.38, ""correct"": 12, ""total"": 20}, ""subtle_gray_stripes_stripe229_bg121"": {""accuracy"": 60.0, ""f1_score"": 52.38, ""correct"": 12, ""total"": 20}, ""subtle_gray_stripes_stripe229_bg123"": {""accuracy"": 55.0, ""f1_score"": 48.72, ""correct"": 11, ""total"": 20}, ""subtle_gray_stripes_stripe229_bg124"": {""accuracy"": 60.0, ""f1_score"": 52.38, ""correct"": 12, ""total"": 20}}","{""angle0"": {""accuracy"": 58.75, ""f1_score"": 51.46, ""correct"": 94, ""total"": 160}, ""angle30"": {""accuracy"": 59.38, ""f1_score"": 51.92, ""correct"": 95, ""total"": 160}}",,,saves/dist_gen_1to10_left_gray_lora_noquant_dec8,dist_gen_1to10_left_gray_lora_noquant_dec8,FALSE,lora,7,file:///mnt/c/Users/shaha/Desktop/Qwen2.5/LLaMA-Factory/analytics/reports/_exp_20251207_172213_dual_report_20251208_162839.html,
31,12/8/2025 17:27,20251208_172713,_exp_20251208_174233,_exp_20251208_174233_train,_exp_20251208_174233_test,100,1,42,subtle_gray_stripes,"left,right,up,down","0.0,15.0,30.0,45.0","0.0,14.0",640x480,4,12,0,1,none,1,0,0,0.1,1,0,0,"1.0,1.2",10,60,20,15,0,FALSE,,,,,FALSE,,,,FALSE,subtle_gray_stripes,"left,right,up,down","0.0,15.0,30.0,45.0","0.0,14.0",640x480,4,12,0,1,none,1,0,0,0.1,1,0,0,"1.0,1.2",10,60,15,10,0,FALSE,,,,,FALSE,,,,FALSE,Qwen/Qwen2.5-VL-3B-Instruct,qwen2_vl,saves/my_comparison_lora,8,16,0.05,8192,14,1,5.00E-05,cosine,0.1,FALSE,TRUE,4,10,100,100,yesno,128,1024,4,128,0.8,TRUE,FALSE,FALSE,FALSE,skipped,completed,completed,50,33.33,0,66.67,25,50,0,160,160,160,59.38,57.79,49.61,65.97,61.03,59.38,64,160,126,160,"{""subtle_gray_stripes_stripe226_bg120"": {""accuracy"": 50.0, ""f1_score"": 33.33, ""correct"": 10, ""total"": 20}, ""subtle_gray_stripes_stripe226_bg121"": {""accuracy"": 50.0, ""f1_score"": 33.33, ""correct"": 10, ""total"": 20}, ""subtle_gray_stripes_stripe226_bg122"": {""accuracy"": 50.0, ""f1_score"": 33.33, ""correct"": 10, ""total"": 20}, ""subtle_gray_stripes_stripe226_bg123"": {""accuracy"": 50.0, ""f1_score"": 33.33, ""correct"": 10, ""total"": 20}, ""subtle_gray_stripes_stripe227_bg120"": {""accuracy"": 50.0, ""f1_score"": 33.33, ""correct"": 10, ""total"": 20}, ""subtle_gray_stripes_stripe227_bg121"": {""accuracy"": 50.0, ""f1_score"": 33.33, ""correct"": 10, ""total"": 20}, ""subtle_gray_stripes_stripe227_bg122"": {""accuracy"": 50.0, ""f1_score"": 33.33, ""correct"": 10, ""total"": 20}, ""subtle_gray_stripes_stripe227_bg123"": {""accuracy"": 50.0, ""f1_score"": 33.33, ""correct"": 10, ""total"": 20}, ""subtle_gray_stripes_stripe228_bg120"": {""accuracy"": 50.0, ""f1_score"": 33.33, ""correct"": 10, ""total"": 20}, ""subtle_gray_stripes_stripe228_bg121"": {""accuracy"": 50.0, ""f1_score"": 33.33, ""correct"": 10, ""total"": 20}, ""subtle_gray_stripes_stripe228_bg122"": {""accuracy"": 50.0, ""f1_score"": 33.33, ""correct"": 10, ""total"": 20}, ""subtle_gray_stripes_stripe228_bg123"": {""accuracy"": 50.0, ""f1_score"": 33.33, ""correct"": 10, ""total"": 20}, ""subtle_gray_stripes_stripe229_bg120"": {""accuracy"": 50.0, ""f1_score"": 33.33, ""correct"": 10, ""total"": 20}, ""subtle_gray_stripes_stripe229_bg121"": {""accuracy"": 50.0, ""f1_score"": 33.33, ""correct"": 10, ""total"": 20}, ""subtle_gray_stripes_stripe229_bg122"": {""accuracy"": 50.0, ""f1_score"": 33.33, ""correct"": 10, ""total"": 20}, ""subtle_gray_stripes_stripe229_bg123"": {""accuracy"": 50.0, ""f1_score"": 33.33, ""correct"": 10, ""total"": 20}}","{""angle0"": {""accuracy"": 50.0, ""f1_score"": 33.33, ""correct"": 80, ""total"": 160}, ""angle30"": {""accuracy"": 50.0, ""f1_score"": 33.33, ""correct"": 80, ""total"": 160}}","{""subtle_gray_stripes_stripe226_bg120"": {""accuracy"": 65.0, ""f1_score"": 62.67, ""correct"": 13, ""total"": 20}, ""subtle_gray_stripes_stripe226_bg121"": {""accuracy"": 60.0, ""f1_score"": 58.33, ""correct"": 12, ""total"": 20}, ""subtle_gray_stripes_stripe226_bg122"": {""accuracy"": 60.0, ""f1_score"": 58.33, ""correct"": 12, ""total"": 20}, ""subtle_gray_stripes_stripe226_bg123"": {""accuracy"": 60.0, ""f1_score"": 58.33, ""correct"": 12, ""total"": 20}, ""subtle_gray_stripes_stripe227_bg120"": {""accuracy"": 65.0, ""f1_score"": 62.67, ""correct"": 13, ""total"": 20}, ""subtle_gray_stripes_stripe227_bg121"": {""accuracy"": 60.0, ""f1_score"": 58.33, ""correct"": 12, ""total"": 20}, ""subtle_gray_stripes_stripe227_bg122"": {""accuracy"": 60.0, ""f1_score"": 58.33, ""correct"": 12, ""total"": 20}, ""subtle_gray_stripes_stripe227_bg123"": {""accuracy"": 55.0, ""f1_score"": 53.96, ""correct"": 11, ""total"": 20}, ""subtle_gray_stripes_stripe228_bg120"": {""accuracy"": 65.0, ""f1_score"": 62.67, ""correct"": 13, ""total"": 20}, ""subtle_gray_stripes_stripe228_bg121"": {""accuracy"": 60.0, ""f1_score"": 58.33, ""correct"": 12, ""total"": 20}, ""subtle_gray_stripes_stripe228_bg122"": {""accuracy"": 60.0, ""f1_score"": 58.33, ""correct"": 12, ""total"": 20}, ""subtle_gray_stripes_stripe228_bg123"": {""accuracy"": 55.0, ""f1_score"": 53.96, ""correct"": 11, ""total"": 20}, ""subtle_gray_stripes_stripe229_bg120"": {""accuracy"": 55.0, ""f1_score"": 53.96, ""correct"": 11, ""total"": 20}, ""subtle_gray_stripes_stripe229_bg121"": {""accuracy"": 60.0, ""f1_score"": 58.33, ""correct"": 12, ""total"": 20}, ""subtle_gray_stripes_stripe229_bg122"": {""accuracy"": 55.0, ""f1_score"": 53.96, ""correct"": 11, ""total"": 20}, ""subtle_gray_stripes_stripe229_bg123"": {""accuracy"": 55.0, ""f1_score"": 53.96, ""correct"": 11, ""total"": 20}}","{""angle0"": {""accuracy"": 61.88, ""f1_score"": 59.96, ""correct"": 99, ""total"": 160}, ""angle30"": {""accuracy"": 56.88, ""f1_score"": 55.61, ""correct"": 91, ""total"": 160}}",,,saves/my_comparison_lora,my_comparison_lora,FALSE,lora,7,,
32,12/8/2025 17:45,20251208_174507,_exp_20251208_174233,_exp_20251208_174233_train,_exp_20251208_174233_test,100,1,42,subtle_gray_stripes,"left,right,up,down","0.0,15.0,30.0,45.0","0.0,14.0",640x480,4,12,0,1,none,1,0,0,0.1,1,0,0,"1.0,1.2",10,60,20,15,0,FALSE,,,,,FALSE,,,,FALSE,subtle_gray_stripes,"left,right,up,down","0.0,15.0,30.0,45.0","0.0,14.0",640x480,4,12,0,1,none,1,0,0,0.1,1,0,0,"1.0,1.2",10,60,15,10,0,FALSE,,,,,FALSE,,,,FALSE,Qwen/Qwen2.5-VL-3B-Instruct,qwen2_vl,saves/my_comparison_loraplus,8,16,0.05,8192,14,1,5.00E-05,cosine,0.1,FALSE,TRUE,4,10,100,100,yesno,128,1024,4,128,0.8,TRUE,FALSE,FALSE,FALSE,skipped,completed,completed,50,33.33,0,66.67,25,50,0,160,160,160,55.62,44.74,69.26,20.22,76.49,55.62,160,160,18,160,"{""subtle_gray_stripes_stripe226_bg120"": {""accuracy"": 50.0, ""f1_score"": 33.33, ""correct"": 10, ""total"": 20}, ""subtle_gray_stripes_stripe226_bg121"": {""accuracy"": 50.0, ""f1_score"": 33.33, ""correct"": 10, ""total"": 20}, ""subtle_gray_stripes_stripe226_bg122"": {""accuracy"": 50.0, ""f1_score"": 33.33, ""correct"": 10, ""total"": 20}, ""subtle_gray_stripes_stripe226_bg123"": {""accuracy"": 50.0, ""f1_score"": 33.33, ""correct"": 10, ""total"": 20}, ""subtle_gray_stripes_stripe227_bg120"": {""accuracy"": 50.0, ""f1_score"": 33.33, ""correct"": 10, ""total"": 20}, ""subtle_gray_stripes_stripe227_bg121"": {""accuracy"": 50.0, ""f1_score"": 33.33, ""correct"": 10, ""total"": 20}, ""subtle_gray_stripes_stripe227_bg122"": {""accuracy"": 50.0, ""f1_score"": 33.33, ""correct"": 10, ""total"": 20}, ""subtle_gray_stripes_stripe227_bg123"": {""accuracy"": 50.0, ""f1_score"": 33.33, ""correct"": 10, ""total"": 20}, ""subtle_gray_stripes_stripe228_bg120"": {""accuracy"": 50.0, ""f1_score"": 33.33, ""correct"": 10, ""total"": 20}, ""subtle_gray_stripes_stripe228_bg121"": {""accuracy"": 50.0, ""f1_score"": 33.33, ""correct"": 10, ""total"": 20}, ""subtle_gray_stripes_stripe228_bg122"": {""accuracy"": 50.0, ""f1_score"": 33.33, ""correct"": 10, ""total"": 20}, ""subtle_gray_stripes_stripe228_bg123"": {""accuracy"": 50.0, ""f1_score"": 33.33, ""correct"": 10, ""total"": 20}, ""subtle_gray_stripes_stripe229_bg120"": {""accuracy"": 50.0, ""f1_score"": 33.33, ""correct"": 10, ""total"": 20}, ""subtle_gray_stripes_stripe229_bg121"": {""accuracy"": 50.0, ""f1_score"": 33.33, ""correct"": 10, ""total"": 20}, ""subtle_gray_stripes_stripe229_bg122"": {""accuracy"": 50.0, ""f1_score"": 33.33, ""correct"": 10, ""total"": 20}, ""subtle_gray_stripes_stripe229_bg123"": {""accuracy"": 50.0, ""f1_score"": 33.33, ""correct"": 10, ""total"": 20}}","{""angle0"": {""accuracy"": 50.0, ""f1_score"": 33.33, ""correct"": 80, ""total"": 160}, ""angle30"": {""accuracy"": 50.0, ""f1_score"": 33.33, ""correct"": 80, ""total"": 160}}","{""subtle_gray_stripes_stripe226_bg120"": {""accuracy"": 60.0, ""f1_score"": 52.38, ""correct"": 12, ""total"": 20}, ""subtle_gray_stripes_stripe226_bg121"": {""accuracy"": 55.0, ""f1_score"": 43.57, ""correct"": 11, ""total"": 20}, ""subtle_gray_stripes_stripe226_bg122"": {""accuracy"": 55.0, ""f1_score"": 43.57, ""correct"": 11, ""total"": 20}, ""subtle_gray_stripes_stripe226_bg123"": {""accuracy"": 50.0, ""f1_score"": 33.33, ""correct"": 10, ""total"": 20}, ""subtle_gray_stripes_stripe227_bg120"": {""accuracy"": 55.0, ""f1_score"": 43.57, ""correct"": 11, ""total"": 20}, ""subtle_gray_stripes_stripe227_bg121"": {""accuracy"": 55.0, ""f1_score"": 43.57, ""correct"": 11, ""total"": 20}, ""subtle_gray_stripes_stripe227_bg122"": {""accuracy"": 55.0, ""f1_score"": 43.57, ""correct"": 11, ""total"": 20}, ""subtle_gray_stripes_stripe227_bg123"": {""accuracy"": 55.0, ""f1_score"": 43.57, ""correct"": 11, ""total"": 20}, ""subtle_gray_stripes_stripe228_bg120"": {""accuracy"": 60.0, ""f1_score"": 52.38, ""correct"": 12, ""total"": 20}, ""subtle_gray_stripes_stripe228_bg121"": {""accuracy"": 55.0, ""f1_score"": 43.57, ""correct"": 11, ""total"": 20}, ""subtle_gray_stripes_stripe228_bg122"": {""accuracy"": 55.0, ""f1_score"": 43.57, ""correct"": 11, ""total"": 20}, ""subtle_gray_stripes_stripe228_bg123"": {""accuracy"": 55.0, ""f1_score"": 43.57, ""correct"": 11, ""total"": 20}, ""subtle_gray_stripes_stripe229_bg120"": {""accuracy"": 55.0, ""f1_score"": 43.57, ""correct"": 11, ""total"": 20}, ""subtle_gray_stripes_stripe229_bg121"": {""accuracy"": 55.0, ""f1_score"": 43.57, ""correct"": 11, ""total"": 20}, ""subtle_gray_stripes_stripe229_bg122"": {""accuracy"": 55.0, ""f1_score"": 43.57, ""correct"": 11, ""total"": 20}, ""subtle_gray_stripes_stripe229_bg123"": {""accuracy"": 60.0, ""f1_score"": 52.38, ""correct"": 12, ""total"": 20}}","{""angle0"": {""accuracy"": 53.75, ""f1_score"": 41.16, ""correct"": 86, ""total"": 160}, ""angle30"": {""accuracy"": 57.5, ""f1_score"": 48.13, ""correct"": 92, ""total"": 160}}",,,saves/my_comparison_loraplus,my_comparison_loraplus,FALSE,lora+,7,,
33,12/8/2025 18:02,20251208_180255,_exp_20251208_174233,_exp_20251208_174233_train,_exp_20251208_174233_test,100,1,42,subtle_gray_stripes,"left,right,up,down","0.0,15.0,30.0,45.0","0.0,14.0",640x480,4,12,0,1,none,1,0,0,0.1,1,0,0,"1.0,1.2",10,60,20,15,0,FALSE,,,,,FALSE,,,,FALSE,subtle_gray_stripes,"left,right,up,down","0.0,15.0,30.0,45.0","0.0,14.0",640x480,4,12,0,1,none,1,0,0,0.1,1,0,0,"1.0,1.2",10,60,15,10,0,FALSE,,,,,FALSE,,,,FALSE,Qwen/Qwen2.5-VL-3B-Instruct,qwen2_vl,saves/my_comparison_dora,8,16,0.05,8192,14,1,5.00E-05,cosine,0.1,FALSE,TRUE,4,10,100,100,yesno,128,1024,4,128,0.8,TRUE,FALSE,FALSE,FALSE,skipped,completed,completed,50,33.33,0,66.67,25,50,0,160,160,160,59.06,57.52,49.42,65.62,60.6,59.06,64,160,125,160,"{""subtle_gray_stripes_stripe226_bg120"": {""accuracy"": 50.0, ""f1_score"": 33.33, ""correct"": 10, ""total"": 20}, ""subtle_gray_stripes_stripe226_bg121"": {""accuracy"": 50.0, ""f1_score"": 33.33, ""correct"": 10, ""total"": 20}, ""subtle_gray_stripes_stripe226_bg122"": {""accuracy"": 50.0, ""f1_score"": 33.33, ""correct"": 10, ""total"": 20}, ""subtle_gray_stripes_stripe226_bg123"": {""accuracy"": 50.0, ""f1_score"": 33.33, ""correct"": 10, ""total"": 20}, ""subtle_gray_stripes_stripe227_bg120"": {""accuracy"": 50.0, ""f1_score"": 33.33, ""correct"": 10, ""total"": 20}, ""subtle_gray_stripes_stripe227_bg121"": {""accuracy"": 50.0, ""f1_score"": 33.33, ""correct"": 10, ""total"": 20}, ""subtle_gray_stripes_stripe227_bg122"": {""accuracy"": 50.0, ""f1_score"": 33.33, ""correct"": 10, ""total"": 20}, ""subtle_gray_stripes_stripe227_bg123"": {""accuracy"": 50.0, ""f1_score"": 33.33, ""correct"": 10, ""total"": 20}, ""subtle_gray_stripes_stripe228_bg120"": {""accuracy"": 50.0, ""f1_score"": 33.33, ""correct"": 10, ""total"": 20}, ""subtle_gray_stripes_stripe228_bg121"": {""accuracy"": 50.0, ""f1_score"": 33.33, ""correct"": 10, ""total"": 20}, ""subtle_gray_stripes_stripe228_bg122"": {""accuracy"": 50.0, ""f1_score"": 33.33, ""correct"": 10, ""total"": 20}, ""subtle_gray_stripes_stripe228_bg123"": {""accuracy"": 50.0, ""f1_score"": 33.33, ""correct"": 10, ""total"": 20}, ""subtle_gray_stripes_stripe229_bg120"": {""accuracy"": 50.0, ""f1_score"": 33.33, ""correct"": 10, ""total"": 20}, ""subtle_gray_stripes_stripe229_bg121"": {""accuracy"": 50.0, ""f1_score"": 33.33, ""correct"": 10, ""total"": 20}, ""subtle_gray_stripes_stripe229_bg122"": {""accuracy"": 50.0, ""f1_score"": 33.33, ""correct"": 10, ""total"": 20}, ""subtle_gray_stripes_stripe229_bg123"": {""accuracy"": 50.0, ""f1_score"": 33.33, ""correct"": 10, ""total"": 20}}","{""angle0"": {""accuracy"": 50.0, ""f1_score"": 33.33, ""correct"": 80, ""total"": 160}, ""angle30"": {""accuracy"": 50.0, ""f1_score"": 33.33, ""correct"": 80, ""total"": 160}}","{""subtle_gray_stripes_stripe226_bg120"": {""accuracy"": 65.0, ""f1_score"": 62.67, ""correct"": 13, ""total"": 20}, ""subtle_gray_stripes_stripe226_bg121"": {""accuracy"": 60.0, ""f1_score"": 58.33, ""correct"": 12, ""total"": 20}, ""subtle_gray_stripes_stripe226_bg122"": {""accuracy"": 60.0, ""f1_score"": 58.33, ""correct"": 12, ""total"": 20}, ""subtle_gray_stripes_stripe226_bg123"": {""accuracy"": 60.0, ""f1_score"": 58.33, ""correct"": 12, ""total"": 20}, ""subtle_gray_stripes_stripe227_bg120"": {""accuracy"": 65.0, ""f1_score"": 62.67, ""correct"": 13, ""total"": 20}, ""subtle_gray_stripes_stripe227_bg121"": {""accuracy"": 60.0, ""f1_score"": 58.33, ""correct"": 12, ""total"": 20}, ""subtle_gray_stripes_stripe227_bg122"": {""accuracy"": 60.0, ""f1_score"": 58.33, ""correct"": 12, ""total"": 20}, ""subtle_gray_stripes_stripe227_bg123"": {""accuracy"": 55.0, ""f1_score"": 53.96, ""correct"": 11, ""total"": 20}, ""subtle_gray_stripes_stripe228_bg120"": {""accuracy"": 65.0, ""f1_score"": 62.67, ""correct"": 13, ""total"": 20}, ""subtle_gray_stripes_stripe228_bg121"": {""accuracy"": 55.0, ""f1_score"": 53.96, ""correct"": 11, ""total"": 20}, ""subtle_gray_stripes_stripe228_bg122"": {""accuracy"": 60.0, ""f1_score"": 58.33, ""correct"": 12, ""total"": 20}, ""subtle_gray_stripes_stripe228_bg123"": {""accuracy"": 55.0, ""f1_score"": 53.96, ""correct"": 11, ""total"": 20}, ""subtle_gray_stripes_stripe229_bg120"": {""accuracy"": 55.0, ""f1_score"": 53.96, ""correct"": 11, ""total"": 20}, ""subtle_gray_stripes_stripe229_bg121"": {""accuracy"": 60.0, ""f1_score"": 58.33, ""correct"": 12, ""total"": 20}, ""subtle_gray_stripes_stripe229_bg122"": {""accuracy"": 55.0, ""f1_score"": 53.96, ""correct"": 11, ""total"": 20}, ""subtle_gray_stripes_stripe229_bg123"": {""accuracy"": 55.0, ""f1_score"": 53.96, ""correct"": 11, ""total"": 20}}","{""angle0"": {""accuracy"": 61.88, ""f1_score"": 59.96, ""correct"": 99, ""total"": 160}, ""angle30"": {""accuracy"": 56.25, ""f1_score"": 55.06, ""correct"": 90, ""total"": 160}}",,,saves/my_comparison_dora,my_comparison_dora,TRUE,dora,7,,
34,12/8/2025 18:26,20251208_182609,_exp_20251208_174233,_exp_20251208_174233_train,_exp_20251208_174233_test,100,1,42,subtle_gray_stripes,"left,right,up,down","0.0,15.0,30.0,45.0","0.0,14.0",640x480,4,12,0,1,none,1,0,0,0.1,1,0,0,"1.0,1.2",10,60,20,15,0,FALSE,,,,,FALSE,,,,FALSE,subtle_gray_stripes,"left,right,up,down","0.0,15.0,30.0,45.0","0.0,14.0",640x480,4,12,0,1,none,1,0,0,0.1,1,0,0,"1.0,1.2",10,60,15,10,0,FALSE,,,,,FALSE,,,,FALSE,Qwen/Qwen2.5-VL-3B-Instruct,qwen2_vl,saves/my_comparison_rslora,8,16,0.05,8192,14,1,5.00E-05,cosine,0.1,FALSE,TRUE,4,10,100,100,yesno,128,1024,4,128,0.8,TRUE,FALSE,FALSE,FALSE,skipped,completed,completed,50,33.33,0,66.67,25,50,0,160,160,160,65.31,60.76,74.13,47.39,78.57,65.31,159,160,50,160,"{""subtle_gray_stripes_stripe226_bg120"": {""accuracy"": 50.0, ""f1_score"": 33.33, ""correct"": 10, ""total"": 20}, ""subtle_gray_stripes_stripe226_bg121"": {""accuracy"": 50.0, ""f1_score"": 33.33, ""correct"": 10, ""total"": 20}, ""subtle_gray_stripes_stripe226_bg122"": {""accuracy"": 50.0, ""f1_score"": 33.33, ""correct"": 10, ""total"": 20}, ""subtle_gray_stripes_stripe226_bg123"": {""accuracy"": 50.0, ""f1_score"": 33.33, ""correct"": 10, ""total"": 20}, ""subtle_gray_stripes_stripe227_bg120"": {""accuracy"": 50.0, ""f1_score"": 33.33, ""correct"": 10, ""total"": 20}, ""subtle_gray_stripes_stripe227_bg121"": {""accuracy"": 50.0, ""f1_score"": 33.33, ""correct"": 10, ""total"": 20}, ""subtle_gray_stripes_stripe227_bg122"": {""accuracy"": 50.0, ""f1_score"": 33.33, ""correct"": 10, ""total"": 20}, ""subtle_gray_stripes_stripe227_bg123"": {""accuracy"": 50.0, ""f1_score"": 33.33, ""correct"": 10, ""total"": 20}, ""subtle_gray_stripes_stripe228_bg120"": {""accuracy"": 50.0, ""f1_score"": 33.33, ""correct"": 10, ""total"": 20}, ""subtle_gray_stripes_stripe228_bg121"": {""accuracy"": 50.0, ""f1_score"": 33.33, ""correct"": 10, ""total"": 20}, ""subtle_gray_stripes_stripe228_bg122"": {""accuracy"": 50.0, ""f1_score"": 33.33, ""correct"": 10, ""total"": 20}, ""subtle_gray_stripes_stripe228_bg123"": {""accuracy"": 50.0, ""f1_score"": 33.33, ""correct"": 10, ""total"": 20}, ""subtle_gray_stripes_stripe229_bg120"": {""accuracy"": 50.0, ""f1_score"": 33.33, ""correct"": 10, ""total"": 20}, ""subtle_gray_stripes_stripe229_bg121"": {""accuracy"": 50.0, ""f1_score"": 33.33, ""correct"": 10, ""total"": 20}, ""subtle_gray_stripes_stripe229_bg122"": {""accuracy"": 50.0, ""f1_score"": 33.33, ""correct"": 10, ""total"": 20}, ""subtle_gray_stripes_stripe229_bg123"": {""accuracy"": 50.0, ""f1_score"": 33.33, ""correct"": 10, ""total"": 20}}","{""angle0"": {""accuracy"": 50.0, ""f1_score"": 33.33, ""correct"": 80, ""total"": 160}, ""angle30"": {""accuracy"": 50.0, ""f1_score"": 33.33, ""correct"": 80, ""total"": 160}}","{""subtle_gray_stripes_stripe226_bg120"": {""accuracy"": 70.0, ""f1_score"": 67.03, ""correct"": 14, ""total"": 20}, ""subtle_gray_stripes_stripe226_bg121"": {""accuracy"": 65.0, ""f1_score"": 62.67, ""correct"": 13, ""total"": 20}, ""subtle_gray_stripes_stripe226_bg122"": {""accuracy"": 65.0, ""f1_score"": 60.11, ""correct"": 13, ""total"": 20}, ""subtle_gray_stripes_stripe226_bg123"": {""accuracy"": 65.0, ""f1_score"": 60.11, ""correct"": 13, ""total"": 20}, ""subtle_gray_stripes_stripe227_bg120"": {""accuracy"": 75.0, ""f1_score"": 73.33, ""correct"": 15, ""total"": 20}, ""subtle_gray_stripes_stripe227_bg121"": {""accuracy"": 60.0, ""f1_score"": 52.38, ""correct"": 12, ""total"": 20}, ""subtle_gray_stripes_stripe227_bg122"": {""accuracy"": 65.0, ""f1_score"": 60.11, ""correct"": 13, ""total"": 20}, ""subtle_gray_stripes_stripe227_bg123"": {""accuracy"": 65.0, ""f1_score"": 60.11, ""correct"": 13, ""total"": 20}, ""subtle_gray_stripes_stripe228_bg120"": {""accuracy"": 60.0, ""f1_score"": 52.38, ""correct"": 12, ""total"": 20}, ""subtle_gray_stripes_stripe228_bg121"": {""accuracy"": 65.0, ""f1_score"": 60.11, ""correct"": 13, ""total"": 20}, ""subtle_gray_stripes_stripe228_bg122"": {""accuracy"": 65.0, ""f1_score"": 60.11, ""correct"": 13, ""total"": 20}, ""subtle_gray_stripes_stripe228_bg123"": {""accuracy"": 65.0, ""f1_score"": 60.11, ""correct"": 13, ""total"": 20}, ""subtle_gray_stripes_stripe229_bg120"": {""accuracy"": 70.0, ""f1_score"": 67.03, ""correct"": 14, ""total"": 20}, ""subtle_gray_stripes_stripe229_bg121"": {""accuracy"": 65.0, ""f1_score"": 60.11, ""correct"": 13, ""total"": 20}, ""subtle_gray_stripes_stripe229_bg122"": {""accuracy"": 60.0, ""f1_score"": 52.38, ""correct"": 12, ""total"": 20}, ""subtle_gray_stripes_stripe229_bg123"": {""accuracy"": 65.0, ""f1_score"": 60.11, ""correct"": 13, ""total"": 20}}","{""angle0"": {""accuracy"": 69.38, ""f1_score"": 66.21, ""correct"": 111, ""total"": 160}, ""angle30"": {""accuracy"": 61.25, ""f1_score"": 54.91, ""correct"": 98, ""total"": 160}}",,,saves/my_comparison_rslora,my_comparison_rslora,FALSE,rslora,7,,
35,12/8/2025 18:43,20251208_184355,_exp_20251208_174233,_exp_20251208_174233_train,_exp_20251208_174233_test,100,1,42,subtle_gray_stripes,"left,right,up,down","0.0,15.0,30.0,45.0","0.0,14.0",640x480,4,12,0,1,none,1,0,0,0.1,1,0,0,"1.0,1.2",10,60,20,15,0,FALSE,,,,,FALSE,,,,FALSE,subtle_gray_stripes,"left,right,up,down","0.0,15.0,30.0,45.0","0.0,14.0",640x480,4,12,0,1,none,1,0,0,0.1,1,0,0,"1.0,1.2",10,60,15,10,0,FALSE,,,,,FALSE,,,,FALSE,Qwen/Qwen2.5-VL-3B-Instruct,qwen2_vl,saves/my_comparison_oft,8,16,0.05,8192,14,1,5.00E-05,cosine,0.1,FALSE,TRUE,4,10,100,100,yesno,128,1024,4,128,0.8,TRUE,FALSE,FALSE,FALSE,skipped,completed,completed,50,33.33,0,66.67,25,50,0,160,160,160,51.88,37.37,67.51,7.23,75.48,51.88,160,160,6,160,"{""subtle_gray_stripes_stripe226_bg120"": {""accuracy"": 50.0, ""f1_score"": 33.33, ""correct"": 10, ""total"": 20}, ""subtle_gray_stripes_stripe226_bg121"": {""accuracy"": 50.0, ""f1_score"": 33.33, ""correct"": 10, ""total"": 20}, ""subtle_gray_stripes_stripe226_bg122"": {""accuracy"": 50.0, ""f1_score"": 33.33, ""correct"": 10, ""total"": 20}, ""subtle_gray_stripes_stripe226_bg123"": {""accuracy"": 50.0, ""f1_score"": 33.33, ""correct"": 10, ""total"": 20}, ""subtle_gray_stripes_stripe227_bg120"": {""accuracy"": 50.0, ""f1_score"": 33.33, ""correct"": 10, ""total"": 20}, ""subtle_gray_stripes_stripe227_bg121"": {""accuracy"": 50.0, ""f1_score"": 33.33, ""correct"": 10, ""total"": 20}, ""subtle_gray_stripes_stripe227_bg122"": {""accuracy"": 50.0, ""f1_score"": 33.33, ""correct"": 10, ""total"": 20}, ""subtle_gray_stripes_stripe227_bg123"": {""accuracy"": 50.0, ""f1_score"": 33.33, ""correct"": 10, ""total"": 20}, ""subtle_gray_stripes_stripe228_bg120"": {""accuracy"": 50.0, ""f1_score"": 33.33, ""correct"": 10, ""total"": 20}, ""subtle_gray_stripes_stripe228_bg121"": {""accuracy"": 50.0, ""f1_score"": 33.33, ""correct"": 10, ""total"": 20}, ""subtle_gray_stripes_stripe228_bg122"": {""accuracy"": 50.0, ""f1_score"": 33.33, ""correct"": 10, ""total"": 20}, ""subtle_gray_stripes_stripe228_bg123"": {""accuracy"": 50.0, ""f1_score"": 33.33, ""correct"": 10, ""total"": 20}, ""subtle_gray_stripes_stripe229_bg120"": {""accuracy"": 50.0, ""f1_score"": 33.33, ""correct"": 10, ""total"": 20}, ""subtle_gray_stripes_stripe229_bg121"": {""accuracy"": 50.0, ""f1_score"": 33.33, ""correct"": 10, ""total"": 20}, ""subtle_gray_stripes_stripe229_bg122"": {""accuracy"": 50.0, ""f1_score"": 33.33, ""correct"": 10, ""total"": 20}, ""subtle_gray_stripes_stripe229_bg123"": {""accuracy"": 50.0, ""f1_score"": 33.33, ""correct"": 10, ""total"": 20}}","{""angle0"": {""accuracy"": 50.0, ""f1_score"": 33.33, ""correct"": 80, ""total"": 160}, ""angle30"": {""accuracy"": 50.0, ""f1_score"": 33.33, ""correct"": 80, ""total"": 160}}","{""subtle_gray_stripes_stripe226_bg120"": {""accuracy"": 60.0, ""f1_score"": 52.38, ""correct"": 12, ""total"": 20}, ""subtle_gray_stripes_stripe226_bg121"": {""accuracy"": 50.0, ""f1_score"": 33.33, ""correct"": 10, ""total"": 20}, ""subtle_gray_stripes_stripe226_bg122"": {""accuracy"": 55.0, ""f1_score"": 43.57, ""correct"": 11, ""total"": 20}, ""subtle_gray_stripes_stripe226_bg123"": {""accuracy"": 50.0, ""f1_score"": 33.33, ""correct"": 10, ""total"": 20}, ""subtle_gray_stripes_stripe227_bg120"": {""accuracy"": 55.0, ""f1_score"": 43.57, ""correct"": 11, ""total"": 20}, ""subtle_gray_stripes_stripe227_bg121"": {""accuracy"": 50.0, ""f1_score"": 33.33, ""correct"": 10, ""total"": 20}, ""subtle_gray_stripes_stripe227_bg122"": {""accuracy"": 50.0, ""f1_score"": 33.33, ""correct"": 10, ""total"": 20}, ""subtle_gray_stripes_stripe227_bg123"": {""accuracy"": 50.0, ""f1_score"": 33.33, ""correct"": 10, ""total"": 20}, ""subtle_gray_stripes_stripe228_bg120"": {""accuracy"": 55.0, ""f1_score"": 43.57, ""correct"": 11, ""total"": 20}, ""subtle_gray_stripes_stripe228_bg121"": {""accuracy"": 50.0, ""f1_score"": 33.33, ""correct"": 10, ""total"": 20}, ""subtle_gray_stripes_stripe228_bg122"": {""accuracy"": 50.0, ""f1_score"": 33.33, ""correct"": 10, ""total"": 20}, ""subtle_gray_stripes_stripe228_bg123"": {""accuracy"": 50.0, ""f1_score"": 33.33, ""correct"": 10, ""total"": 20}, ""subtle_gray_stripes_stripe229_bg120"": {""accuracy"": 50.0, ""f1_score"": 33.33, ""correct"": 10, ""total"": 20}, ""subtle_gray_stripes_stripe229_bg121"": {""accuracy"": 55.0, ""f1_score"": 43.57, ""correct"": 11, ""total"": 20}, ""subtle_gray_stripes_stripe229_bg122"": {""accuracy"": 50.0, ""f1_score"": 33.33, ""correct"": 10, ""total"": 20}, ""subtle_gray_stripes_stripe229_bg123"": {""accuracy"": 50.0, ""f1_score"": 33.33, ""correct"": 10, ""total"": 20}}","{""angle0"": {""accuracy"": 51.25, ""f1_score"": 36.05, ""correct"": 82, ""total"": 160}, ""angle30"": {""accuracy"": 52.5, ""f1_score"": 38.66, ""correct"": 84, ""total"": 160}}",,,saves/my_comparison_oft,my_comparison_oft,FALSE,oft,7,,
36,12/8/2025 20:28,20251208_202847,_exp_20251208_222723,_exp_20251208_222723_train,_exp_20251208_222723_test,100,1,42,subtle_gray_stripes,left,"0.0,30.0","0.0,14.0",640x480,4,12,0,1,none,1,0,0,0.1,1,0,1,"1.0,1.2",10,60,"226,227,228,229","120,121,123,124",0,FALSE,,,,,FALSE,,,,FALSE,subtle_gray_stripes,left,"0.0,30.0","0.0,14.0",640x480,4,12,0,1,none,1,0,0,0.1,"1.0,2.0,3.0,5.0,8.0",1,1,"1.0,1.2",10,60,"226,227,228,229","120,121,123,124",0,FALSE,,,,,FALSE,,,,FALSE,Qwen/Qwen2.5-VL-3B-Instruct,qwen2_vl,saves/dataset_dist2_centerrand,8,16,0.05,8192,1,8,5.00E-05,cosine,0.1,FALSE,TRUE,4,10,100,100,yesno,128,1024,4,128,0.8,TRUE,FALSE,FALSE,FALSE,skipped,completed,completed,50,33.33,0,66.67,25,50,0,32,32,32,50,33.33,0,66.67,25,50,0,32,32,32,"{""subtle_gray_stripes_stripe226_bg120"": {""accuracy"": 50.0, ""f1_score"": 33.33, ""correct"": 2, ""total"": 4}, ""subtle_gray_stripes_stripe226_bg121"": {""accuracy"": 50.0, ""f1_score"": 33.33, ""correct"": 2, ""total"": 4}, ""subtle_gray_stripes_stripe226_bg123"": {""accuracy"": 50.0, ""f1_score"": 33.33, ""correct"": 2, ""total"": 4}, ""subtle_gray_stripes_stripe226_bg124"": {""accuracy"": 50.0, ""f1_score"": 33.33, ""correct"": 2, ""total"": 4}, ""subtle_gray_stripes_stripe227_bg120"": {""accuracy"": 50.0, ""f1_score"": 33.33, ""correct"": 2, ""total"": 4}, ""subtle_gray_stripes_stripe227_bg121"": {""accuracy"": 50.0, ""f1_score"": 33.33, ""correct"": 2, ""total"": 4}, ""subtle_gray_stripes_stripe227_bg123"": {""accuracy"": 50.0, ""f1_score"": 33.33, ""correct"": 2, ""total"": 4}, ""subtle_gray_stripes_stripe227_bg124"": {""accuracy"": 50.0, ""f1_score"": 33.33, ""correct"": 2, ""total"": 4}, ""subtle_gray_stripes_stripe228_bg120"": {""accuracy"": 50.0, ""f1_score"": 33.33, ""correct"": 2, ""total"": 4}, ""subtle_gray_stripes_stripe228_bg121"": {""accuracy"": 50.0, ""f1_score"": 33.33, ""correct"": 2, ""total"": 4}, ""subtle_gray_stripes_stripe228_bg123"": {""accuracy"": 50.0, ""f1_score"": 33.33, ""correct"": 2, ""total"": 4}, ""subtle_gray_stripes_stripe228_bg124"": {""accuracy"": 50.0, ""f1_score"": 33.33, ""correct"": 2, ""total"": 4}, ""subtle_gray_stripes_stripe229_bg120"": {""accuracy"": 50.0, ""f1_score"": 33.33, ""correct"": 2, ""total"": 4}, ""subtle_gray_stripes_stripe229_bg121"": {""accuracy"": 50.0, ""f1_score"": 33.33, ""correct"": 2, ""total"": 4}, ""subtle_gray_stripes_stripe229_bg123"": {""accuracy"": 50.0, ""f1_score"": 33.33, ""correct"": 2, ""total"": 4}, ""subtle_gray_stripes_stripe229_bg124"": {""accuracy"": 50.0, ""f1_score"": 33.33, ""correct"": 2, ""total"": 4}}","{""angle0"": {""accuracy"": 50.0, ""f1_score"": 33.33, ""correct"": 16, ""total"": 32}, ""angle30"": {""accuracy"": 50.0, ""f1_score"": 33.33, ""correct"": 16, ""total"": 32}}","{""subtle_gray_stripes_stripe226_bg120"": {""accuracy"": 50.0, ""f1_score"": 33.33, ""correct"": 2, ""total"": 4}, ""subtle_gray_stripes_stripe226_bg121"": {""accuracy"": 50.0, ""f1_score"": 33.33, ""correct"": 2, ""total"": 4}, ""subtle_gray_stripes_stripe226_bg123"": {""accuracy"": 50.0, ""f1_score"": 33.33, ""correct"": 2, ""total"": 4}, ""subtle_gray_stripes_stripe226_bg124"": {""accuracy"": 50.0, ""f1_score"": 33.33, ""correct"": 2, ""total"": 4}, ""subtle_gray_stripes_stripe227_bg120"": {""accuracy"": 50.0, ""f1_score"": 33.33, ""correct"": 2, ""total"": 4}, ""subtle_gray_stripes_stripe227_bg121"": {""accuracy"": 50.0, ""f1_score"": 33.33, ""correct"": 2, ""total"": 4}, ""subtle_gray_stripes_stripe227_bg123"": {""accuracy"": 50.0, ""f1_score"": 33.33, ""correct"": 2, ""total"": 4}, ""subtle_gray_stripes_stripe227_bg124"": {""accuracy"": 50.0, ""f1_score"": 33.33, ""correct"": 2, ""total"": 4}, ""subtle_gray_stripes_stripe228_bg120"": {""accuracy"": 50.0, ""f1_score"": 33.33, ""correct"": 2, ""total"": 4}, ""subtle_gray_stripes_stripe228_bg121"": {""accuracy"": 50.0, ""f1_score"": 33.33, ""correct"": 2, ""total"": 4}, ""subtle_gray_stripes_stripe228_bg123"": {""accuracy"": 50.0, ""f1_score"": 33.33, ""correct"": 2, ""total"": 4}, ""subtle_gray_stripes_stripe228_bg124"": {""accuracy"": 50.0, ""f1_score"": 33.33, ""correct"": 2, ""total"": 4}, ""subtle_gray_stripes_stripe229_bg120"": {""accuracy"": 50.0, ""f1_score"": 33.33, ""correct"": 2, ""total"": 4}, ""subtle_gray_stripes_stripe229_bg121"": {""accuracy"": 50.0, ""f1_score"": 33.33, ""correct"": 2, ""total"": 4}, ""subtle_gray_stripes_stripe229_bg123"": {""accuracy"": 50.0, ""f1_score"": 33.33, ""correct"": 2, ""total"": 4}, ""subtle_gray_stripes_stripe229_bg124"": {""accuracy"": 50.0, ""f1_score"": 33.33, ""correct"": 2, ""total"": 4}}","{""angle0"": {""accuracy"": 50.0, ""f1_score"": 33.33, ""correct"": 16, ""total"": 32}, ""angle30"": {""accuracy"": 50.0, ""f1_score"": 33.33, ""correct"": 16, ""total"": 32}}",,,saves/dataset_dist2_centerrand,dataset_dist2_centerrand,FALSE,lora,1,,
37,12/8/2025 20:43,20251208_204313,_exp_20251208_223827,_exp_20251208_223827_train,_exp_20251208_223827_test,100,1,42,subtle_gray_stripes,"left,right,up,down","0.0,15.0,30.0,45.0","0.0,14.0",640x480,4,12,0,1,none,1,0,0,0.1,1,0,0,"1.0,1.2",10,60,20,15,0,FALSE,,,,,FALSE,,,,FALSE,subtle_gray_stripes,"left,right,up,down","0.0,15.0,30.0,45.0","0.0,14.0",640x480,4,12,0,1,none,1,0,0,0.1,1,0,0,"1.0,1.2",10,60,15,10,0,FALSE,,,,,FALSE,,,,FALSE,Qwen/Qwen2.5-VL-3B-Instruct,qwen2_vl,saves/left_distrand_dec8_lora,8,16,0.05,8192,14,1,5.00E-05,cosine,0.1,FALSE,TRUE,4,10,100,100,yesno,128,1024,4,128,0.8,TRUE,FALSE,FALSE,FALSE,skipped,completed,completed,50,33.33,0,66.67,25,50,0,32,32,32,68.75,68.72,67.74,69.7,68.82,68.75,21,32,23,32,"{""subtle_gray_stripes_stripe226_bg120"": {""accuracy"": 50.0, ""f1_score"": 33.33, ""correct"": 2, ""total"": 4}, ""subtle_gray_stripes_stripe226_bg121"": {""accuracy"": 50.0, ""f1_score"": 33.33, ""correct"": 2, ""total"": 4}, ""subtle_gray_stripes_stripe226_bg123"": {""accuracy"": 50.0, ""f1_score"": 33.33, ""correct"": 2, ""total"": 4}, ""subtle_gray_stripes_stripe226_bg124"": {""accuracy"": 50.0, ""f1_score"": 33.33, ""correct"": 2, ""total"": 4}, ""subtle_gray_stripes_stripe227_bg120"": {""accuracy"": 50.0, ""f1_score"": 33.33, ""correct"": 2, ""total"": 4}, ""subtle_gray_stripes_stripe227_bg121"": {""accuracy"": 50.0, ""f1_score"": 33.33, ""correct"": 2, ""total"": 4}, ""subtle_gray_stripes_stripe227_bg123"": {""accuracy"": 50.0, ""f1_score"": 33.33, ""correct"": 2, ""total"": 4}, ""subtle_gray_stripes_stripe227_bg124"": {""accuracy"": 50.0, ""f1_score"": 33.33, ""correct"": 2, ""total"": 4}, ""subtle_gray_stripes_stripe228_bg120"": {""accuracy"": 50.0, ""f1_score"": 33.33, ""correct"": 2, ""total"": 4}, ""subtle_gray_stripes_stripe228_bg121"": {""accuracy"": 50.0, ""f1_score"": 33.33, ""correct"": 2, ""total"": 4}, ""subtle_gray_stripes_stripe228_bg123"": {""accuracy"": 50.0, ""f1_score"": 33.33, ""correct"": 2, ""total"": 4}, ""subtle_gray_stripes_stripe228_bg124"": {""accuracy"": 50.0, ""f1_score"": 33.33, ""correct"": 2, ""total"": 4}, ""subtle_gray_stripes_stripe229_bg120"": {""accuracy"": 50.0, ""f1_score"": 33.33, ""correct"": 2, ""total"": 4}, ""subtle_gray_stripes_stripe229_bg121"": {""accuracy"": 50.0, ""f1_score"": 33.33, ""correct"": 2, ""total"": 4}, ""subtle_gray_stripes_stripe229_bg123"": {""accuracy"": 50.0, ""f1_score"": 33.33, ""correct"": 2, ""total"": 4}, ""subtle_gray_stripes_stripe229_bg124"": {""accuracy"": 50.0, ""f1_score"": 33.33, ""correct"": 2, ""total"": 4}}","{""angle0"": {""accuracy"": 50.0, ""f1_score"": 33.33, ""correct"": 16, ""total"": 32}, ""angle30"": {""accuracy"": 50.0, ""f1_score"": 33.33, ""correct"": 16, ""total"": 32}}","{""subtle_gray_stripes_stripe226_bg120"": {""accuracy"": 50.0, ""f1_score"": 33.33, ""correct"": 2, ""total"": 4}, ""subtle_gray_stripes_stripe226_bg121"": {""accuracy"": 50.0, ""f1_score"": 33.33, ""correct"": 2, ""total"": 4}, ""subtle_gray_stripes_stripe226_bg123"": {""accuracy"": 50.0, ""f1_score"": 50.0, ""correct"": 2, ""total"": 4}, ""subtle_gray_stripes_stripe226_bg124"": {""accuracy"": 75.0, ""f1_score"": 73.33, ""correct"": 3, ""total"": 4}, ""subtle_gray_stripes_stripe227_bg120"": {""accuracy"": 100.0, ""f1_score"": 100.0, ""correct"": 4, ""total"": 4}, ""subtle_gray_stripes_stripe227_bg121"": {""accuracy"": 75.0, ""f1_score"": 73.33, ""correct"": 3, ""total"": 4}, ""subtle_gray_stripes_stripe227_bg123"": {""accuracy"": 75.0, ""f1_score"": 73.33, ""correct"": 3, ""total"": 4}, ""subtle_gray_stripes_stripe227_bg124"": {""accuracy"": 75.0, ""f1_score"": 73.33, ""correct"": 3, ""total"": 4}, ""subtle_gray_stripes_stripe228_bg120"": {""accuracy"": 100.0, ""f1_score"": 100.0, ""correct"": 4, ""total"": 4}, ""subtle_gray_stripes_stripe228_bg121"": {""accuracy"": 100.0, ""f1_score"": 100.0, ""correct"": 4, ""total"": 4}, ""subtle_gray_stripes_stripe228_bg123"": {""accuracy"": 75.0, ""f1_score"": 73.33, ""correct"": 3, ""total"": 4}, ""subtle_gray_stripes_stripe228_bg124"": {""accuracy"": 25.0, ""f1_score"": 20.0, ""correct"": 1, ""total"": 4}, ""subtle_gray_stripes_stripe229_bg120"": {""accuracy"": 75.0, ""f1_score"": 73.33, ""correct"": 3, ""total"": 4}, ""subtle_gray_stripes_stripe229_bg121"": {""accuracy"": 50.0, ""f1_score"": 50.0, ""correct"": 2, ""total"": 4}, ""subtle_gray_stripes_stripe229_bg123"": {""accuracy"": 100.0, ""f1_score"": 100.0, ""correct"": 4, ""total"": 4}, ""subtle_gray_stripes_stripe229_bg124"": {""accuracy"": 25.0, ""f1_score"": 20.0, ""correct"": 1, ""total"": 4}}","{""angle0"": {""accuracy"": 65.62, ""f1_score"": 65.59, ""correct"": 21, ""total"": 32}, ""angle30"": {""accuracy"": 71.88, ""f1_score"": 71.63, ""correct"": 23, ""total"": 32}}",,,saves/left_distrand_dec8_lora,left_distrand_dec8_lora,FALSE,lora,7,,
38,12/8/2025 20:56,20251208_205630,_exp_20251208_223827,_exp_20251208_223827_train,_exp_20251208_223827_test,100,1,42,subtle_gray_stripes,"left,right,up,down","0.0,15.0,30.0,45.0","0.0,14.0",640x480,4,12,0,1,none,1,0,0,0.1,1,0,0,"1.0,1.2",10,60,20,15,0,FALSE,,,,,FALSE,,,,FALSE,subtle_gray_stripes,"left,right,up,down","0.0,15.0,30.0,45.0","0.0,14.0",640x480,4,12,0,1,none,1,0,0,0.1,1,0,0,"1.0,1.2",10,60,15,10,0,FALSE,,,,,FALSE,,,,FALSE,Qwen/Qwen2.5-VL-3B-Instruct,qwen2_vl,saves/left_distrand_dec8_loraplus,8,16,0.05,8192,14,1,5.00E-05,cosine,0.1,FALSE,TRUE,4,10,100,100,yesno,128,1024,4,128,0.8,TRUE,FALSE,FALSE,FALSE,skipped,completed,completed,50,33.33,0,66.67,25,50,0,32,32,32,75,73.33,80,66.67,83.33,75,32,32,16,32,"{""subtle_gray_stripes_stripe226_bg120"": {""accuracy"": 50.0, ""f1_score"": 33.33, ""correct"": 2, ""total"": 4}, ""subtle_gray_stripes_stripe226_bg121"": {""accuracy"": 50.0, ""f1_score"": 33.33, ""correct"": 2, ""total"": 4}, ""subtle_gray_stripes_stripe226_bg123"": {""accuracy"": 50.0, ""f1_score"": 33.33, ""correct"": 2, ""total"": 4}, ""subtle_gray_stripes_stripe226_bg124"": {""accuracy"": 50.0, ""f1_score"": 33.33, ""correct"": 2, ""total"": 4}, ""subtle_gray_stripes_stripe227_bg120"": {""accuracy"": 50.0, ""f1_score"": 33.33, ""correct"": 2, ""total"": 4}, ""subtle_gray_stripes_stripe227_bg121"": {""accuracy"": 50.0, ""f1_score"": 33.33, ""correct"": 2, ""total"": 4}, ""subtle_gray_stripes_stripe227_bg123"": {""accuracy"": 50.0, ""f1_score"": 33.33, ""correct"": 2, ""total"": 4}, ""subtle_gray_stripes_stripe227_bg124"": {""accuracy"": 50.0, ""f1_score"": 33.33, ""correct"": 2, ""total"": 4}, ""subtle_gray_stripes_stripe228_bg120"": {""accuracy"": 50.0, ""f1_score"": 33.33, ""correct"": 2, ""total"": 4}, ""subtle_gray_stripes_stripe228_bg121"": {""accuracy"": 50.0, ""f1_score"": 33.33, ""correct"": 2, ""total"": 4}, ""subtle_gray_stripes_stripe228_bg123"": {""accuracy"": 50.0, ""f1_score"": 33.33, ""correct"": 2, ""total"": 4}, ""subtle_gray_stripes_stripe228_bg124"": {""accuracy"": 50.0, ""f1_score"": 33.33, ""correct"": 2, ""total"": 4}, ""subtle_gray_stripes_stripe229_bg120"": {""accuracy"": 50.0, ""f1_score"": 33.33, ""correct"": 2, ""total"": 4}, ""subtle_gray_stripes_stripe229_bg121"": {""accuracy"": 50.0, ""f1_score"": 33.33, ""correct"": 2, ""total"": 4}, ""subtle_gray_stripes_stripe229_bg123"": {""accuracy"": 50.0, ""f1_score"": 33.33, ""correct"": 2, ""total"": 4}, ""subtle_gray_stripes_stripe229_bg124"": {""accuracy"": 50.0, ""f1_score"": 33.33, ""correct"": 2, ""total"": 4}}","{""angle0"": {""accuracy"": 50.0, ""f1_score"": 33.33, ""correct"": 16, ""total"": 32}, ""angle30"": {""accuracy"": 50.0, ""f1_score"": 33.33, ""correct"": 16, ""total"": 32}}","{""subtle_gray_stripes_stripe226_bg120"": {""accuracy"": 100.0, ""f1_score"": 100.0, ""correct"": 4, ""total"": 4}, ""subtle_gray_stripes_stripe226_bg121"": {""accuracy"": 75.0, ""f1_score"": 73.33, ""correct"": 3, ""total"": 4}, ""subtle_gray_stripes_stripe226_bg123"": {""accuracy"": 75.0, ""f1_score"": 73.33, ""correct"": 3, ""total"": 4}, ""subtle_gray_stripes_stripe226_bg124"": {""accuracy"": 75.0, ""f1_score"": 73.33, ""correct"": 3, ""total"": 4}, ""subtle_gray_stripes_stripe227_bg120"": {""accuracy"": 75.0, ""f1_score"": 73.33, ""correct"": 3, ""total"": 4}, ""subtle_gray_stripes_stripe227_bg121"": {""accuracy"": 75.0, ""f1_score"": 73.33, ""correct"": 3, ""total"": 4}, ""subtle_gray_stripes_stripe227_bg123"": {""accuracy"": 75.0, ""f1_score"": 73.33, ""correct"": 3, ""total"": 4}, ""subtle_gray_stripes_stripe227_bg124"": {""accuracy"": 50.0, ""f1_score"": 33.33, ""correct"": 2, ""total"": 4}, ""subtle_gray_stripes_stripe228_bg120"": {""accuracy"": 100.0, ""f1_score"": 100.0, ""correct"": 4, ""total"": 4}, ""subtle_gray_stripes_stripe228_bg121"": {""accuracy"": 75.0, ""f1_score"": 73.33, ""correct"": 3, ""total"": 4}, ""subtle_gray_stripes_stripe228_bg123"": {""accuracy"": 75.0, ""f1_score"": 73.33, ""correct"": 3, ""total"": 4}, ""subtle_gray_stripes_stripe228_bg124"": {""accuracy"": 75.0, ""f1_score"": 73.33, ""correct"": 3, ""total"": 4}, ""subtle_gray_stripes_stripe229_bg120"": {""accuracy"": 50.0, ""f1_score"": 33.33, ""correct"": 2, ""total"": 4}, ""subtle_gray_stripes_stripe229_bg121"": {""accuracy"": 75.0, ""f1_score"": 73.33, ""correct"": 3, ""total"": 4}, ""subtle_gray_stripes_stripe229_bg123"": {""accuracy"": 75.0, ""f1_score"": 73.33, ""correct"": 3, ""total"": 4}, ""subtle_gray_stripes_stripe229_bg124"": {""accuracy"": 75.0, ""f1_score"": 73.33, ""correct"": 3, ""total"": 4}}","{""angle0"": {""accuracy"": 75.0, ""f1_score"": 73.33, ""correct"": 24, ""total"": 32}, ""angle30"": {""accuracy"": 75.0, ""f1_score"": 73.33, ""correct"": 24, ""total"": 32}}",,,saves/left_distrand_dec8_loraplus,left_distrand_dec8_loraplus,FALSE,lora+,7,,
39,12/8/2025 21:04,20251208_210454,_exp_20251208_223827,_exp_20251208_223827_train,_exp_20251208_223827_test,100,1,42,subtle_gray_stripes,"left,right,up,down","0.0,15.0,30.0,45.0","0.0,14.0",640x480,4,12,0,1,none,1,0,0,0.1,1,0,0,"1.0,1.2",10,60,20,15,0,FALSE,,,,,FALSE,,,,FALSE,subtle_gray_stripes,"left,right,up,down","0.0,15.0,30.0,45.0","0.0,14.0",640x480,4,12,0,1,none,1,0,0,0.1,1,0,0,"1.0,1.2",10,60,15,10,0,FALSE,,,,,FALSE,,,,FALSE,Qwen/Qwen2.5-VL-3B-Instruct,qwen2_vl,saves/left_distrand_dec8_dora,8,16,0.05,8192,14,1,5.00E-05,cosine,0.1,FALSE,TRUE,4,10,100,100,yesno,128,1024,4,128,0.8,TRUE,FALSE,FALSE,FALSE,skipped,completed,completed,50,33.33,0,66.67,25,50,0,32,32,32,70.31,70.31,69.84,70.77,70.33,70.31,22,32,23,32,"{""subtle_gray_stripes_stripe226_bg120"": {""accuracy"": 50.0, ""f1_score"": 33.33, ""correct"": 2, ""total"": 4}, ""subtle_gray_stripes_stripe226_bg121"": {""accuracy"": 50.0, ""f1_score"": 33.33, ""correct"": 2, ""total"": 4}, ""subtle_gray_stripes_stripe226_bg123"": {""accuracy"": 50.0, ""f1_score"": 33.33, ""correct"": 2, ""total"": 4}, ""subtle_gray_stripes_stripe226_bg124"": {""accuracy"": 50.0, ""f1_score"": 33.33, ""correct"": 2, ""total"": 4}, ""subtle_gray_stripes_stripe227_bg120"": {""accuracy"": 50.0, ""f1_score"": 33.33, ""correct"": 2, ""total"": 4}, ""subtle_gray_stripes_stripe227_bg121"": {""accuracy"": 50.0, ""f1_score"": 33.33, ""correct"": 2, ""total"": 4}, ""subtle_gray_stripes_stripe227_bg123"": {""accuracy"": 50.0, ""f1_score"": 33.33, ""correct"": 2, ""total"": 4}, ""subtle_gray_stripes_stripe227_bg124"": {""accuracy"": 50.0, ""f1_score"": 33.33, ""correct"": 2, ""total"": 4}, ""subtle_gray_stripes_stripe228_bg120"": {""accuracy"": 50.0, ""f1_score"": 33.33, ""correct"": 2, ""total"": 4}, ""subtle_gray_stripes_stripe228_bg121"": {""accuracy"": 50.0, ""f1_score"": 33.33, ""correct"": 2, ""total"": 4}, ""subtle_gray_stripes_stripe228_bg123"": {""accuracy"": 50.0, ""f1_score"": 33.33, ""correct"": 2, ""total"": 4}, ""subtle_gray_stripes_stripe228_bg124"": {""accuracy"": 50.0, ""f1_score"": 33.33, ""correct"": 2, ""total"": 4}, ""subtle_gray_stripes_stripe229_bg120"": {""accuracy"": 50.0, ""f1_score"": 33.33, ""correct"": 2, ""total"": 4}, ""subtle_gray_stripes_stripe229_bg121"": {""accuracy"": 50.0, ""f1_score"": 33.33, ""correct"": 2, ""total"": 4}, ""subtle_gray_stripes_stripe229_bg123"": {""accuracy"": 50.0, ""f1_score"": 33.33, ""correct"": 2, ""total"": 4}, ""subtle_gray_stripes_stripe229_bg124"": {""accuracy"": 50.0, ""f1_score"": 33.33, ""correct"": 2, ""total"": 4}}","{""angle0"": {""accuracy"": 50.0, ""f1_score"": 33.33, ""correct"": 16, ""total"": 32}, ""angle30"": {""accuracy"": 50.0, ""f1_score"": 33.33, ""correct"": 16, ""total"": 32}}","{""subtle_gray_stripes_stripe226_bg120"": {""accuracy"": 50.0, ""f1_score"": 33.33, ""correct"": 2, ""total"": 4}, ""subtle_gray_stripes_stripe226_bg121"": {""accuracy"": 50.0, ""f1_score"": 33.33, ""correct"": 2, ""total"": 4}, ""subtle_gray_stripes_stripe226_bg123"": {""accuracy"": 50.0, ""f1_score"": 50.0, ""correct"": 2, ""total"": 4}, ""subtle_gray_stripes_stripe226_bg124"": {""accuracy"": 75.0, ""f1_score"": 73.33, ""correct"": 3, ""total"": 4}, ""subtle_gray_stripes_stripe227_bg120"": {""accuracy"": 100.0, ""f1_score"": 100.0, ""correct"": 4, ""total"": 4}, ""subtle_gray_stripes_stripe227_bg121"": {""accuracy"": 75.0, ""f1_score"": 73.33, ""correct"": 3, ""total"": 4}, ""subtle_gray_stripes_stripe227_bg123"": {""accuracy"": 75.0, ""f1_score"": 73.33, ""correct"": 3, ""total"": 4}, ""subtle_gray_stripes_stripe227_bg124"": {""accuracy"": 75.0, ""f1_score"": 73.33, ""correct"": 3, ""total"": 4}, ""subtle_gray_stripes_stripe228_bg120"": {""accuracy"": 100.0, ""f1_score"": 100.0, ""correct"": 4, ""total"": 4}, ""subtle_gray_stripes_stripe228_bg121"": {""accuracy"": 100.0, ""f1_score"": 100.0, ""correct"": 4, ""total"": 4}, ""subtle_gray_stripes_stripe228_bg123"": {""accuracy"": 75.0, ""f1_score"": 73.33, ""correct"": 3, ""total"": 4}, ""subtle_gray_stripes_stripe228_bg124"": {""accuracy"": 50.0, ""f1_score"": 50.0, ""correct"": 2, ""total"": 4}, ""subtle_gray_stripes_stripe229_bg120"": {""accuracy"": 75.0, ""f1_score"": 73.33, ""correct"": 3, ""total"": 4}, ""subtle_gray_stripes_stripe229_bg121"": {""accuracy"": 50.0, ""f1_score"": 50.0, ""correct"": 2, ""total"": 4}, ""subtle_gray_stripes_stripe229_bg123"": {""accuracy"": 100.0, ""f1_score"": 100.0, ""correct"": 4, ""total"": 4}, ""subtle_gray_stripes_stripe229_bg124"": {""accuracy"": 25.0, ""f1_score"": 20.0, ""correct"": 1, ""total"": 4}}","{""angle0"": {""accuracy"": 68.75, ""f1_score"": 68.63, ""correct"": 22, ""total"": 32}, ""angle30"": {""accuracy"": 71.88, ""f1_score"": 71.63, ""correct"": 23, ""total"": 32}}",,,saves/left_distrand_dec8_dora,left_distrand_dec8_dora,TRUE,dora,7,,
40,12/8/2025 21:17,20251208_211725,_exp_20251208_230500,_exp_20251208_230500_train,_exp_20251208_230500_test,100,1,42,subtle_gray_stripes,"left,right,up,down","0.0,15.0,30.0,45.0","0.0,14.0",640x480,4,12,0,1,none,1,0,0,0.1,1,0,0,"1.0,1.2",10,60,20,15,0,FALSE,,,,,FALSE,,,,FALSE,subtle_gray_stripes,"left,right,up,down","0.0,15.0,30.0,45.0","0.0,14.0",640x480,4,12,0,1,none,1,0,0,0.1,1,0,0,"1.0,1.2",10,60,15,10,0,FALSE,,,,,FALSE,,,,FALSE,Qwen/Qwen2.5-VL-3B-Instruct,qwen2_vl,saves/left_distrand_320test_dec8_lora,8,16,0.05,8192,14,1,5.00E-05,cosine,0.1,FALSE,TRUE,4,10,100,100,yesno,128,1024,4,128,0.8,TRUE,FALSE,FALSE,FALSE,skipped,completed,completed,50,33.33,0,66.67,25,50,0,160,160,160,60.31,57.6,46.86,68.33,63.87,60.31,56,160,137,160,"{""subtle_gray_stripes_stripe226_bg120"": {""accuracy"": 50.0, ""f1_score"": 33.33, ""correct"": 10, ""total"": 20}, ""subtle_gray_stripes_stripe226_bg121"": {""accuracy"": 50.0, ""f1_score"": 33.33, ""correct"": 10, ""total"": 20}, ""subtle_gray_stripes_stripe226_bg123"": {""accuracy"": 50.0, ""f1_score"": 33.33, ""correct"": 10, ""total"": 20}, ""subtle_gray_stripes_stripe226_bg124"": {""accuracy"": 50.0, ""f1_score"": 33.33, ""correct"": 10, ""total"": 20}, ""subtle_gray_stripes_stripe227_bg120"": {""accuracy"": 50.0, ""f1_score"": 33.33, ""correct"": 10, ""total"": 20}, ""subtle_gray_stripes_stripe227_bg121"": {""accuracy"": 50.0, ""f1_score"": 33.33, ""correct"": 10, ""total"": 20}, ""subtle_gray_stripes_stripe227_bg123"": {""accuracy"": 50.0, ""f1_score"": 33.33, ""correct"": 10, ""total"": 20}, ""subtle_gray_stripes_stripe227_bg124"": {""accuracy"": 50.0, ""f1_score"": 33.33, ""correct"": 10, ""total"": 20}, ""subtle_gray_stripes_stripe228_bg120"": {""accuracy"": 50.0, ""f1_score"": 33.33, ""correct"": 10, ""total"": 20}, ""subtle_gray_stripes_stripe228_bg121"": {""accuracy"": 50.0, ""f1_score"": 33.33, ""correct"": 10, ""total"": 20}, ""subtle_gray_stripes_stripe228_bg123"": {""accuracy"": 50.0, ""f1_score"": 33.33, ""correct"": 10, ""total"": 20}, ""subtle_gray_stripes_stripe228_bg124"": {""accuracy"": 50.0, ""f1_score"": 33.33, ""correct"": 10, ""total"": 20}, ""subtle_gray_stripes_stripe229_bg120"": {""accuracy"": 50.0, ""f1_score"": 33.33, ""correct"": 10, ""total"": 20}, ""subtle_gray_stripes_stripe229_bg121"": {""accuracy"": 50.0, ""f1_score"": 33.33, ""correct"": 10, ""total"": 20}, ""subtle_gray_stripes_stripe229_bg123"": {""accuracy"": 50.0, ""f1_score"": 33.33, ""correct"": 10, ""total"": 20}, ""subtle_gray_stripes_stripe229_bg124"": {""accuracy"": 50.0, ""f1_score"": 33.33, ""correct"": 10, ""total"": 20}}","{""angle0"": {""accuracy"": 50.0, ""f1_score"": 33.33, ""correct"": 80, ""total"": 160}, ""angle30"": {""accuracy"": 50.0, ""f1_score"": 33.33, ""correct"": 80, ""total"": 160}}","{""subtle_gray_stripes_stripe226_bg120"": {""accuracy"": 60.0, ""f1_score"": 52.38, ""correct"": 12, ""total"": 20}, ""subtle_gray_stripes_stripe226_bg121"": {""accuracy"": 45.0, ""f1_score"": 41.33, ""correct"": 9, ""total"": 20}, ""subtle_gray_stripes_stripe226_bg123"": {""accuracy"": 50.0, ""f1_score"": 47.92, ""correct"": 10, ""total"": 20}, ""subtle_gray_stripes_stripe226_bg124"": {""accuracy"": 60.0, ""f1_score"": 56.04, ""correct"": 12, ""total"": 20}, ""subtle_gray_stripes_stripe227_bg120"": {""accuracy"": 65.0, ""f1_score"": 60.11, ""correct"": 13, ""total"": 20}, ""subtle_gray_stripes_stripe227_bg121"": {""accuracy"": 65.0, ""f1_score"": 62.67, ""correct"": 13, ""total"": 20}, ""subtle_gray_stripes_stripe227_bg123"": {""accuracy"": 65.0, ""f1_score"": 62.67, ""correct"": 13, ""total"": 20}, ""subtle_gray_stripes_stripe227_bg124"": {""accuracy"": 70.0, ""f1_score"": 68.75, ""correct"": 14, ""total"": 20}, ""subtle_gray_stripes_stripe228_bg120"": {""accuracy"": 80.0, ""f1_score"": 79.17, ""correct"": 16, ""total"": 20}, ""subtle_gray_stripes_stripe228_bg121"": {""accuracy"": 60.0, ""f1_score"": 59.6, ""correct"": 12, ""total"": 20}, ""subtle_gray_stripes_stripe228_bg123"": {""accuracy"": 55.0, ""f1_score"": 52.0, ""correct"": 11, ""total"": 20}, ""subtle_gray_stripes_stripe228_bg124"": {""accuracy"": 75.0, ""f1_score"": 73.33, ""correct"": 15, ""total"": 20}, ""subtle_gray_stripes_stripe229_bg120"": {""accuracy"": 55.0, ""f1_score"": 48.72, ""correct"": 11, ""total"": 20}, ""subtle_gray_stripes_stripe229_bg121"": {""accuracy"": 55.0, ""f1_score"": 52.0, ""correct"": 11, ""total"": 20}, ""subtle_gray_stripes_stripe229_bg123"": {""accuracy"": 55.0, ""f1_score"": 52.0, ""correct"": 11, ""total"": 20}, ""subtle_gray_stripes_stripe229_bg124"": {""accuracy"": 50.0, ""f1_score"": 47.92, ""correct"": 10, ""total"": 20}}","{""angle0"": {""accuracy"": 60.62, ""f1_score"": 57.86, ""correct"": 97, ""total"": 160}, ""angle30"": {""accuracy"": 60.0, ""f1_score"": 57.33, ""correct"": 96, ""total"": 160}}",,,saves/left_distrand_320test_dec8_lora,left_distrand_320test_dec8_lora,FALSE,lora,7,,
41,12/8/2025 21:47,20251208_214757,_exp_20251208_230500,_exp_20251208_230500_train,_exp_20251208_230500_test,100,1,42,subtle_gray_stripes,"left,right,up,down","0.0,15.0,30.0,45.0","0.0,14.0",640x480,4,12,0,1,none,1,0,0,0.1,1,0,0,"1.0,1.2",10,60,20,15,0,FALSE,,,,,FALSE,,,,FALSE,subtle_gray_stripes,"left,right,up,down","0.0,15.0,30.0,45.0","0.0,14.0",640x480,4,12,0,1,none,1,0,0,0.1,1,0,0,"1.0,1.2",10,60,15,10,0,FALSE,,,,,FALSE,,,,FALSE,Qwen/Qwen2.5-VL-3B-Instruct,qwen2_vl,saves/left_distrand_320test_dec8_loraplus,8,16,0.05,8192,14,1,5.00E-05,cosine,0.1,FALSE,TRUE,4,10,100,100,yesno,128,1024,4,128,0.8,TRUE,FALSE,FALSE,FALSE,skipped,completed,completed,50,33.33,0,66.67,25,50,0,160,160,160,73.12,71.33,78.5,64.17,80.83,73.12,157,160,77,160,"{""subtle_gray_stripes_stripe226_bg120"": {""accuracy"": 50.0, ""f1_score"": 33.33, ""correct"": 10, ""total"": 20}, ""subtle_gray_stripes_stripe226_bg121"": {""accuracy"": 50.0, ""f1_score"": 33.33, ""correct"": 10, ""total"": 20}, ""subtle_gray_stripes_stripe226_bg123"": {""accuracy"": 50.0, ""f1_score"": 33.33, ""correct"": 10, ""total"": 20}, ""subtle_gray_stripes_stripe226_bg124"": {""accuracy"": 50.0, ""f1_score"": 33.33, ""correct"": 10, ""total"": 20}, ""subtle_gray_stripes_stripe227_bg120"": {""accuracy"": 50.0, ""f1_score"": 33.33, ""correct"": 10, ""total"": 20}, ""subtle_gray_stripes_stripe227_bg121"": {""accuracy"": 50.0, ""f1_score"": 33.33, ""correct"": 10, ""total"": 20}, ""subtle_gray_stripes_stripe227_bg123"": {""accuracy"": 50.0, ""f1_score"": 33.33, ""correct"": 10, ""total"": 20}, ""subtle_gray_stripes_stripe227_bg124"": {""accuracy"": 50.0, ""f1_score"": 33.33, ""correct"": 10, ""total"": 20}, ""subtle_gray_stripes_stripe228_bg120"": {""accuracy"": 50.0, ""f1_score"": 33.33, ""correct"": 10, ""total"": 20}, ""subtle_gray_stripes_stripe228_bg121"": {""accuracy"": 50.0, ""f1_score"": 33.33, ""correct"": 10, ""total"": 20}, ""subtle_gray_stripes_stripe228_bg123"": {""accuracy"": 50.0, ""f1_score"": 33.33, ""correct"": 10, ""total"": 20}, ""subtle_gray_stripes_stripe228_bg124"": {""accuracy"": 50.0, ""f1_score"": 33.33, ""correct"": 10, ""total"": 20}, ""subtle_gray_stripes_stripe229_bg120"": {""accuracy"": 50.0, ""f1_score"": 33.33, ""correct"": 10, ""total"": 20}, ""subtle_gray_stripes_stripe229_bg121"": {""accuracy"": 50.0, ""f1_score"": 33.33, ""correct"": 10, ""total"": 20}, ""subtle_gray_stripes_stripe229_bg123"": {""accuracy"": 50.0, ""f1_score"": 33.33, ""correct"": 10, ""total"": 20}, ""subtle_gray_stripes_stripe229_bg124"": {""accuracy"": 50.0, ""f1_score"": 33.33, ""correct"": 10, ""total"": 20}}","{""angle0"": {""accuracy"": 50.0, ""f1_score"": 33.33, ""correct"": 80, ""total"": 160}, ""angle30"": {""accuracy"": 50.0, ""f1_score"": 33.33, ""correct"": 80, ""total"": 160}}","{""subtle_gray_stripes_stripe226_bg120"": {""accuracy"": 80.0, ""f1_score"": 79.17, ""correct"": 16, ""total"": 20}, ""subtle_gray_stripes_stripe226_bg121"": {""accuracy"": 70.0, ""f1_score"": 67.03, ""correct"": 14, ""total"": 20}, ""subtle_gray_stripes_stripe226_bg123"": {""accuracy"": 70.0, ""f1_score"": 67.03, ""correct"": 14, ""total"": 20}, ""subtle_gray_stripes_stripe226_bg124"": {""accuracy"": 70.0, ""f1_score"": 68.75, ""correct"": 14, ""total"": 20}, ""subtle_gray_stripes_stripe227_bg120"": {""accuracy"": 85.0, ""f1_score"": 84.65, ""correct"": 17, ""total"": 20}, ""subtle_gray_stripes_stripe227_bg121"": {""accuracy"": 85.0, ""f1_score"": 84.65, ""correct"": 17, ""total"": 20}, ""subtle_gray_stripes_stripe227_bg123"": {""accuracy"": 80.0, ""f1_score"": 79.17, ""correct"": 16, ""total"": 20}, ""subtle_gray_stripes_stripe227_bg124"": {""accuracy"": 55.0, ""f1_score"": 43.57, ""correct"": 11, ""total"": 20}, ""subtle_gray_stripes_stripe228_bg120"": {""accuracy"": 80.0, ""f1_score"": 79.17, ""correct"": 16, ""total"": 20}, ""subtle_gray_stripes_stripe228_bg121"": {""accuracy"": 70.0, ""f1_score"": 67.03, ""correct"": 14, ""total"": 20}, ""subtle_gray_stripes_stripe228_bg123"": {""accuracy"": 65.0, ""f1_score"": 62.67, ""correct"": 13, ""total"": 20}, ""subtle_gray_stripes_stripe228_bg124"": {""accuracy"": 70.0, ""f1_score"": 67.03, ""correct"": 14, ""total"": 20}, ""subtle_gray_stripes_stripe229_bg120"": {""accuracy"": 65.0, ""f1_score"": 60.11, ""correct"": 13, ""total"": 20}, ""subtle_gray_stripes_stripe229_bg121"": {""accuracy"": 75.0, ""f1_score"": 73.33, ""correct"": 15, ""total"": 20}, ""subtle_gray_stripes_stripe229_bg123"": {""accuracy"": 75.0, ""f1_score"": 73.33, ""correct"": 15, ""total"": 20}, ""subtle_gray_stripes_stripe229_bg124"": {""accuracy"": 75.0, ""f1_score"": 74.42, ""correct"": 15, ""total"": 20}}","{""angle0"": {""accuracy"": 74.38, ""f1_score"": 72.57, ""correct"": 119, ""total"": 160}, ""angle30"": {""accuracy"": 71.88, ""f1_score"": 70.1, ""correct"": 115, ""total"": 160}}",,,saves/left_distrand_320test_dec8_loraplus,left_distrand_320test_dec8_loraplus,FALSE,lora+,7,,
42,12/8/2025 22:05,20251208_220543,_exp_20251208_230500,_exp_20251208_230500_train,_exp_20251208_230500_test,100,1,42,subtle_gray_stripes,"left,right,up,down","0.0,15.0,30.0,45.0","0.0,14.0",640x480,4,12,0,1,none,1,0,0,0.1,1,0,0,"1.0,1.2",10,60,20,15,0,FALSE,,,,,FALSE,,,,FALSE,subtle_gray_stripes,"left,right,up,down","0.0,15.0,30.0,45.0","0.0,14.0",640x480,4,12,0,1,none,1,0,0,0.1,1,0,0,"1.0,1.2",10,60,15,10,0,FALSE,,,,,FALSE,,,,FALSE,Qwen/Qwen2.5-VL-3B-Instruct,qwen2_vl,saves/left_distrand_320test_dec8_dora,8,16,0.05,8192,14,1,5.00E-05,cosine,0.1,FALSE,TRUE,4,10,100,100,yesno,128,1024,4,128,0.8,TRUE,FALSE,FALSE,FALSE,skipped,completed,completed,50,33.33,0,66.67,25,50,0,160,160,160,61.56,59.2,49.38,69.02,65.05,61.56,60,160,137,160,"{""subtle_gray_stripes_stripe226_bg120"": {""accuracy"": 50.0, ""f1_score"": 33.33, ""correct"": 10, ""total"": 20}, ""subtle_gray_stripes_stripe226_bg121"": {""accuracy"": 50.0, ""f1_score"": 33.33, ""correct"": 10, ""total"": 20}, ""subtle_gray_stripes_stripe226_bg123"": {""accuracy"": 50.0, ""f1_score"": 33.33, ""correct"": 10, ""total"": 20}, ""subtle_gray_stripes_stripe226_bg124"": {""accuracy"": 50.0, ""f1_score"": 33.33, ""correct"": 10, ""total"": 20}, ""subtle_gray_stripes_stripe227_bg120"": {""accuracy"": 50.0, ""f1_score"": 33.33, ""correct"": 10, ""total"": 20}, ""subtle_gray_stripes_stripe227_bg121"": {""accuracy"": 50.0, ""f1_score"": 33.33, ""correct"": 10, ""total"": 20}, ""subtle_gray_stripes_stripe227_bg123"": {""accuracy"": 50.0, ""f1_score"": 33.33, ""correct"": 10, ""total"": 20}, ""subtle_gray_stripes_stripe227_bg124"": {""accuracy"": 50.0, ""f1_score"": 33.33, ""correct"": 10, ""total"": 20}, ""subtle_gray_stripes_stripe228_bg120"": {""accuracy"": 50.0, ""f1_score"": 33.33, ""correct"": 10, ""total"": 20}, ""subtle_gray_stripes_stripe228_bg121"": {""accuracy"": 50.0, ""f1_score"": 33.33, ""correct"": 10, ""total"": 20}, ""subtle_gray_stripes_stripe228_bg123"": {""accuracy"": 50.0, ""f1_score"": 33.33, ""correct"": 10, ""total"": 20}, ""subtle_gray_stripes_stripe228_bg124"": {""accuracy"": 50.0, ""f1_score"": 33.33, ""correct"": 10, ""total"": 20}, ""subtle_gray_stripes_stripe229_bg120"": {""accuracy"": 50.0, ""f1_score"": 33.33, ""correct"": 10, ""total"": 20}, ""subtle_gray_stripes_stripe229_bg121"": {""accuracy"": 50.0, ""f1_score"": 33.33, ""correct"": 10, ""total"": 20}, ""subtle_gray_stripes_stripe229_bg123"": {""accuracy"": 50.0, ""f1_score"": 33.33, ""correct"": 10, ""total"": 20}, ""subtle_gray_stripes_stripe229_bg124"": {""accuracy"": 50.0, ""f1_score"": 33.33, ""correct"": 10, ""total"": 20}}","{""angle0"": {""accuracy"": 50.0, ""f1_score"": 33.33, ""correct"": 80, ""total"": 160}, ""angle30"": {""accuracy"": 50.0, ""f1_score"": 33.33, ""correct"": 80, ""total"": 160}}","{""subtle_gray_stripes_stripe226_bg120"": {""accuracy"": 60.0, ""f1_score"": 52.38, ""correct"": 12, ""total"": 20}, ""subtle_gray_stripes_stripe226_bg121"": {""accuracy"": 45.0, ""f1_score"": 41.33, ""correct"": 9, ""total"": 20}, ""subtle_gray_stripes_stripe226_bg123"": {""accuracy"": 50.0, ""f1_score"": 47.92, ""correct"": 10, ""total"": 20}, ""subtle_gray_stripes_stripe226_bg124"": {""accuracy"": 60.0, ""f1_score"": 56.04, ""correct"": 12, ""total"": 20}, ""subtle_gray_stripes_stripe227_bg120"": {""accuracy"": 70.0, ""f1_score"": 67.03, ""correct"": 14, ""total"": 20}, ""subtle_gray_stripes_stripe227_bg121"": {""accuracy"": 65.0, ""f1_score"": 62.67, ""correct"": 13, ""total"": 20}, ""subtle_gray_stripes_stripe227_bg123"": {""accuracy"": 70.0, ""f1_score"": 68.75, ""correct"": 14, ""total"": 20}, ""subtle_gray_stripes_stripe227_bg124"": {""accuracy"": 70.0, ""f1_score"": 68.75, ""correct"": 14, ""total"": 20}, ""subtle_gray_stripes_stripe228_bg120"": {""accuracy"": 80.0, ""f1_score"": 79.17, ""correct"": 16, ""total"": 20}, ""subtle_gray_stripes_stripe228_bg121"": {""accuracy"": 60.0, ""f1_score"": 59.6, ""correct"": 12, ""total"": 20}, ""subtle_gray_stripes_stripe228_bg123"": {""accuracy"": 55.0, ""f1_score"": 52.0, ""correct"": 11, ""total"": 20}, ""subtle_gray_stripes_stripe228_bg124"": {""accuracy"": 75.0, ""f1_score"": 73.33, ""correct"": 15, ""total"": 20}, ""subtle_gray_stripes_stripe229_bg120"": {""accuracy"": 55.0, ""f1_score"": 48.72, ""correct"": 11, ""total"": 20}, ""subtle_gray_stripes_stripe229_bg121"": {""accuracy"": 65.0, ""f1_score"": 64.19, ""correct"": 13, ""total"": 20}, ""subtle_gray_stripes_stripe229_bg123"": {""accuracy"": 55.0, ""f1_score"": 52.0, ""correct"": 11, ""total"": 20}, ""subtle_gray_stripes_stripe229_bg124"": {""accuracy"": 50.0, ""f1_score"": 47.92, ""correct"": 10, ""total"": 20}}","{""angle0"": {""accuracy"": 62.5, ""f1_score"": 60.26, ""correct"": 100, ""total"": 160}, ""angle30"": {""accuracy"": 60.62, ""f1_score"": 58.14, ""correct"": 97, ""total"": 160}}",,,saves/left_distrand_320test_dec8_dora,left_distrand_320test_dec8_dora,TRUE,dora,7,,
43,12/8/2025 22:28,20251208_222856,_exp_20251208_230500,_exp_20251208_230500_train,_exp_20251208_230500_test,100,1,42,subtle_gray_stripes,"left,right,up,down","0.0,15.0,30.0,45.0","0.0,14.0",640x480,4,12,0,1,none,1,0,0,0.1,1,0,0,"1.0,1.2",10,60,20,15,0,FALSE,,,,,FALSE,,,,FALSE,subtle_gray_stripes,"left,right,up,down","0.0,15.0,30.0,45.0","0.0,14.0",640x480,4,12,0,1,none,1,0,0,0.1,1,0,0,"1.0,1.2",10,60,15,10,0,FALSE,,,,,FALSE,,,,FALSE,Qwen/Qwen2.5-VL-3B-Instruct,qwen2_vl,saves/left_distrand_320test_dec8_rslora,8,16,0.05,8192,14,1,5.00E-05,cosine,0.1,FALSE,TRUE,4,10,100,100,yesno,128,1024,4,128,0.8,TRUE,FALSE,FALSE,FALSE,skipped,completed,completed,50,33.33,0,66.67,25,50,0,160,160,160,61.88,60.49,67.89,53.08,63.82,61.88,129,160,69,160,"{""subtle_gray_stripes_stripe226_bg120"": {""accuracy"": 50.0, ""f1_score"": 33.33, ""correct"": 10, ""total"": 20}, ""subtle_gray_stripes_stripe226_bg121"": {""accuracy"": 50.0, ""f1_score"": 33.33, ""correct"": 10, ""total"": 20}, ""subtle_gray_stripes_stripe226_bg123"": {""accuracy"": 50.0, ""f1_score"": 33.33, ""correct"": 10, ""total"": 20}, ""subtle_gray_stripes_stripe226_bg124"": {""accuracy"": 50.0, ""f1_score"": 33.33, ""correct"": 10, ""total"": 20}, ""subtle_gray_stripes_stripe227_bg120"": {""accuracy"": 50.0, ""f1_score"": 33.33, ""correct"": 10, ""total"": 20}, ""subtle_gray_stripes_stripe227_bg121"": {""accuracy"": 50.0, ""f1_score"": 33.33, ""correct"": 10, ""total"": 20}, ""subtle_gray_stripes_stripe227_bg123"": {""accuracy"": 50.0, ""f1_score"": 33.33, ""correct"": 10, ""total"": 20}, ""subtle_gray_stripes_stripe227_bg124"": {""accuracy"": 50.0, ""f1_score"": 33.33, ""correct"": 10, ""total"": 20}, ""subtle_gray_stripes_stripe228_bg120"": {""accuracy"": 50.0, ""f1_score"": 33.33, ""correct"": 10, ""total"": 20}, ""subtle_gray_stripes_stripe228_bg121"": {""accuracy"": 50.0, ""f1_score"": 33.33, ""correct"": 10, ""total"": 20}, ""subtle_gray_stripes_stripe228_bg123"": {""accuracy"": 50.0, ""f1_score"": 33.33, ""correct"": 10, ""total"": 20}, ""subtle_gray_stripes_stripe228_bg124"": {""accuracy"": 50.0, ""f1_score"": 33.33, ""correct"": 10, ""total"": 20}, ""subtle_gray_stripes_stripe229_bg120"": {""accuracy"": 50.0, ""f1_score"": 33.33, ""correct"": 10, ""total"": 20}, ""subtle_gray_stripes_stripe229_bg121"": {""accuracy"": 50.0, ""f1_score"": 33.33, ""correct"": 10, ""total"": 20}, ""subtle_gray_stripes_stripe229_bg123"": {""accuracy"": 50.0, ""f1_score"": 33.33, ""correct"": 10, ""total"": 20}, ""subtle_gray_stripes_stripe229_bg124"": {""accuracy"": 50.0, ""f1_score"": 33.33, ""correct"": 10, ""total"": 20}}","{""angle0"": {""accuracy"": 50.0, ""f1_score"": 33.33, ""correct"": 80, ""total"": 160}, ""angle30"": {""accuracy"": 50.0, ""f1_score"": 33.33, ""correct"": 80, ""total"": 160}}","{""subtle_gray_stripes_stripe226_bg120"": {""accuracy"": 60.0, ""f1_score"": 59.6, ""correct"": 12, ""total"": 20}, ""subtle_gray_stripes_stripe226_bg121"": {""accuracy"": 60.0, ""f1_score"": 58.33, ""correct"": 12, ""total"": 20}, ""subtle_gray_stripes_stripe226_bg123"": {""accuracy"": 70.0, ""f1_score"": 68.75, ""correct"": 14, ""total"": 20}, ""subtle_gray_stripes_stripe226_bg124"": {""accuracy"": 55.0, ""f1_score"": 53.96, ""correct"": 11, ""total"": 20}, ""subtle_gray_stripes_stripe227_bg120"": {""accuracy"": 70.0, ""f1_score"": 70.0, ""correct"": 14, ""total"": 20}, ""subtle_gray_stripes_stripe227_bg121"": {""accuracy"": 65.0, ""f1_score"": 64.19, ""correct"": 13, ""total"": 20}, ""subtle_gray_stripes_stripe227_bg123"": {""accuracy"": 65.0, ""f1_score"": 62.67, ""correct"": 13, ""total"": 20}, ""subtle_gray_stripes_stripe227_bg124"": {""accuracy"": 65.0, ""f1_score"": 60.11, ""correct"": 13, ""total"": 20}, ""subtle_gray_stripes_stripe228_bg120"": {""accuracy"": 75.0, ""f1_score"": 74.42, ""correct"": 15, ""total"": 20}, ""subtle_gray_stripes_stripe228_bg121"": {""accuracy"": 35.0, ""f1_score"": 25.93, ""correct"": 7, ""total"": 20}, ""subtle_gray_stripes_stripe228_bg123"": {""accuracy"": 60.0, ""f1_score"": 59.6, ""correct"": 12, ""total"": 20}, ""subtle_gray_stripes_stripe228_bg124"": {""accuracy"": 60.0, ""f1_score"": 58.33, ""correct"": 12, ""total"": 20}, ""subtle_gray_stripes_stripe229_bg120"": {""accuracy"": 55.0, ""f1_score"": 52.0, ""correct"": 11, ""total"": 20}, ""subtle_gray_stripes_stripe229_bg121"": {""accuracy"": 55.0, ""f1_score"": 52.0, ""correct"": 11, ""total"": 20}, ""subtle_gray_stripes_stripe229_bg123"": {""accuracy"": 70.0, ""f1_score"": 69.7, ""correct"": 14, ""total"": 20}, ""subtle_gray_stripes_stripe229_bg124"": {""accuracy"": 70.0, ""f1_score"": 68.75, ""correct"": 14, ""total"": 20}}","{""angle0"": {""accuracy"": 62.5, ""f1_score"": 60.94, ""correct"": 100, ""total"": 160}, ""angle30"": {""accuracy"": 61.25, ""f1_score"": 60.03, ""correct"": 98, ""total"": 160}}",,,saves/left_distrand_320test_dec8_rslora,left_distrand_320test_dec8_rslora,FALSE,rslora,7,,
44,12/8/2025 22:47,20251208_224700,_exp_20251208_230500,_exp_20251208_230500_train,_exp_20251208_230500_test,100,1,42,subtle_gray_stripes,"left,right,up,down","0.0,15.0,30.0,45.0","0.0,14.0",640x480,4,12,0,1,none,1,0,0,0.1,1,0,0,"1.0,1.2",10,60,20,15,0,FALSE,,,,,FALSE,,,,FALSE,subtle_gray_stripes,"left,right,up,down","0.0,15.0,30.0,45.0","0.0,14.0",640x480,4,12,0,1,none,1,0,0,0.1,1,0,0,"1.0,1.2",10,60,15,10,0,FALSE,,,,,FALSE,,,,FALSE,Qwen/Qwen2.5-VL-3B-Instruct,qwen2_vl,saves/left_distrand_320test_dec8_oft,8,16,0.05,8192,14,1,5.00E-05,cosine,0.1,FALSE,TRUE,4,10,100,100,yesno,128,1024,4,128,0.8,TRUE,FALSE,FALSE,FALSE,skipped,completed,completed,50,33.33,0,66.67,25,50,0,160,160,160,50.94,35.38,67.09,3.68,75.24,50.94,160,160,3,160,"{""subtle_gray_stripes_stripe226_bg120"": {""accuracy"": 50.0, ""f1_score"": 33.33, ""correct"": 10, ""total"": 20}, ""subtle_gray_stripes_stripe226_bg121"": {""accuracy"": 50.0, ""f1_score"": 33.33, ""correct"": 10, ""total"": 20}, ""subtle_gray_stripes_stripe226_bg123"": {""accuracy"": 50.0, ""f1_score"": 33.33, ""correct"": 10, ""total"": 20}, ""subtle_gray_stripes_stripe226_bg124"": {""accuracy"": 50.0, ""f1_score"": 33.33, ""correct"": 10, ""total"": 20}, ""subtle_gray_stripes_stripe227_bg120"": {""accuracy"": 50.0, ""f1_score"": 33.33, ""correct"": 10, ""total"": 20}, ""subtle_gray_stripes_stripe227_bg121"": {""accuracy"": 50.0, ""f1_score"": 33.33, ""correct"": 10, ""total"": 20}, ""subtle_gray_stripes_stripe227_bg123"": {""accuracy"": 50.0, ""f1_score"": 33.33, ""correct"": 10, ""total"": 20}, ""subtle_gray_stripes_stripe227_bg124"": {""accuracy"": 50.0, ""f1_score"": 33.33, ""correct"": 10, ""total"": 20}, ""subtle_gray_stripes_stripe228_bg120"": {""accuracy"": 50.0, ""f1_score"": 33.33, ""correct"": 10, ""total"": 20}, ""subtle_gray_stripes_stripe228_bg121"": {""accuracy"": 50.0, ""f1_score"": 33.33, ""correct"": 10, ""total"": 20}, ""subtle_gray_stripes_stripe228_bg123"": {""accuracy"": 50.0, ""f1_score"": 33.33, ""correct"": 10, ""total"": 20}, ""subtle_gray_stripes_stripe228_bg124"": {""accuracy"": 50.0, ""f1_score"": 33.33, ""correct"": 10, ""total"": 20}, ""subtle_gray_stripes_stripe229_bg120"": {""accuracy"": 50.0, ""f1_score"": 33.33, ""correct"": 10, ""total"": 20}, ""subtle_gray_stripes_stripe229_bg121"": {""accuracy"": 50.0, ""f1_score"": 33.33, ""correct"": 10, ""total"": 20}, ""subtle_gray_stripes_stripe229_bg123"": {""accuracy"": 50.0, ""f1_score"": 33.33, ""correct"": 10, ""total"": 20}, ""subtle_gray_stripes_stripe229_bg124"": {""accuracy"": 50.0, ""f1_score"": 33.33, ""correct"": 10, ""total"": 20}}","{""angle0"": {""accuracy"": 50.0, ""f1_score"": 33.33, ""correct"": 80, ""total"": 160}, ""angle30"": {""accuracy"": 50.0, ""f1_score"": 33.33, ""correct"": 80, ""total"": 160}}","{""subtle_gray_stripes_stripe226_bg120"": {""accuracy"": 60.0, ""f1_score"": 52.38, ""correct"": 12, ""total"": 20}, ""subtle_gray_stripes_stripe226_bg121"": {""accuracy"": 50.0, ""f1_score"": 33.33, ""correct"": 10, ""total"": 20}, ""subtle_gray_stripes_stripe226_bg123"": {""accuracy"": 50.0, ""f1_score"": 33.33, ""correct"": 10, ""total"": 20}, ""subtle_gray_stripes_stripe226_bg124"": {""accuracy"": 50.0, ""f1_score"": 33.33, ""correct"": 10, ""total"": 20}, ""subtle_gray_stripes_stripe227_bg120"": {""accuracy"": 50.0, ""f1_score"": 33.33, ""correct"": 10, ""total"": 20}, ""subtle_gray_stripes_stripe227_bg121"": {""accuracy"": 50.0, ""f1_score"": 33.33, ""correct"": 10, ""total"": 20}, ""subtle_gray_stripes_stripe227_bg123"": {""accuracy"": 50.0, ""f1_score"": 33.33, ""correct"": 10, ""total"": 20}, ""subtle_gray_stripes_stripe227_bg124"": {""accuracy"": 50.0, ""f1_score"": 33.33, ""correct"": 10, ""total"": 20}, ""subtle_gray_stripes_stripe228_bg120"": {""accuracy"": 50.0, ""f1_score"": 33.33, ""correct"": 10, ""total"": 20}, ""subtle_gray_stripes_stripe228_bg121"": {""accuracy"": 50.0, ""f1_score"": 33.33, ""correct"": 10, ""total"": 20}, ""subtle_gray_stripes_stripe228_bg123"": {""accuracy"": 50.0, ""f1_score"": 33.33, ""correct"": 10, ""total"": 20}, ""subtle_gray_stripes_stripe228_bg124"": {""accuracy"": 55.0, ""f1_score"": 43.57, ""correct"": 11, ""total"": 20}, ""subtle_gray_stripes_stripe229_bg120"": {""accuracy"": 50.0, ""f1_score"": 33.33, ""correct"": 10, ""total"": 20}, ""subtle_gray_stripes_stripe229_bg121"": {""accuracy"": 50.0, ""f1_score"": 33.33, ""correct"": 10, ""total"": 20}, ""subtle_gray_stripes_stripe229_bg123"": {""accuracy"": 50.0, ""f1_score"": 33.33, ""correct"": 10, ""total"": 20}, ""subtle_gray_stripes_stripe229_bg124"": {""accuracy"": 50.0, ""f1_score"": 33.33, ""correct"": 10, ""total"": 20}}","{""angle0"": {""accuracy"": 50.0, ""f1_score"": 33.33, ""correct"": 80, ""total"": 160}, ""angle30"": {""accuracy"": 51.88, ""f1_score"": 37.37, ""correct"": 83, ""total"": 160}}",,,saves/left_distrand_320test_dec8_oft,left_distrand_320test_dec8_oft,FALSE,oft,7,,
45,12/9/2025 8:51,20251209_085122,_exp_20251208_230500,_exp_20251208_230500_train,_exp_20251208_230500_test,100,1,42,subtle_gray_stripes,"left,right,up,down","0.0,15.0,30.0,45.0","0.0,14.0",640x480,4,12,0,1,none,1,0,0,0.1,1,0,0,"1.0,1.2",10,60,20,15,0,FALSE,,,,,FALSE,,,,FALSE,subtle_gray_stripes,"left,right,up,down","0.0,15.0,30.0,45.0","0.0,14.0",640x480,4,12,0,1,none,1,0,0,0.1,1,0,0,"1.0,1.2",10,60,15,10,0,FALSE,,,,,FALSE,,,,FALSE,Qwen/Qwen2.5-VL-3B-Instruct,qwen2_vl,saves/5epoch_dec9_lora,8,16,0.05,8192,14,1,5.00E-05,cosine,0.1,FALSE,TRUE,4,10,100,100,yesno,128,1024,4,128,0.8,TRUE,FALSE,FALSE,FALSE,skipped,completed,completed,50,33.33,0,66.67,25,50,0,160,160,160,51.88,50.57,42.54,58.6,52.1,51.88,57,160,109,160,"{""subtle_gray_stripes_stripe226_bg120"": {""accuracy"": 50.0, ""f1_score"": 33.33, ""correct"": 10, ""total"": 20}, ""subtle_gray_stripes_stripe226_bg121"": {""accuracy"": 50.0, ""f1_score"": 33.33, ""correct"": 10, ""total"": 20}, ""subtle_gray_stripes_stripe226_bg123"": {""accuracy"": 50.0, ""f1_score"": 33.33, ""correct"": 10, ""total"": 20}, ""subtle_gray_stripes_stripe226_bg124"": {""accuracy"": 50.0, ""f1_score"": 33.33, ""correct"": 10, ""total"": 20}, ""subtle_gray_stripes_stripe227_bg120"": {""accuracy"": 50.0, ""f1_score"": 33.33, ""correct"": 10, ""total"": 20}, ""subtle_gray_stripes_stripe227_bg121"": {""accuracy"": 50.0, ""f1_score"": 33.33, ""correct"": 10, ""total"": 20}, ""subtle_gray_stripes_stripe227_bg123"": {""accuracy"": 50.0, ""f1_score"": 33.33, ""correct"": 10, ""total"": 20}, ""subtle_gray_stripes_stripe227_bg124"": {""accuracy"": 50.0, ""f1_score"": 33.33, ""correct"": 10, ""total"": 20}, ""subtle_gray_stripes_stripe228_bg120"": {""accuracy"": 50.0, ""f1_score"": 33.33, ""correct"": 10, ""total"": 20}, ""subtle_gray_stripes_stripe228_bg121"": {""accuracy"": 50.0, ""f1_score"": 33.33, ""correct"": 10, ""total"": 20}, ""subtle_gray_stripes_stripe228_bg123"": {""accuracy"": 50.0, ""f1_score"": 33.33, ""correct"": 10, ""total"": 20}, ""subtle_gray_stripes_stripe228_bg124"": {""accuracy"": 50.0, ""f1_score"": 33.33, ""correct"": 10, ""total"": 20}, ""subtle_gray_stripes_stripe229_bg120"": {""accuracy"": 50.0, ""f1_score"": 33.33, ""correct"": 10, ""total"": 20}, ""subtle_gray_stripes_stripe229_bg121"": {""accuracy"": 50.0, ""f1_score"": 33.33, ""correct"": 10, ""total"": 20}, ""subtle_gray_stripes_stripe229_bg123"": {""accuracy"": 50.0, ""f1_score"": 33.33, ""correct"": 10, ""total"": 20}, ""subtle_gray_stripes_stripe229_bg124"": {""accuracy"": 50.0, ""f1_score"": 33.33, ""correct"": 10, ""total"": 20}}","{""angle0"": {""accuracy"": 50.0, ""f1_score"": 33.33, ""correct"": 80, ""total"": 160}, ""angle30"": {""accuracy"": 50.0, ""f1_score"": 33.33, ""correct"": 80, ""total"": 160}}","{""subtle_gray_stripes_stripe226_bg120"": {""accuracy"": 60.0, ""f1_score"": 56.04, ""correct"": 12, ""total"": 20}, ""subtle_gray_stripes_stripe226_bg121"": {""accuracy"": 40.0, ""f1_score"": 37.5, ""correct"": 8, ""total"": 20}, ""subtle_gray_stripes_stripe226_bg123"": {""accuracy"": 45.0, ""f1_score"": 43.73, ""correct"": 9, ""total"": 20}, ""subtle_gray_stripes_stripe226_bg124"": {""accuracy"": 45.0, ""f1_score"": 43.73, ""correct"": 9, ""total"": 20}, ""subtle_gray_stripes_stripe227_bg120"": {""accuracy"": 55.0, ""f1_score"": 52.0, ""correct"": 11, ""total"": 20}, ""subtle_gray_stripes_stripe227_bg121"": {""accuracy"": 55.0, ""f1_score"": 53.96, ""correct"": 11, ""total"": 20}, ""subtle_gray_stripes_stripe227_bg123"": {""accuracy"": 55.0, ""f1_score"": 54.89, ""correct"": 11, ""total"": 20}, ""subtle_gray_stripes_stripe227_bg124"": {""accuracy"": 65.0, ""f1_score"": 64.19, ""correct"": 13, ""total"": 20}, ""subtle_gray_stripes_stripe228_bg120"": {""accuracy"": 70.0, ""f1_score"": 69.7, ""correct"": 14, ""total"": 20}, ""subtle_gray_stripes_stripe228_bg121"": {""accuracy"": 55.0, ""f1_score"": 54.89, ""correct"": 11, ""total"": 20}, ""subtle_gray_stripes_stripe228_bg123"": {""accuracy"": 45.0, ""f1_score"": 43.73, ""correct"": 9, ""total"": 20}, ""subtle_gray_stripes_stripe228_bg124"": {""accuracy"": 50.0, ""f1_score"": 50.0, ""correct"": 10, ""total"": 20}, ""subtle_gray_stripes_stripe229_bg120"": {""accuracy"": 45.0, ""f1_score"": 41.33, ""correct"": 9, ""total"": 20}, ""subtle_gray_stripes_stripe229_bg121"": {""accuracy"": 50.0, ""f1_score"": 47.92, ""correct"": 10, ""total"": 20}, ""subtle_gray_stripes_stripe229_bg123"": {""accuracy"": 45.0, ""f1_score"": 41.33, ""correct"": 9, ""total"": 20}, ""subtle_gray_stripes_stripe229_bg124"": {""accuracy"": 50.0, ""f1_score"": 47.92, ""correct"": 10, ""total"": 20}}","{""angle0"": {""accuracy"": 53.75, ""f1_score"": 52.29, ""correct"": 86, ""total"": 160}, ""angle30"": {""accuracy"": 50.0, ""f1_score"": 48.85, ""correct"": 80, ""total"": 160}}",,,saves/5epoch_dec9_lora,5epoch_dec9_lora,FALSE,lora,5,,
46,12/9/2025 9:08,20251209_090822,_exp_20251208_230500,_exp_20251208_230500_train,_exp_20251208_230500_test,100,1,42,subtle_gray_stripes,"left,right,up,down","0.0,15.0,30.0,45.0","0.0,14.0",640x480,4,12,0,1,none,1,0,0,0.1,1,0,0,"1.0,1.2",10,60,20,15,0,FALSE,,,,,FALSE,,,,FALSE,subtle_gray_stripes,"left,right,up,down","0.0,15.0,30.0,45.0","0.0,14.0",640x480,4,12,0,1,none,1,0,0,0.1,1,0,0,"1.0,1.2",10,60,15,10,0,FALSE,,,,,FALSE,,,,FALSE,Qwen/Qwen2.5-VL-3B-Instruct,qwen2_vl,saves/5epoch_dec9_loraplus,8,16,0.05,8192,14,1,5.00E-05,cosine,0.1,FALSE,TRUE,4,10,100,100,yesno,128,1024,4,128,0.8,TRUE,FALSE,FALSE,FALSE,skipped,completed,completed,50,33.33,0,66.67,25,50,0,160,160,160,80.94,80.71,82.82,78.6,82.49,80.94,147,160,112,160,"{""subtle_gray_stripes_stripe226_bg120"": {""accuracy"": 50.0, ""f1_score"": 33.33, ""correct"": 10, ""total"": 20}, ""subtle_gray_stripes_stripe226_bg121"": {""accuracy"": 50.0, ""f1_score"": 33.33, ""correct"": 10, ""total"": 20}, ""subtle_gray_stripes_stripe226_bg123"": {""accuracy"": 50.0, ""f1_score"": 33.33, ""correct"": 10, ""total"": 20}, ""subtle_gray_stripes_stripe226_bg124"": {""accuracy"": 50.0, ""f1_score"": 33.33, ""correct"": 10, ""total"": 20}, ""subtle_gray_stripes_stripe227_bg120"": {""accuracy"": 50.0, ""f1_score"": 33.33, ""correct"": 10, ""total"": 20}, ""subtle_gray_stripes_stripe227_bg121"": {""accuracy"": 50.0, ""f1_score"": 33.33, ""correct"": 10, ""total"": 20}, ""subtle_gray_stripes_stripe227_bg123"": {""accuracy"": 50.0, ""f1_score"": 33.33, ""correct"": 10, ""total"": 20}, ""subtle_gray_stripes_stripe227_bg124"": {""accuracy"": 50.0, ""f1_score"": 33.33, ""correct"": 10, ""total"": 20}, ""subtle_gray_stripes_stripe228_bg120"": {""accuracy"": 50.0, ""f1_score"": 33.33, ""correct"": 10, ""total"": 20}, ""subtle_gray_stripes_stripe228_bg121"": {""accuracy"": 50.0, ""f1_score"": 33.33, ""correct"": 10, ""total"": 20}, ""subtle_gray_stripes_stripe228_bg123"": {""accuracy"": 50.0, ""f1_score"": 33.33, ""correct"": 10, ""total"": 20}, ""subtle_gray_stripes_stripe228_bg124"": {""accuracy"": 50.0, ""f1_score"": 33.33, ""correct"": 10, ""total"": 20}, ""subtle_gray_stripes_stripe229_bg120"": {""accuracy"": 50.0, ""f1_score"": 33.33, ""correct"": 10, ""total"": 20}, ""subtle_gray_stripes_stripe229_bg121"": {""accuracy"": 50.0, ""f1_score"": 33.33, ""correct"": 10, ""total"": 20}, ""subtle_gray_stripes_stripe229_bg123"": {""accuracy"": 50.0, ""f1_score"": 33.33, ""correct"": 10, ""total"": 20}, ""subtle_gray_stripes_stripe229_bg124"": {""accuracy"": 50.0, ""f1_score"": 33.33, ""correct"": 10, ""total"": 20}}","{""angle0"": {""accuracy"": 50.0, ""f1_score"": 33.33, ""correct"": 80, ""total"": 160}, ""angle30"": {""accuracy"": 50.0, ""f1_score"": 33.33, ""correct"": 80, ""total"": 160}}","{""subtle_gray_stripes_stripe226_bg120"": {""accuracy"": 70.0, ""f1_score"": 69.7, ""correct"": 14, ""total"": 20}, ""subtle_gray_stripes_stripe226_bg121"": {""accuracy"": 85.0, ""f1_score"": 84.65, ""correct"": 17, ""total"": 20}, ""subtle_gray_stripes_stripe226_bg123"": {""accuracy"": 90.0, ""f1_score"": 89.9, ""correct"": 18, ""total"": 20}, ""subtle_gray_stripes_stripe226_bg124"": {""accuracy"": 85.0, ""f1_score"": 84.96, ""correct"": 17, ""total"": 20}, ""subtle_gray_stripes_stripe227_bg120"": {""accuracy"": 85.0, ""f1_score"": 84.65, ""correct"": 17, ""total"": 20}, ""subtle_gray_stripes_stripe227_bg121"": {""accuracy"": 90.0, ""f1_score"": 89.9, ""correct"": 18, ""total"": 20}, ""subtle_gray_stripes_stripe227_bg123"": {""accuracy"": 90.0, ""f1_score"": 89.9, ""correct"": 18, ""total"": 20}, ""subtle_gray_stripes_stripe227_bg124"": {""accuracy"": 65.0, ""f1_score"": 62.67, ""correct"": 13, ""total"": 20}, ""subtle_gray_stripes_stripe228_bg120"": {""accuracy"": 80.0, ""f1_score"": 80.0, ""correct"": 16, ""total"": 20}, ""subtle_gray_stripes_stripe228_bg121"": {""accuracy"": 70.0, ""f1_score"": 68.75, ""correct"": 14, ""total"": 20}, ""subtle_gray_stripes_stripe228_bg123"": {""accuracy"": 75.0, ""f1_score"": 74.94, ""correct"": 15, ""total"": 20}, ""subtle_gray_stripes_stripe228_bg124"": {""accuracy"": 90.0, ""f1_score"": 90.0, ""correct"": 18, ""total"": 20}, ""subtle_gray_stripes_stripe229_bg120"": {""accuracy"": 75.0, ""f1_score"": 73.33, ""correct"": 15, ""total"": 20}, ""subtle_gray_stripes_stripe229_bg121"": {""accuracy"": 85.0, ""f1_score"": 84.65, ""correct"": 17, ""total"": 20}, ""subtle_gray_stripes_stripe229_bg123"": {""accuracy"": 85.0, ""f1_score"": 84.96, ""correct"": 17, ""total"": 20}, ""subtle_gray_stripes_stripe229_bg124"": {""accuracy"": 75.0, ""f1_score"": 74.94, ""correct"": 15, ""total"": 20}}","{""angle0"": {""accuracy"": 77.5, ""f1_score"": 76.68, ""correct"": 124, ""total"": 160}, ""angle30"": {""accuracy"": 84.38, ""f1_score"": 84.36, ""correct"": 135, ""total"": 160}}",,,saves/5epoch_dec9_loraplus,5epoch_dec9_loraplus,FALSE,lora+,5,,
47,12/9/2025 9:25,20251209_092526,_exp_20251208_230500,_exp_20251208_230500_train,_exp_20251208_230500_test,100,1,42,subtle_gray_stripes,"left,right,up,down","0.0,15.0,30.0,45.0","0.0,14.0",640x480,4,12,0,1,none,1,0,0,0.1,1,0,0,"1.0,1.2",10,60,20,15,0,FALSE,,,,,FALSE,,,,FALSE,subtle_gray_stripes,"left,right,up,down","0.0,15.0,30.0,45.0","0.0,14.0",640x480,4,12,0,1,none,1,0,0,0.1,1,0,0,"1.0,1.2",10,60,15,10,0,FALSE,,,,,FALSE,,,,FALSE,Qwen/Qwen2.5-VL-3B-Instruct,qwen2_vl,saves/5epoch_dec9_dora,8,16,0.05,8192,14,1,5.00E-05,cosine,0.1,FALSE,TRUE,4,10,100,100,yesno,128,1024,4,128,0.8,TRUE,FALSE,FALSE,FALSE,skipped,completed,completed,50,33.33,0,66.67,25,50,0,160,160,160,52.19,50.73,42.26,59.2,52.48,52.19,56,160,111,160,"{""subtle_gray_stripes_stripe226_bg120"": {""accuracy"": 50.0, ""f1_score"": 33.33, ""correct"": 10, ""total"": 20}, ""subtle_gray_stripes_stripe226_bg121"": {""accuracy"": 50.0, ""f1_score"": 33.33, ""correct"": 10, ""total"": 20}, ""subtle_gray_stripes_stripe226_bg123"": {""accuracy"": 50.0, ""f1_score"": 33.33, ""correct"": 10, ""total"": 20}, ""subtle_gray_stripes_stripe226_bg124"": {""accuracy"": 50.0, ""f1_score"": 33.33, ""correct"": 10, ""total"": 20}, ""subtle_gray_stripes_stripe227_bg120"": {""accuracy"": 50.0, ""f1_score"": 33.33, ""correct"": 10, ""total"": 20}, ""subtle_gray_stripes_stripe227_bg121"": {""accuracy"": 50.0, ""f1_score"": 33.33, ""correct"": 10, ""total"": 20}, ""subtle_gray_stripes_stripe227_bg123"": {""accuracy"": 50.0, ""f1_score"": 33.33, ""correct"": 10, ""total"": 20}, ""subtle_gray_stripes_stripe227_bg124"": {""accuracy"": 50.0, ""f1_score"": 33.33, ""correct"": 10, ""total"": 20}, ""subtle_gray_stripes_stripe228_bg120"": {""accuracy"": 50.0, ""f1_score"": 33.33, ""correct"": 10, ""total"": 20}, ""subtle_gray_stripes_stripe228_bg121"": {""accuracy"": 50.0, ""f1_score"": 33.33, ""correct"": 10, ""total"": 20}, ""subtle_gray_stripes_stripe228_bg123"": {""accuracy"": 50.0, ""f1_score"": 33.33, ""correct"": 10, ""total"": 20}, ""subtle_gray_stripes_stripe228_bg124"": {""accuracy"": 50.0, ""f1_score"": 33.33, ""correct"": 10, ""total"": 20}, ""subtle_gray_stripes_stripe229_bg120"": {""accuracy"": 50.0, ""f1_score"": 33.33, ""correct"": 10, ""total"": 20}, ""subtle_gray_stripes_stripe229_bg121"": {""accuracy"": 50.0, ""f1_score"": 33.33, ""correct"": 10, ""total"": 20}, ""subtle_gray_stripes_stripe229_bg123"": {""accuracy"": 50.0, ""f1_score"": 33.33, ""correct"": 10, ""total"": 20}, ""subtle_gray_stripes_stripe229_bg124"": {""accuracy"": 50.0, ""f1_score"": 33.33, ""correct"": 10, ""total"": 20}}","{""angle0"": {""accuracy"": 50.0, ""f1_score"": 33.33, ""correct"": 80, ""total"": 160}, ""angle30"": {""accuracy"": 50.0, ""f1_score"": 33.33, ""correct"": 80, ""total"": 160}}","{""subtle_gray_stripes_stripe226_bg120"": {""accuracy"": 55.0, ""f1_score"": 48.72, ""correct"": 11, ""total"": 20}, ""subtle_gray_stripes_stripe226_bg121"": {""accuracy"": 40.0, ""f1_score"": 37.5, ""correct"": 8, ""total"": 20}, ""subtle_gray_stripes_stripe226_bg123"": {""accuracy"": 45.0, ""f1_score"": 43.73, ""correct"": 9, ""total"": 20}, ""subtle_gray_stripes_stripe226_bg124"": {""accuracy"": 45.0, ""f1_score"": 43.73, ""correct"": 9, ""total"": 20}, ""subtle_gray_stripes_stripe227_bg120"": {""accuracy"": 55.0, ""f1_score"": 52.0, ""correct"": 11, ""total"": 20}, ""subtle_gray_stripes_stripe227_bg121"": {""accuracy"": 55.0, ""f1_score"": 53.96, ""correct"": 11, ""total"": 20}, ""subtle_gray_stripes_stripe227_bg123"": {""accuracy"": 55.0, ""f1_score"": 54.89, ""correct"": 11, ""total"": 20}, ""subtle_gray_stripes_stripe227_bg124"": {""accuracy"": 65.0, ""f1_score"": 64.19, ""correct"": 13, ""total"": 20}, ""subtle_gray_stripes_stripe228_bg120"": {""accuracy"": 70.0, ""f1_score"": 69.7, ""correct"": 14, ""total"": 20}, ""subtle_gray_stripes_stripe228_bg121"": {""accuracy"": 55.0, ""f1_score"": 54.89, ""correct"": 11, ""total"": 20}, ""subtle_gray_stripes_stripe228_bg123"": {""accuracy"": 45.0, ""f1_score"": 43.73, ""correct"": 9, ""total"": 20}, ""subtle_gray_stripes_stripe228_bg124"": {""accuracy"": 55.0, ""f1_score"": 54.89, ""correct"": 11, ""total"": 20}, ""subtle_gray_stripes_stripe229_bg120"": {""accuracy"": 50.0, ""f1_score"": 45.05, ""correct"": 10, ""total"": 20}, ""subtle_gray_stripes_stripe229_bg121"": {""accuracy"": 50.0, ""f1_score"": 47.92, ""correct"": 10, ""total"": 20}, ""subtle_gray_stripes_stripe229_bg123"": {""accuracy"": 45.0, ""f1_score"": 41.33, ""correct"": 9, ""total"": 20}, ""subtle_gray_stripes_stripe229_bg124"": {""accuracy"": 50.0, ""f1_score"": 47.92, ""correct"": 10, ""total"": 20}}","{""angle0"": {""accuracy"": 54.37, ""f1_score"": 52.83, ""correct"": 87, ""total"": 160}, ""angle30"": {""accuracy"": 50.0, ""f1_score"": 48.64, ""correct"": 80, ""total"": 160}}",,,saves/5epoch_dec9_dora,5epoch_dec9_dora,TRUE,dora,5,,
48,12/9/2025 9:46,20251209_094648,_exp_20251208_230500,_exp_20251208_230500_train,_exp_20251208_230500_test,100,1,42,subtle_gray_stripes,"left,right,up,down","0.0,15.0,30.0,45.0","0.0,14.0",640x480,4,12,0,1,none,1,0,0,0.1,1,0,0,"1.0,1.2",10,60,20,15,0,FALSE,,,,,FALSE,,,,FALSE,subtle_gray_stripes,"left,right,up,down","0.0,15.0,30.0,45.0","0.0,14.0",640x480,4,12,0,1,none,1,0,0,0.1,1,0,0,"1.0,1.2",10,60,15,10,0,FALSE,,,,,FALSE,,,,FALSE,Qwen/Qwen2.5-VL-3B-Instruct,qwen2_vl,saves/5epoch_dec9_rslora,8,16,0.05,8192,14,1,5.00E-05,cosine,0.1,FALSE,TRUE,4,10,100,100,yesno,128,1024,4,128,0.8,TRUE,FALSE,FALSE,FALSE,skipped,completed,completed,50,33.33,0,66.67,25,50,0,160,160,160,61.25,59.84,52.31,67.37,63.09,61.25,68,160,128,160,"{""subtle_gray_stripes_stripe226_bg120"": {""accuracy"": 50.0, ""f1_score"": 33.33, ""correct"": 10, ""total"": 20}, ""subtle_gray_stripes_stripe226_bg121"": {""accuracy"": 50.0, ""f1_score"": 33.33, ""correct"": 10, ""total"": 20}, ""subtle_gray_stripes_stripe226_bg123"": {""accuracy"": 50.0, ""f1_score"": 33.33, ""correct"": 10, ""total"": 20}, ""subtle_gray_stripes_stripe226_bg124"": {""accuracy"": 50.0, ""f1_score"": 33.33, ""correct"": 10, ""total"": 20}, ""subtle_gray_stripes_stripe227_bg120"": {""accuracy"": 50.0, ""f1_score"": 33.33, ""correct"": 10, ""total"": 20}, ""subtle_gray_stripes_stripe227_bg121"": {""accuracy"": 50.0, ""f1_score"": 33.33, ""correct"": 10, ""total"": 20}, ""subtle_gray_stripes_stripe227_bg123"": {""accuracy"": 50.0, ""f1_score"": 33.33, ""correct"": 10, ""total"": 20}, ""subtle_gray_stripes_stripe227_bg124"": {""accuracy"": 50.0, ""f1_score"": 33.33, ""correct"": 10, ""total"": 20}, ""subtle_gray_stripes_stripe228_bg120"": {""accuracy"": 50.0, ""f1_score"": 33.33, ""correct"": 10, ""total"": 20}, ""subtle_gray_stripes_stripe228_bg121"": {""accuracy"": 50.0, ""f1_score"": 33.33, ""correct"": 10, ""total"": 20}, ""subtle_gray_stripes_stripe228_bg123"": {""accuracy"": 50.0, ""f1_score"": 33.33, ""correct"": 10, ""total"": 20}, ""subtle_gray_stripes_stripe228_bg124"": {""accuracy"": 50.0, ""f1_score"": 33.33, ""correct"": 10, ""total"": 20}, ""subtle_gray_stripes_stripe229_bg120"": {""accuracy"": 50.0, ""f1_score"": 33.33, ""correct"": 10, ""total"": 20}, ""subtle_gray_stripes_stripe229_bg121"": {""accuracy"": 50.0, ""f1_score"": 33.33, ""correct"": 10, ""total"": 20}, ""subtle_gray_stripes_stripe229_bg123"": {""accuracy"": 50.0, ""f1_score"": 33.33, ""correct"": 10, ""total"": 20}, ""subtle_gray_stripes_stripe229_bg124"": {""accuracy"": 50.0, ""f1_score"": 33.33, ""correct"": 10, ""total"": 20}}","{""angle0"": {""accuracy"": 50.0, ""f1_score"": 33.33, ""correct"": 80, ""total"": 160}, ""angle30"": {""accuracy"": 50.0, ""f1_score"": 33.33, ""correct"": 80, ""total"": 160}}","{""subtle_gray_stripes_stripe226_bg120"": {""accuracy"": 65.0, ""f1_score"": 60.11, ""correct"": 13, ""total"": 20}, ""subtle_gray_stripes_stripe226_bg121"": {""accuracy"": 40.0, ""f1_score"": 39.39, ""correct"": 8, ""total"": 20}, ""subtle_gray_stripes_stripe226_bg123"": {""accuracy"": 50.0, ""f1_score"": 47.92, ""correct"": 10, ""total"": 20}, ""subtle_gray_stripes_stripe226_bg124"": {""accuracy"": 60.0, ""f1_score"": 58.33, ""correct"": 12, ""total"": 20}, ""subtle_gray_stripes_stripe227_bg120"": {""accuracy"": 75.0, ""f1_score"": 73.33, ""correct"": 15, ""total"": 20}, ""subtle_gray_stripes_stripe227_bg121"": {""accuracy"": 65.0, ""f1_score"": 64.19, ""correct"": 13, ""total"": 20}, ""subtle_gray_stripes_stripe227_bg123"": {""accuracy"": 65.0, ""f1_score"": 64.91, ""correct"": 13, ""total"": 20}, ""subtle_gray_stripes_stripe227_bg124"": {""accuracy"": 65.0, ""f1_score"": 64.19, ""correct"": 13, ""total"": 20}, ""subtle_gray_stripes_stripe228_bg120"": {""accuracy"": 75.0, ""f1_score"": 74.42, ""correct"": 15, ""total"": 20}, ""subtle_gray_stripes_stripe228_bg121"": {""accuracy"": 65.0, ""f1_score"": 64.19, ""correct"": 13, ""total"": 20}, ""subtle_gray_stripes_stripe228_bg123"": {""accuracy"": 60.0, ""f1_score"": 56.04, ""correct"": 12, ""total"": 20}, ""subtle_gray_stripes_stripe228_bg124"": {""accuracy"": 65.0, ""f1_score"": 64.19, ""correct"": 13, ""total"": 20}, ""subtle_gray_stripes_stripe229_bg120"": {""accuracy"": 60.0, ""f1_score"": 56.04, ""correct"": 12, ""total"": 20}, ""subtle_gray_stripes_stripe229_bg121"": {""accuracy"": 65.0, ""f1_score"": 64.91, ""correct"": 13, ""total"": 20}, ""subtle_gray_stripes_stripe229_bg123"": {""accuracy"": 55.0, ""f1_score"": 52.0, ""correct"": 11, ""total"": 20}, ""subtle_gray_stripes_stripe229_bg124"": {""accuracy"": 50.0, ""f1_score"": 47.92, ""correct"": 10, ""total"": 20}}","{""angle0"": {""accuracy"": 63.12, ""f1_score"": 61.69, ""correct"": 101, ""total"": 160}, ""angle30"": {""accuracy"": 59.38, ""f1_score"": 58.0, ""correct"": 95, ""total"": 160}}",,,saves/5epoch_dec9_rslora,5epoch_dec9_rslora,FALSE,rslora,5,,
49,12/9/2025 10:03,20251209_100342,_exp_20251208_230500,_exp_20251208_230500_train,_exp_20251208_230500_test,100,1,42,subtle_gray_stripes,"left,right,up,down","0.0,15.0,30.0,45.0","0.0,14.0",640x480,4,12,0,1,none,1,0,0,0.1,1,0,0,"1.0,1.2",10,60,20,15,0,FALSE,,,,,FALSE,,,,FALSE,subtle_gray_stripes,"left,right,up,down","0.0,15.0,30.0,45.0","0.0,14.0",640x480,4,12,0,1,none,1,0,0,0.1,1,0,0,"1.0,1.2",10,60,15,10,0,FALSE,,,,,FALSE,,,,FALSE,Qwen/Qwen2.5-VL-3B-Instruct,qwen2_vl,saves/5epoch_dec9_oft,8,16,0.05,8192,14,1,5.00E-05,cosine,0.1,FALSE,TRUE,4,10,100,100,yesno,128,1024,4,128,0.8,TRUE,FALSE,FALSE,FALSE,skipped,completed,completed,50,33.33,0,66.67,25,50,0,160,160,160,57.81,53.35,67.78,38.91,62.66,57.81,142,160,43,160,"{""subtle_gray_stripes_stripe226_bg120"": {""accuracy"": 50.0, ""f1_score"": 33.33, ""correct"": 10, ""total"": 20}, ""subtle_gray_stripes_stripe226_bg121"": {""accuracy"": 50.0, ""f1_score"": 33.33, ""correct"": 10, ""total"": 20}, ""subtle_gray_stripes_stripe226_bg123"": {""accuracy"": 50.0, ""f1_score"": 33.33, ""correct"": 10, ""total"": 20}, ""subtle_gray_stripes_stripe226_bg124"": {""accuracy"": 50.0, ""f1_score"": 33.33, ""correct"": 10, ""total"": 20}, ""subtle_gray_stripes_stripe227_bg120"": {""accuracy"": 50.0, ""f1_score"": 33.33, ""correct"": 10, ""total"": 20}, ""subtle_gray_stripes_stripe227_bg121"": {""accuracy"": 50.0, ""f1_score"": 33.33, ""correct"": 10, ""total"": 20}, ""subtle_gray_stripes_stripe227_bg123"": {""accuracy"": 50.0, ""f1_score"": 33.33, ""correct"": 10, ""total"": 20}, ""subtle_gray_stripes_stripe227_bg124"": {""accuracy"": 50.0, ""f1_score"": 33.33, ""correct"": 10, ""total"": 20}, ""subtle_gray_stripes_stripe228_bg120"": {""accuracy"": 50.0, ""f1_score"": 33.33, ""correct"": 10, ""total"": 20}, ""subtle_gray_stripes_stripe228_bg121"": {""accuracy"": 50.0, ""f1_score"": 33.33, ""correct"": 10, ""total"": 20}, ""subtle_gray_stripes_stripe228_bg123"": {""accuracy"": 50.0, ""f1_score"": 33.33, ""correct"": 10, ""total"": 20}, ""subtle_gray_stripes_stripe228_bg124"": {""accuracy"": 50.0, ""f1_score"": 33.33, ""correct"": 10, ""total"": 20}, ""subtle_gray_stripes_stripe229_bg120"": {""accuracy"": 50.0, ""f1_score"": 33.33, ""correct"": 10, ""total"": 20}, ""subtle_gray_stripes_stripe229_bg121"": {""accuracy"": 50.0, ""f1_score"": 33.33, ""correct"": 10, ""total"": 20}, ""subtle_gray_stripes_stripe229_bg123"": {""accuracy"": 50.0, ""f1_score"": 33.33, ""correct"": 10, ""total"": 20}, ""subtle_gray_stripes_stripe229_bg124"": {""accuracy"": 50.0, ""f1_score"": 33.33, ""correct"": 10, ""total"": 20}}","{""angle0"": {""accuracy"": 50.0, ""f1_score"": 33.33, ""correct"": 80, ""total"": 160}, ""angle30"": {""accuracy"": 50.0, ""f1_score"": 33.33, ""correct"": 80, ""total"": 160}}","{""subtle_gray_stripes_stripe226_bg120"": {""accuracy"": 65.0, ""f1_score"": 64.19, ""correct"": 13, ""total"": 20}, ""subtle_gray_stripes_stripe226_bg121"": {""accuracy"": 65.0, ""f1_score"": 62.67, ""correct"": 13, ""total"": 20}, ""subtle_gray_stripes_stripe226_bg123"": {""accuracy"": 60.0, ""f1_score"": 52.38, ""correct"": 12, ""total"": 20}, ""subtle_gray_stripes_stripe226_bg124"": {""accuracy"": 60.0, ""f1_score"": 56.04, ""correct"": 12, ""total"": 20}, ""subtle_gray_stripes_stripe227_bg120"": {""accuracy"": 50.0, ""f1_score"": 45.05, ""correct"": 10, ""total"": 20}, ""subtle_gray_stripes_stripe227_bg121"": {""accuracy"": 60.0, ""f1_score"": 56.04, ""correct"": 12, ""total"": 20}, ""subtle_gray_stripes_stripe227_bg123"": {""accuracy"": 60.0, ""f1_score"": 56.04, ""correct"": 12, ""total"": 20}, ""subtle_gray_stripes_stripe227_bg124"": {""accuracy"": 60.0, ""f1_score"": 52.38, ""correct"": 12, ""total"": 20}, ""subtle_gray_stripes_stripe228_bg120"": {""accuracy"": 60.0, ""f1_score"": 56.04, ""correct"": 12, ""total"": 20}, ""subtle_gray_stripes_stripe228_bg121"": {""accuracy"": 40.0, ""f1_score"": 28.57, ""correct"": 8, ""total"": 20}, ""subtle_gray_stripes_stripe228_bg123"": {""accuracy"": 60.0, ""f1_score"": 58.33, ""correct"": 12, ""total"": 20}, ""subtle_gray_stripes_stripe228_bg124"": {""accuracy"": 60.0, ""f1_score"": 52.38, ""correct"": 12, ""total"": 20}, ""subtle_gray_stripes_stripe229_bg120"": {""accuracy"": 50.0, ""f1_score"": 45.05, ""correct"": 10, ""total"": 20}, ""subtle_gray_stripes_stripe229_bg121"": {""accuracy"": 50.0, ""f1_score"": 40.48, ""correct"": 10, ""total"": 20}, ""subtle_gray_stripes_stripe229_bg123"": {""accuracy"": 55.0, ""f1_score"": 48.72, ""correct"": 11, ""total"": 20}, ""subtle_gray_stripes_stripe229_bg124"": {""accuracy"": 70.0, ""f1_score"": 68.75, ""correct"": 14, ""total"": 20}}","{""angle0"": {""accuracy"": 58.13, ""f1_score"": 53.79, ""correct"": 93, ""total"": 160}, ""angle30"": {""accuracy"": 57.5, ""f1_score"": 52.9, ""correct"": 92, ""total"": 160}}",,,saves/5epoch_dec9_oft,5epoch_dec9_oft,FALSE,oft,5,,
50,12/9/2025 10:47,20251209_104733,_exp_20251209_dist_augment,_exp_20251209_dist_augment_train,_exp_20251209_dist_augment_test,100,1,42,subtle_gray_stripes,"left,right,up,down","0.0,15.0,30.0,45.0","0.0,14.0",640x480,4,12,0,1,none,1,0,0,0.1,1,0,0,"1.0,1.2",10,60,20,15,0,FALSE,,,,,FALSE,,,,FALSE,subtle_gray_stripes,"left,right,up,down","0.0,15.0,30.0,45.0","0.0,14.0",640x480,4,12,0,1,none,1,0,0,0.1,1,0,0,"1.0,1.2",10,60,15,10,0,FALSE,,,,,FALSE,,,,FALSE,Qwen/Qwen2.5-VL-3B-Instruct,qwen2_vl,saves/dist_augment_loraplus_dec9,8,16,0.05,8192,14,1,5.00E-05,cosine,0.1,FALSE,TRUE,4,10,100,100,yesno,128,1024,4,128,0.8,TRUE,FALSE,FALSE,FALSE,skipped,completed,completed,50,33.33,0,66.67,25,50,0,160,160,160,60,52.66,34.02,71.3,76.33,60,33,160,159,160,"{""subtle_gray_stripes_stripe226_bg120"": {""accuracy"": 50.0, ""f1_score"": 33.33, ""correct"": 10, ""total"": 20}, ""subtle_gray_stripes_stripe226_bg121"": {""accuracy"": 50.0, ""f1_score"": 33.33, ""correct"": 10, ""total"": 20}, ""subtle_gray_stripes_stripe226_bg123"": {""accuracy"": 50.0, ""f1_score"": 33.33, ""correct"": 10, ""total"": 20}, ""subtle_gray_stripes_stripe226_bg124"": {""accuracy"": 50.0, ""f1_score"": 33.33, ""correct"": 10, ""total"": 20}, ""subtle_gray_stripes_stripe227_bg120"": {""accuracy"": 50.0, ""f1_score"": 33.33, ""correct"": 10, ""total"": 20}, ""subtle_gray_stripes_stripe227_bg121"": {""accuracy"": 50.0, ""f1_score"": 33.33, ""correct"": 10, ""total"": 20}, ""subtle_gray_stripes_stripe227_bg123"": {""accuracy"": 50.0, ""f1_score"": 33.33, ""correct"": 10, ""total"": 20}, ""subtle_gray_stripes_stripe227_bg124"": {""accuracy"": 50.0, ""f1_score"": 33.33, ""correct"": 10, ""total"": 20}, ""subtle_gray_stripes_stripe228_bg120"": {""accuracy"": 50.0, ""f1_score"": 33.33, ""correct"": 10, ""total"": 20}, ""subtle_gray_stripes_stripe228_bg121"": {""accuracy"": 50.0, ""f1_score"": 33.33, ""correct"": 10, ""total"": 20}, ""subtle_gray_stripes_stripe228_bg123"": {""accuracy"": 50.0, ""f1_score"": 33.33, ""correct"": 10, ""total"": 20}, ""subtle_gray_stripes_stripe228_bg124"": {""accuracy"": 50.0, ""f1_score"": 33.33, ""correct"": 10, ""total"": 20}, ""subtle_gray_stripes_stripe229_bg120"": {""accuracy"": 50.0, ""f1_score"": 33.33, ""correct"": 10, ""total"": 20}, ""subtle_gray_stripes_stripe229_bg121"": {""accuracy"": 50.0, ""f1_score"": 33.33, ""correct"": 10, ""total"": 20}, ""subtle_gray_stripes_stripe229_bg123"": {""accuracy"": 50.0, ""f1_score"": 33.33, ""correct"": 10, ""total"": 20}, ""subtle_gray_stripes_stripe229_bg124"": {""accuracy"": 50.0, ""f1_score"": 33.33, ""correct"": 10, ""total"": 20}}","{""angle0"": {""accuracy"": 50.0, ""f1_score"": 33.33, ""correct"": 80, ""total"": 160}, ""angle30"": {""accuracy"": 50.0, ""f1_score"": 33.33, ""correct"": 80, ""total"": 160}}","{""subtle_gray_stripes_stripe226_bg120"": {""accuracy"": 60.0, ""f1_score"": 52.38, ""correct"": 12, ""total"": 20}, ""subtle_gray_stripes_stripe226_bg121"": {""accuracy"": 60.0, ""f1_score"": 52.38, ""correct"": 12, ""total"": 20}, ""subtle_gray_stripes_stripe226_bg123"": {""accuracy"": 60.0, ""f1_score"": 52.38, ""correct"": 12, ""total"": 20}, ""subtle_gray_stripes_stripe226_bg124"": {""accuracy"": 60.0, ""f1_score"": 52.38, ""correct"": 12, ""total"": 20}, ""subtle_gray_stripes_stripe227_bg120"": {""accuracy"": 60.0, ""f1_score"": 52.38, ""correct"": 12, ""total"": 20}, ""subtle_gray_stripes_stripe227_bg121"": {""accuracy"": 60.0, ""f1_score"": 52.38, ""correct"": 12, ""total"": 20}, ""subtle_gray_stripes_stripe227_bg123"": {""accuracy"": 60.0, ""f1_score"": 52.38, ""correct"": 12, ""total"": 20}, ""subtle_gray_stripes_stripe227_bg124"": {""accuracy"": 60.0, ""f1_score"": 52.38, ""correct"": 12, ""total"": 20}, ""subtle_gray_stripes_stripe228_bg120"": {""accuracy"": 60.0, ""f1_score"": 52.38, ""correct"": 12, ""total"": 20}, ""subtle_gray_stripes_stripe228_bg121"": {""accuracy"": 60.0, ""f1_score"": 52.38, ""correct"": 12, ""total"": 20}, ""subtle_gray_stripes_stripe228_bg123"": {""accuracy"": 60.0, ""f1_score"": 52.38, ""correct"": 12, ""total"": 20}, ""subtle_gray_stripes_stripe228_bg124"": {""accuracy"": 60.0, ""f1_score"": 52.38, ""correct"": 12, ""total"": 20}, ""subtle_gray_stripes_stripe229_bg120"": {""accuracy"": 65.0, ""f1_score"": 60.11, ""correct"": 13, ""total"": 20}, ""subtle_gray_stripes_stripe229_bg121"": {""accuracy"": 60.0, ""f1_score"": 52.38, ""correct"": 12, ""total"": 20}, ""subtle_gray_stripes_stripe229_bg123"": {""accuracy"": 55.0, ""f1_score"": 48.72, ""correct"": 11, ""total"": 20}, ""subtle_gray_stripes_stripe229_bg124"": {""accuracy"": 60.0, ""f1_score"": 52.38, ""correct"": 12, ""total"": 20}}","{""angle0"": {""accuracy"": 60.62, ""f1_score"": 53.4, ""correct"": 97, ""total"": 160}, ""angle30"": {""accuracy"": 59.38, ""f1_score"": 51.92, ""correct"": 95, ""total"": 160}}",,,saves/dist_augment_loraplus_dec9,dist_augment_loraplus_dec9,FALSE,lora+,7,,
51,12/9/2025 12:09,20251209_120909,_exp_20251209_dist_augment,_exp_20251209_dist_augment_train,_exp_20251209_dist_augment_test,100,1,42,subtle_gray_stripes,"left,right,up,down","0.0,15.0,30.0,45.0","0.0,14.0",640x480,4,12,0,1,none,1,0,0,0.1,1,0,0,"1.0,1.2",10,60,20,15,0,FALSE,,,,,FALSE,,,,FALSE,subtle_gray_stripes,"left,right,up,down","0.0,15.0,30.0,45.0","0.0,14.0",640x480,4,12,0,1,none,1,0,0,0.1,1,0,0,"1.0,1.2",10,60,15,10,0,FALSE,,,,,FALSE,,,,FALSE,Qwen/Qwen2.5-VL-3B-Instruct,qwen2_vl,saves/dist_augment_loraplus_20ep_dec9,8,16,0.05,8192,14,1,5.00E-05,cosine,0.1,FALSE,TRUE,4,10,100,100,yesno,128,1024,4,128,0.8,TRUE,FALSE,FALSE,FALSE,skipped,in_progress,pending,,,,,,,,,,,,,,,,,,,,,,,,,,,saves/dist_augment_loraplus_20ep_dec9,dist_augment_loraplus_20ep_dec9,FALSE,lora+,20,,
52,12/9/2025 12:14,20251209_121452,real_world_test_my_treadmill,real_world_test_my_treadmill_train,real_world_test_my_treadmill_test,100,1,42,subtle_gray_stripes,"left,right,up,down","0.0,15.0,30.0,45.0","0.0,14.0",640x480,4,12,0,1,none,1,0,0,0.1,1,0,0,"1.0,1.2",10,60,20,15,0,FALSE,,,,,FALSE,,,,FALSE,subtle_gray_stripes,"left,right,up,down","0.0,15.0,30.0,45.0","0.0,14.0",640x480,4,12,0,1,none,1,0,0,0.1,1,0,0,"1.0,1.2",10,60,15,10,0,FALSE,,,,,FALSE,,,,FALSE,Qwen/Qwen2.5-VL-3B-Instruct,qwen2_vl,saves/5epoch_dec9_loraplus,8,16,0.05,8192,1,8,5.00E-05,cosine,0.1,FALSE,TRUE,4,10,100,100,yesno,128,1024,4,128,0.8,TRUE,TRUE,FALSE,FALSE,failed,failed,failed,,,,,,,,,,,,,,,,,,,,,,,,,,,saves/5epoch_dec9_loraplus,,FALSE,lora,5,,
53,12/9/2025 12:33,20251209_123320,real_world_test_my_treadmill_processed,real_world_test_my_treadmill_processed_train,real_world_test_my_treadmill_processed_test,100,1,42,subtle_gray_stripes,"left,right,up,down","0.0,15.0,30.0,45.0","0.0,14.0",640x480,4,12,0,1,none,1,0,0,0.1,1,0,0,"1.0,1.2",10,60,20,15,0,FALSE,,,,,FALSE,,,,FALSE,subtle_gray_stripes,"left,right,up,down","0.0,15.0,30.0,45.0","0.0,14.0",640x480,4,12,0,1,none,1,0,0,0.1,1,0,0,"1.0,1.2",10,60,15,10,0,FALSE,,,,,FALSE,,,,FALSE,Qwen/Qwen2.5-VL-3B-Instruct,qwen2_vl,saves/5epoch_dec9_loraplus,8,16,0.05,8192,1,8,5.00E-05,cosine,0.1,FALSE,TRUE,4,10,100,100,yesno,128,1024,4,128,0.8,TRUE,TRUE,FALSE,FALSE,skipped,skipped,completed,50,33.33,0,66.67,25,50,0,40,40,40,52.5,51.41,44.12,58.7,52.75,52.5,15,40,27,40,"{""realworld"": {""accuracy"": 50.0, ""f1_score"": 33.33, ""correct"": 40, ""total"": 80}}","{""angle0"": {""accuracy"": 50.0, ""f1_score"": 33.33, ""correct"": 40, ""total"": 80}}","{""realworld"": {""accuracy"": 52.5, ""f1_score"": 51.41, ""correct"": 42, ""total"": 80}}","{""angle0"": {""accuracy"": 52.5, ""f1_score"": 51.41, ""correct"": 42, ""total"": 80}}",,,saves/5epoch_dec9_loraplus,,FALSE,lora,5,,
54,12/9/2025 12:53,20251209_125321,_exp_20251209_dist_augment,_exp_20251209_dist_augment_train,_exp_20251209_dist_augment_test,100,1,42,subtle_gray_stripes,"left,right,up,down","0.0,15.0,30.0,45.0","0.0,14.0",640x480,4,12,0,1,none,1,0,0,0.1,1,0,0,"1.0,1.2",10,60,20,15,0,FALSE,,,,,FALSE,,,,FALSE,subtle_gray_stripes,"left,right,up,down","0.0,15.0,30.0,45.0","0.0,14.0",640x480,4,12,0,1,none,1,0,0,0.1,1,0,0,"1.0,1.2",10,60,15,10,0,FALSE,,,,,FALSE,,,,FALSE,Qwen/Qwen2.5-VL-3B-Instruct,qwen2_vl,saves/dist_augment_loraplus_20ep_dec9,8,16,0.05,8192,14,1,5.00E-05,cosine,0.1,FALSE,TRUE,4,10,100,100,yesno,128,1024,4,128,0.8,TRUE,FALSE,FALSE,FALSE,skipped,completed,completed,50,33.33,0,66.67,25,50,0,160,160,160,60.31,53.17,34.87,71.46,76.47,60.31,34,160,159,160,"{""subtle_gray_stripes_stripe226_bg120"": {""accuracy"": 50.0, ""f1_score"": 33.33, ""correct"": 10, ""total"": 20}, ""subtle_gray_stripes_stripe226_bg121"": {""accuracy"": 50.0, ""f1_score"": 33.33, ""correct"": 10, ""total"": 20}, ""subtle_gray_stripes_stripe226_bg123"": {""accuracy"": 50.0, ""f1_score"": 33.33, ""correct"": 10, ""total"": 20}, ""subtle_gray_stripes_stripe226_bg124"": {""accuracy"": 50.0, ""f1_score"": 33.33, ""correct"": 10, ""total"": 20}, ""subtle_gray_stripes_stripe227_bg120"": {""accuracy"": 50.0, ""f1_score"": 33.33, ""correct"": 10, ""total"": 20}, ""subtle_gray_stripes_stripe227_bg121"": {""accuracy"": 50.0, ""f1_score"": 33.33, ""correct"": 10, ""total"": 20}, ""subtle_gray_stripes_stripe227_bg123"": {""accuracy"": 50.0, ""f1_score"": 33.33, ""correct"": 10, ""total"": 20}, ""subtle_gray_stripes_stripe227_bg124"": {""accuracy"": 50.0, ""f1_score"": 33.33, ""correct"": 10, ""total"": 20}, ""subtle_gray_stripes_stripe228_bg120"": {""accuracy"": 50.0, ""f1_score"": 33.33, ""correct"": 10, ""total"": 20}, ""subtle_gray_stripes_stripe228_bg121"": {""accuracy"": 50.0, ""f1_score"": 33.33, ""correct"": 10, ""total"": 20}, ""subtle_gray_stripes_stripe228_bg123"": {""accuracy"": 50.0, ""f1_score"": 33.33, ""correct"": 10, ""total"": 20}, ""subtle_gray_stripes_stripe228_bg124"": {""accuracy"": 50.0, ""f1_score"": 33.33, ""correct"": 10, ""total"": 20}, ""subtle_gray_stripes_stripe229_bg120"": {""accuracy"": 50.0, ""f1_score"": 33.33, ""correct"": 10, ""total"": 20}, ""subtle_gray_stripes_stripe229_bg121"": {""accuracy"": 50.0, ""f1_score"": 33.33, ""correct"": 10, ""total"": 20}, ""subtle_gray_stripes_stripe229_bg123"": {""accuracy"": 50.0, ""f1_score"": 33.33, ""correct"": 10, ""total"": 20}, ""subtle_gray_stripes_stripe229_bg124"": {""accuracy"": 50.0, ""f1_score"": 33.33, ""correct"": 10, ""total"": 20}}","{""angle0"": {""accuracy"": 50.0, ""f1_score"": 33.33, ""correct"": 80, ""total"": 160}, ""angle30"": {""accuracy"": 50.0, ""f1_score"": 33.33, ""correct"": 80, ""total"": 160}}","{""subtle_gray_stripes_stripe226_bg120"": {""accuracy"": 60.0, ""f1_score"": 52.38, ""correct"": 12, ""total"": 20}, ""subtle_gray_stripes_stripe226_bg121"": {""accuracy"": 60.0, ""f1_score"": 52.38, ""correct"": 12, ""total"": 20}, ""subtle_gray_stripes_stripe226_bg123"": {""accuracy"": 60.0, ""f1_score"": 52.38, ""correct"": 12, ""total"": 20}, ""subtle_gray_stripes_stripe226_bg124"": {""accuracy"": 60.0, ""f1_score"": 52.38, ""correct"": 12, ""total"": 20}, ""subtle_gray_stripes_stripe227_bg120"": {""accuracy"": 60.0, ""f1_score"": 52.38, ""correct"": 12, ""total"": 20}, ""subtle_gray_stripes_stripe227_bg121"": {""accuracy"": 60.0, ""f1_score"": 52.38, ""correct"": 12, ""total"": 20}, ""subtle_gray_stripes_stripe227_bg123"": {""accuracy"": 60.0, ""f1_score"": 52.38, ""correct"": 12, ""total"": 20}, ""subtle_gray_stripes_stripe227_bg124"": {""accuracy"": 60.0, ""f1_score"": 52.38, ""correct"": 12, ""total"": 20}, ""subtle_gray_stripes_stripe228_bg120"": {""accuracy"": 60.0, ""f1_score"": 52.38, ""correct"": 12, ""total"": 20}, ""subtle_gray_stripes_stripe228_bg121"": {""accuracy"": 60.0, ""f1_score"": 52.38, ""correct"": 12, ""total"": 20}, ""subtle_gray_stripes_stripe228_bg123"": {""accuracy"": 65.0, ""f1_score"": 60.11, ""correct"": 13, ""total"": 20}, ""subtle_gray_stripes_stripe228_bg124"": {""accuracy"": 60.0, ""f1_score"": 52.38, ""correct"": 12, ""total"": 20}, ""subtle_gray_stripes_stripe229_bg120"": {""accuracy"": 65.0, ""f1_score"": 60.11, ""correct"": 13, ""total"": 20}, ""subtle_gray_stripes_stripe229_bg121"": {""accuracy"": 60.0, ""f1_score"": 52.38, ""correct"": 12, ""total"": 20}, ""subtle_gray_stripes_stripe229_bg123"": {""accuracy"": 55.0, ""f1_score"": 48.72, ""correct"": 11, ""total"": 20}, ""subtle_gray_stripes_stripe229_bg124"": {""accuracy"": 60.0, ""f1_score"": 52.38, ""correct"": 12, ""total"": 20}}","{""angle0"": {""accuracy"": 61.25, ""f1_score"": 54.4, ""correct"": 98, ""total"": 160}, ""angle30"": {""accuracy"": 59.38, ""f1_score"": 51.92, ""correct"": 95, ""total"": 160}}",,,saves/dist_augment_loraplus_20ep_dec9,dist_augment_loraplus_20ep_dec9,FALSE,lora+,20,,
55,12/9/2025 13:33,20251209_133302,real_world_test_my_treadmill_processed,real_world_test_my_treadmill_processed_train,real_world_test_my_treadmill_processed_test,100,1,42,subtle_gray_stripes,"left,right,up,down","0.0,15.0,30.0,45.0","0.0,14.0",640x480,4,12,0,1,none,1,0,0,0.1,1,0,0,"1.0,1.2",10,60,20,15,0,FALSE,,,,,FALSE,,,,FALSE,subtle_gray_stripes,"left,right,up,down","0.0,15.0,30.0,45.0","0.0,14.0",640x480,4,12,0,1,none,1,0,0,0.1,1,0,0,"1.0,1.2",10,60,15,10,0,FALSE,,,,,FALSE,,,,FALSE,Qwen/Qwen2.5-VL-3B-Instruct,qwen2_vl,saves/5epoch_dec9_lora,8,16,0.05,8192,1,8,5.00E-05,cosine,0.1,FALSE,TRUE,4,10,100,100,yesno,128,1024,4,128,0.8,TRUE,TRUE,FALSE,FALSE,skipped,skipped,completed,50,33.33,0,66.67,25,50,0,40,40,40,53.75,53.57,50.67,56.47,53.81,53.75,19,40,24,40,"{""realworld"": {""accuracy"": 50.0, ""f1_score"": 33.33, ""correct"": 40, ""total"": 80}}","{""angle0"": {""accuracy"": 50.0, ""f1_score"": 33.33, ""correct"": 40, ""total"": 80}}","{""realworld"": {""accuracy"": 53.75, ""f1_score"": 53.57, ""correct"": 43, ""total"": 80}}","{""angle0"": {""accuracy"": 53.75, ""f1_score"": 53.57, ""correct"": 43, ""total"": 80}}",,,saves/5epoch_dec9_lora,,FALSE,lora,5,,
56,12/9/2025 13:39,20251209_133937,real_world_test_my_treadmill_processed,real_world_test_my_treadmill_processed_train,real_world_test_my_treadmill_processed_test,100,1,42,subtle_gray_stripes,"left,right,up,down","0.0,15.0,30.0,45.0","0.0,14.0",640x480,4,12,0,1,none,1,0,0,0.1,1,0,0,"1.0,1.2",10,60,20,15,0,FALSE,,,,,FALSE,,,,FALSE,subtle_gray_stripes,"left,right,up,down","0.0,15.0,30.0,45.0","0.0,14.0",640x480,4,12,0,1,none,1,0,0,0.1,1,0,0,"1.0,1.2",10,60,15,10,0,FALSE,,,,,FALSE,,,,FALSE,Qwen/Qwen2.5-VL-3B-Instruct,qwen2_vl,saves/5epoch_dec9_loraplus,8,16,0.05,8192,1,8,5.00E-05,cosine,0.1,FALSE,TRUE,4,10,100,100,yesno,128,1024,4,128,0.8,TRUE,TRUE,FALSE,FALSE,skipped,skipped,completed,50,33.33,0,66.67,25,50,0,40,40,40,52.5,51.41,44.12,58.7,52.75,52.5,15,40,27,40,"{""realworld"": {""accuracy"": 50.0, ""f1_score"": 33.33, ""correct"": 40, ""total"": 80}}","{""angle0"": {""accuracy"": 50.0, ""f1_score"": 33.33, ""correct"": 40, ""total"": 80}}","{""realworld"": {""accuracy"": 52.5, ""f1_score"": 51.41, ""correct"": 42, ""total"": 80}}","{""angle0"": {""accuracy"": 52.5, ""f1_score"": 51.41, ""correct"": 42, ""total"": 80}}",,,saves/5epoch_dec9_loraplus,,FALSE,lora,5,,
57,12/9/2025 13:46,20251209_134610,real_world_test_my_treadmill_processed,real_world_test_my_treadmill_processed_train,real_world_test_my_treadmill_processed_test,100,1,42,subtle_gray_stripes,"left,right,up,down","0.0,15.0,30.0,45.0","0.0,14.0",640x480,4,12,0,1,none,1,0,0,0.1,1,0,0,"1.0,1.2",10,60,20,15,0,FALSE,,,,,FALSE,,,,FALSE,subtle_gray_stripes,"left,right,up,down","0.0,15.0,30.0,45.0","0.0,14.0",640x480,4,12,0,1,none,1,0,0,0.1,1,0,0,"1.0,1.2",10,60,15,10,0,FALSE,,,,,FALSE,,,,FALSE,Qwen/Qwen2.5-VL-3B-Instruct,qwen2_vl,saves/5epoch_dec9_dora,8,16,0.05,8192,1,8,5.00E-05,cosine,0.1,FALSE,TRUE,4,10,100,100,yesno,128,1024,4,128,0.8,TRUE,TRUE,FALSE,FALSE,skipped,skipped,completed,50,33.33,0,66.67,25,50,0,40,40,40,53.75,53.57,50.67,56.47,53.81,53.75,19,40,24,40,"{""realworld"": {""accuracy"": 50.0, ""f1_score"": 33.33, ""correct"": 40, ""total"": 80}}","{""angle0"": {""accuracy"": 50.0, ""f1_score"": 33.33, ""correct"": 40, ""total"": 80}}","{""realworld"": {""accuracy"": 53.75, ""f1_score"": 53.57, ""correct"": 43, ""total"": 80}}","{""angle0"": {""accuracy"": 53.75, ""f1_score"": 53.57, ""correct"": 43, ""total"": 80}}",,,saves/5epoch_dec9_dora,,FALSE,lora,5,,
58,12/9/2025 13:53,20251209_135326,real_world_test_my_treadmill_processed,real_world_test_my_treadmill_processed_train,real_world_test_my_treadmill_processed_test,100,1,42,subtle_gray_stripes,"left,right,up,down","0.0,15.0,30.0,45.0","0.0,14.0",640x480,4,12,0,1,none,1,0,0,0.1,1,0,0,"1.0,1.2",10,60,20,15,0,FALSE,,,,,FALSE,,,,FALSE,subtle_gray_stripes,"left,right,up,down","0.0,15.0,30.0,45.0","0.0,14.0",640x480,4,12,0,1,none,1,0,0,0.1,1,0,0,"1.0,1.2",10,60,15,10,0,FALSE,,,,,FALSE,,,,FALSE,Qwen/Qwen2.5-VL-3B-Instruct,qwen2_vl,saves/5epoch_dec9_rslora,8,16,0.05,8192,1,8,5.00E-05,cosine,0.1,FALSE,TRUE,4,10,100,100,yesno,128,1024,4,128,0.8,TRUE,TRUE,FALSE,FALSE,skipped,skipped,completed,50,33.33,0,66.67,25,50,0,40,40,40,51.25,49.93,41.79,58.06,51.4,51.25,14,40,27,40,"{""realworld"": {""accuracy"": 50.0, ""f1_score"": 33.33, ""correct"": 40, ""total"": 80}}","{""angle0"": {""accuracy"": 50.0, ""f1_score"": 33.33, ""correct"": 40, ""total"": 80}}","{""realworld"": {""accuracy"": 51.25, ""f1_score"": 49.93, ""correct"": 41, ""total"": 80}}","{""angle0"": {""accuracy"": 51.25, ""f1_score"": 49.93, ""correct"": 41, ""total"": 80}}",,,saves/5epoch_dec9_rslora,,FALSE,lora,5,,
59,12/9/2025 14:00,20251209_140010,real_world_test_my_treadmill_processed,real_world_test_my_treadmill_processed_train,real_world_test_my_treadmill_processed_test,100,1,42,subtle_gray_stripes,"left,right,up,down","0.0,15.0,30.0,45.0","0.0,14.0",640x480,4,12,0,1,none,1,0,0,0.1,1,0,0,"1.0,1.2",10,60,20,15,0,FALSE,,,,,FALSE,,,,FALSE,subtle_gray_stripes,"left,right,up,down","0.0,15.0,30.0,45.0","0.0,14.0",640x480,4,12,0,1,none,1,0,0,0.1,1,0,0,"1.0,1.2",10,60,15,10,0,FALSE,,,,,FALSE,,,,FALSE,Qwen/Qwen2.5-VL-3B-Instruct,qwen2_vl,saves/5epoch_dec9_oft,8,16,0.05,8192,1,8,5.00E-05,cosine,0.1,FALSE,TRUE,4,10,100,100,yesno,128,1024,4,128,0.8,TRUE,TRUE,FALSE,FALSE,skipped,skipped,completed,50,33.33,0,66.67,25,50,0,40,40,40,60,58.33,66.67,50,61.9,60,32,40,16,40,"{""realworld"": {""accuracy"": 50.0, ""f1_score"": 33.33, ""correct"": 40, ""total"": 80}}","{""angle0"": {""accuracy"": 50.0, ""f1_score"": 33.33, ""correct"": 40, ""total"": 80}}","{""realworld"": {""accuracy"": 60.0, ""f1_score"": 58.33, ""correct"": 48, ""total"": 80}}","{""angle0"": {""accuracy"": 60.0, ""f1_score"": 58.33, ""correct"": 48, ""total"": 80}}",,,saves/5epoch_dec9_oft,,FALSE,lora,5,,
60,12/9/2025 14:06,20251209_140645,_exp_20251209_dist_augment_x5,_exp_20251209_dist_augment_x5_train,_exp_20251209_dist_augment_x5_test,100,1,42,subtle_gray_stripes,"left,right,up,down","0.0,15.0,30.0,45.0","0.0,14.0",640x480,4,12,0,1,none,1,0,0,0.1,1,0,0,"1.0,1.2",10,60,20,15,0,FALSE,,,,,FALSE,,,,FALSE,subtle_gray_stripes,"left,right,up,down","0.0,15.0,30.0,45.0","0.0,14.0",640x480,4,12,0,1,none,1,0,0,0.1,1,0,0,"1.0,1.2",10,60,15,10,0,FALSE,,,,,FALSE,,,,FALSE,Qwen/Qwen2.5-VL-3B-Instruct,qwen2_vl,saves/dist_augment_x5_loraplus_5ep,8,16,0.05,8192,14,1,5.00E-05,cosine,0.1,FALSE,TRUE,4,10,100,100,yesno,128,1024,4,128,0.8,TRUE,FALSE,FALSE,FALSE,skipped,completed,completed,50,33.33,0,66.67,25,50,0,160,160,160,60,52.38,33.33,71.43,77.78,60,32,160,160,160,"{""subtle_gray_stripes_stripe226_bg120"": {""accuracy"": 50.0, ""f1_score"": 33.33, ""correct"": 10, ""total"": 20}, ""subtle_gray_stripes_stripe226_bg121"": {""accuracy"": 50.0, ""f1_score"": 33.33, ""correct"": 10, ""total"": 20}, ""subtle_gray_stripes_stripe226_bg123"": {""accuracy"": 50.0, ""f1_score"": 33.33, ""correct"": 10, ""total"": 20}, ""subtle_gray_stripes_stripe226_bg124"": {""accuracy"": 50.0, ""f1_score"": 33.33, ""correct"": 10, ""total"": 20}, ""subtle_gray_stripes_stripe227_bg120"": {""accuracy"": 50.0, ""f1_score"": 33.33, ""correct"": 10, ""total"": 20}, ""subtle_gray_stripes_stripe227_bg121"": {""accuracy"": 50.0, ""f1_score"": 33.33, ""correct"": 10, ""total"": 20}, ""subtle_gray_stripes_stripe227_bg123"": {""accuracy"": 50.0, ""f1_score"": 33.33, ""correct"": 10, ""total"": 20}, ""subtle_gray_stripes_stripe227_bg124"": {""accuracy"": 50.0, ""f1_score"": 33.33, ""correct"": 10, ""total"": 20}, ""subtle_gray_stripes_stripe228_bg120"": {""accuracy"": 50.0, ""f1_score"": 33.33, ""correct"": 10, ""total"": 20}, ""subtle_gray_stripes_stripe228_bg121"": {""accuracy"": 50.0, ""f1_score"": 33.33, ""correct"": 10, ""total"": 20}, ""subtle_gray_stripes_stripe228_bg123"": {""accuracy"": 50.0, ""f1_score"": 33.33, ""correct"": 10, ""total"": 20}, ""subtle_gray_stripes_stripe228_bg124"": {""accuracy"": 50.0, ""f1_score"": 33.33, ""correct"": 10, ""total"": 20}, ""subtle_gray_stripes_stripe229_bg120"": {""accuracy"": 50.0, ""f1_score"": 33.33, ""correct"": 10, ""total"": 20}, ""subtle_gray_stripes_stripe229_bg121"": {""accuracy"": 50.0, ""f1_score"": 33.33, ""correct"": 10, ""total"": 20}, ""subtle_gray_stripes_stripe229_bg123"": {""accuracy"": 50.0, ""f1_score"": 33.33, ""correct"": 10, ""total"": 20}, ""subtle_gray_stripes_stripe229_bg124"": {""accuracy"": 50.0, ""f1_score"": 33.33, ""correct"": 10, ""total"": 20}}","{""angle0"": {""accuracy"": 50.0, ""f1_score"": 33.33, ""correct"": 80, ""total"": 160}, ""angle30"": {""accuracy"": 50.0, ""f1_score"": 33.33, ""correct"": 80, ""total"": 160}}","{""subtle_gray_stripes_stripe226_bg120"": {""accuracy"": 60.0, ""f1_score"": 52.38, ""correct"": 12, ""total"": 20}, ""subtle_gray_stripes_stripe226_bg121"": {""accuracy"": 60.0, ""f1_score"": 52.38, ""correct"": 12, ""total"": 20}, ""subtle_gray_stripes_stripe226_bg123"": {""accuracy"": 60.0, ""f1_score"": 52.38, ""correct"": 12, ""total"": 20}, ""subtle_gray_stripes_stripe226_bg124"": {""accuracy"": 60.0, ""f1_score"": 52.38, ""correct"": 12, ""total"": 20}, ""subtle_gray_stripes_stripe227_bg120"": {""accuracy"": 60.0, ""f1_score"": 52.38, ""correct"": 12, ""total"": 20}, ""subtle_gray_stripes_stripe227_bg121"": {""accuracy"": 60.0, ""f1_score"": 52.38, ""correct"": 12, ""total"": 20}, ""subtle_gray_stripes_stripe227_bg123"": {""accuracy"": 60.0, ""f1_score"": 52.38, ""correct"": 12, ""total"": 20}, ""subtle_gray_stripes_stripe227_bg124"": {""accuracy"": 60.0, ""f1_score"": 52.38, ""correct"": 12, ""total"": 20}, ""subtle_gray_stripes_stripe228_bg120"": {""accuracy"": 60.0, ""f1_score"": 52.38, ""correct"": 12, ""total"": 20}, ""subtle_gray_stripes_stripe228_bg121"": {""accuracy"": 60.0, ""f1_score"": 52.38, ""correct"": 12, ""total"": 20}, ""subtle_gray_stripes_stripe228_bg123"": {""accuracy"": 60.0, ""f1_score"": 52.38, ""correct"": 12, ""total"": 20}, ""subtle_gray_stripes_stripe228_bg124"": {""accuracy"": 60.0, ""f1_score"": 52.38, ""correct"": 12, ""total"": 20}, ""subtle_gray_stripes_stripe229_bg120"": {""accuracy"": 60.0, ""f1_score"": 52.38, ""correct"": 12, ""total"": 20}, ""subtle_gray_stripes_stripe229_bg121"": {""accuracy"": 60.0, ""f1_score"": 52.38, ""correct"": 12, ""total"": 20}, ""subtle_gray_stripes_stripe229_bg123"": {""accuracy"": 60.0, ""f1_score"": 52.38, ""correct"": 12, ""total"": 20}, ""subtle_gray_stripes_stripe229_bg124"": {""accuracy"": 60.0, ""f1_score"": 52.38, ""correct"": 12, ""total"": 20}}","{""angle0"": {""accuracy"": 60.0, ""f1_score"": 52.38, ""correct"": 96, ""total"": 160}, ""angle30"": {""accuracy"": 60.0, ""f1_score"": 52.38, ""correct"": 96, ""total"": 160}}",,,saves/dist_augment_x5_loraplus_5ep,dist_augment_x5_loraplus_5ep,FALSE,lora+,5,,
61,12/9/2025 15:18,20251209_151802,_exp_20251209_dist_augment_x5_combined,_exp_20251209_dist_augment_x5_combined_train,_exp_20251209_dist_augment_x5_combined_test,100,1,42,subtle_gray_stripes,"left,right,up,down","0.0,15.0,30.0,45.0","0.0,14.0",640x480,4,12,0,1,none,1,0,0,0.1,1,0,0,"1.0,1.2",10,60,20,15,0,FALSE,,,,,FALSE,,,,FALSE,subtle_gray_stripes,"left,right,up,down","0.0,15.0,30.0,45.0","0.0,14.0",640x480,4,12,0,1,none,1,0,0,0.1,1,0,0,"1.0,1.2",10,60,15,10,0,FALSE,,,,,FALSE,,,,FALSE,Qwen/Qwen2.5-VL-3B-Instruct,qwen2_vl,saves/dist_augment_x5_combined_loraplus_5ep,8,16,0.05,8192,14,1,5.00E-05,cosine,0.1,FALSE,TRUE,4,10,100,100,yesno,128,1024,4,128,0.8,TRUE,FALSE,FALSE,FALSE,failed,failed,failed,,,,,,,,,,,,,,,,,,,,,,,,,,,saves/dist_augment_x5_combined_loraplus_5ep,dist_augment_x5_combined_loraplus_5ep,FALSE,lora+,5,,
62,12/9/2025 15:29,20251209_152900,_exp_20251209_dist_augment_x5_combined,_exp_20251209_dist_augment_x5_combined_train,_exp_20251209_dist_augment_x5_combined_test,100,1,42,subtle_gray_stripes,"left,right,up,down","0.0,15.0,30.0,45.0","0.0,14.0",640x480,4,12,0,1,none,1,0,0,0.1,1,0,0,"1.0,1.2",10,60,20,15,0,FALSE,,,,,FALSE,,,,FALSE,subtle_gray_stripes,"left,right,up,down","0.0,15.0,30.0,45.0","0.0,14.0",640x480,4,12,0,1,none,1,0,0,0.1,1,0,0,"1.0,1.2",10,60,15,10,0,FALSE,,,,,FALSE,,,,FALSE,Qwen/Qwen2.5-VL-3B-Instruct,qwen2_vl,saves/dist_augment_x5_combined_loraplus_5ep,8,16,0.05,8192,14,1,5.00E-05,cosine,0.1,FALSE,TRUE,4,10,100,100,yesno,128,1024,4,128,0.8,TRUE,FALSE,FALSE,FALSE,skipped,completed,completed,50,33.33,0,66.67,25,50,0,160,160,160,60,52.38,33.33,71.43,77.78,60,32,160,160,160,"{""subtle_gray_stripes_stripe226_bg120"": {""accuracy"": 50.0, ""f1_score"": 33.33, ""correct"": 10, ""total"": 20}, ""subtle_gray_stripes_stripe226_bg121"": {""accuracy"": 50.0, ""f1_score"": 33.33, ""correct"": 10, ""total"": 20}, ""subtle_gray_stripes_stripe226_bg123"": {""accuracy"": 50.0, ""f1_score"": 33.33, ""correct"": 10, ""total"": 20}, ""subtle_gray_stripes_stripe226_bg124"": {""accuracy"": 50.0, ""f1_score"": 33.33, ""correct"": 10, ""total"": 20}, ""subtle_gray_stripes_stripe227_bg120"": {""accuracy"": 50.0, ""f1_score"": 33.33, ""correct"": 10, ""total"": 20}, ""subtle_gray_stripes_stripe227_bg121"": {""accuracy"": 50.0, ""f1_score"": 33.33, ""correct"": 10, ""total"": 20}, ""subtle_gray_stripes_stripe227_bg123"": {""accuracy"": 50.0, ""f1_score"": 33.33, ""correct"": 10, ""total"": 20}, ""subtle_gray_stripes_stripe227_bg124"": {""accuracy"": 50.0, ""f1_score"": 33.33, ""correct"": 10, ""total"": 20}, ""subtle_gray_stripes_stripe228_bg120"": {""accuracy"": 50.0, ""f1_score"": 33.33, ""correct"": 10, ""total"": 20}, ""subtle_gray_stripes_stripe228_bg121"": {""accuracy"": 50.0, ""f1_score"": 33.33, ""correct"": 10, ""total"": 20}, ""subtle_gray_stripes_stripe228_bg123"": {""accuracy"": 50.0, ""f1_score"": 33.33, ""correct"": 10, ""total"": 20}, ""subtle_gray_stripes_stripe228_bg124"": {""accuracy"": 50.0, ""f1_score"": 33.33, ""correct"": 10, ""total"": 20}, ""subtle_gray_stripes_stripe229_bg120"": {""accuracy"": 50.0, ""f1_score"": 33.33, ""correct"": 10, ""total"": 20}, ""subtle_gray_stripes_stripe229_bg121"": {""accuracy"": 50.0, ""f1_score"": 33.33, ""correct"": 10, ""total"": 20}, ""subtle_gray_stripes_stripe229_bg123"": {""accuracy"": 50.0, ""f1_score"": 33.33, ""correct"": 10, ""total"": 20}, ""subtle_gray_stripes_stripe229_bg124"": {""accuracy"": 50.0, ""f1_score"": 33.33, ""correct"": 10, ""total"": 20}}","{""angle0"": {""accuracy"": 50.0, ""f1_score"": 33.33, ""correct"": 80, ""total"": 160}, ""angle30"": {""accuracy"": 50.0, ""f1_score"": 33.33, ""correct"": 80, ""total"": 160}}","{""subtle_gray_stripes_stripe226_bg120"": {""accuracy"": 60.0, ""f1_score"": 52.38, ""correct"": 12, ""total"": 20}, ""subtle_gray_stripes_stripe226_bg121"": {""accuracy"": 60.0, ""f1_score"": 52.38, ""correct"": 12, ""total"": 20}, ""subtle_gray_stripes_stripe226_bg123"": {""accuracy"": 60.0, ""f1_score"": 52.38, ""correct"": 12, ""total"": 20}, ""subtle_gray_stripes_stripe226_bg124"": {""accuracy"": 60.0, ""f1_score"": 52.38, ""correct"": 12, ""total"": 20}, ""subtle_gray_stripes_stripe227_bg120"": {""accuracy"": 60.0, ""f1_score"": 52.38, ""correct"": 12, ""total"": 20}, ""subtle_gray_stripes_stripe227_bg121"": {""accuracy"": 60.0, ""f1_score"": 52.38, ""correct"": 12, ""total"": 20}, ""subtle_gray_stripes_stripe227_bg123"": {""accuracy"": 60.0, ""f1_score"": 52.38, ""correct"": 12, ""total"": 20}, ""subtle_gray_stripes_stripe227_bg124"": {""accuracy"": 60.0, ""f1_score"": 52.38, ""correct"": 12, ""total"": 20}, ""subtle_gray_stripes_stripe228_bg120"": {""accuracy"": 60.0, ""f1_score"": 52.38, ""correct"": 12, ""total"": 20}, ""subtle_gray_stripes_stripe228_bg121"": {""accuracy"": 60.0, ""f1_score"": 52.38, ""correct"": 12, ""total"": 20}, ""subtle_gray_stripes_stripe228_bg123"": {""accuracy"": 60.0, ""f1_score"": 52.38, ""correct"": 12, ""total"": 20}, ""subtle_gray_stripes_stripe228_bg124"": {""accuracy"": 60.0, ""f1_score"": 52.38, ""correct"": 12, ""total"": 20}, ""subtle_gray_stripes_stripe229_bg120"": {""accuracy"": 60.0, ""f1_score"": 52.38, ""correct"": 12, ""total"": 20}, ""subtle_gray_stripes_stripe229_bg121"": {""accuracy"": 60.0, ""f1_score"": 52.38, ""correct"": 12, ""total"": 20}, ""subtle_gray_stripes_stripe229_bg123"": {""accuracy"": 60.0, ""f1_score"": 52.38, ""correct"": 12, ""total"": 20}, ""subtle_gray_stripes_stripe229_bg124"": {""accuracy"": 60.0, ""f1_score"": 52.38, ""correct"": 12, ""total"": 20}}","{""angle0"": {""accuracy"": 60.0, ""f1_score"": 52.38, ""correct"": 96, ""total"": 160}, ""angle30"": {""accuracy"": 60.0, ""f1_score"": 52.38, ""correct"": 96, ""total"": 160}}",,,saves/dist_augment_x5_combined_loraplus_5ep,dist_augment_x5_combined_loraplus_5ep,FALSE,lora+,5,,
63,12/9/2025 16:16,20251209_161630,_exp_20251209_dist_augment_x5_combined,_exp_20251209_dist_augment_x5_combined_train,_exp_20251209_dist_augment_x5_combined_test,100,1,42,subtle_gray_stripes,"left,right,up,down","0.0,15.0,30.0,45.0","0.0,14.0",640x480,4,12,0,1,none,1,0,0,0.1,1,0,0,"1.0,1.2",10,60,20,15,0,FALSE,,,,,FALSE,,,,FALSE,subtle_gray_stripes,"left,right,up,down","0.0,15.0,30.0,45.0","0.0,14.0",640x480,4,12,0,1,none,1,0,0,0.1,1,0,0,"1.0,1.2",10,60,15,10,0,FALSE,,,,,FALSE,,,,FALSE,Qwen/Qwen2.5-VL-3B-Instruct,qwen2_vl,saves/dist_augment_x5_combined_loraplus_5ep_noquant,8,16,0.05,8192,14,1,5.00E-05,cosine,0.1,FALSE,TRUE,4,10,100,100,yesno,128,1024,4,128,0.8,TRUE,FALSE,FALSE,FALSE,skipped,completed,completed,50,33.33,0,66.67,25,50,0,160,160,160,60,52.38,33.33,71.43,77.78,60,32,160,160,160,"{""subtle_gray_stripes_stripe226_bg120"": {""accuracy"": 50.0, ""f1_score"": 33.33, ""correct"": 10, ""total"": 20}, ""subtle_gray_stripes_stripe226_bg121"": {""accuracy"": 50.0, ""f1_score"": 33.33, ""correct"": 10, ""total"": 20}, ""subtle_gray_stripes_stripe226_bg123"": {""accuracy"": 50.0, ""f1_score"": 33.33, ""correct"": 10, ""total"": 20}, ""subtle_gray_stripes_stripe226_bg124"": {""accuracy"": 50.0, ""f1_score"": 33.33, ""correct"": 10, ""total"": 20}, ""subtle_gray_stripes_stripe227_bg120"": {""accuracy"": 50.0, ""f1_score"": 33.33, ""correct"": 10, ""total"": 20}, ""subtle_gray_stripes_stripe227_bg121"": {""accuracy"": 50.0, ""f1_score"": 33.33, ""correct"": 10, ""total"": 20}, ""subtle_gray_stripes_stripe227_bg123"": {""accuracy"": 50.0, ""f1_score"": 33.33, ""correct"": 10, ""total"": 20}, ""subtle_gray_stripes_stripe227_bg124"": {""accuracy"": 50.0, ""f1_score"": 33.33, ""correct"": 10, ""total"": 20}, ""subtle_gray_stripes_stripe228_bg120"": {""accuracy"": 50.0, ""f1_score"": 33.33, ""correct"": 10, ""total"": 20}, ""subtle_gray_stripes_stripe228_bg121"": {""accuracy"": 50.0, ""f1_score"": 33.33, ""correct"": 10, ""total"": 20}, ""subtle_gray_stripes_stripe228_bg123"": {""accuracy"": 50.0, ""f1_score"": 33.33, ""correct"": 10, ""total"": 20}, ""subtle_gray_stripes_stripe228_bg124"": {""accuracy"": 50.0, ""f1_score"": 33.33, ""correct"": 10, ""total"": 20}, ""subtle_gray_stripes_stripe229_bg120"": {""accuracy"": 50.0, ""f1_score"": 33.33, ""correct"": 10, ""total"": 20}, ""subtle_gray_stripes_stripe229_bg121"": {""accuracy"": 50.0, ""f1_score"": 33.33, ""correct"": 10, ""total"": 20}, ""subtle_gray_stripes_stripe229_bg123"": {""accuracy"": 50.0, ""f1_score"": 33.33, ""correct"": 10, ""total"": 20}, ""subtle_gray_stripes_stripe229_bg124"": {""accuracy"": 50.0, ""f1_score"": 33.33, ""correct"": 10, ""total"": 20}}","{""angle0"": {""accuracy"": 50.0, ""f1_score"": 33.33, ""correct"": 80, ""total"": 160}, ""angle30"": {""accuracy"": 50.0, ""f1_score"": 33.33, ""correct"": 80, ""total"": 160}}","{""subtle_gray_stripes_stripe226_bg120"": {""accuracy"": 60.0, ""f1_score"": 52.38, ""correct"": 12, ""total"": 20}, ""subtle_gray_stripes_stripe226_bg121"": {""accuracy"": 60.0, ""f1_score"": 52.38, ""correct"": 12, ""total"": 20}, ""subtle_gray_stripes_stripe226_bg123"": {""accuracy"": 60.0, ""f1_score"": 52.38, ""correct"": 12, ""total"": 20}, ""subtle_gray_stripes_stripe226_bg124"": {""accuracy"": 60.0, ""f1_score"": 52.38, ""correct"": 12, ""total"": 20}, ""subtle_gray_stripes_stripe227_bg120"": {""accuracy"": 60.0, ""f1_score"": 52.38, ""correct"": 12, ""total"": 20}, ""subtle_gray_stripes_stripe227_bg121"": {""accuracy"": 60.0, ""f1_score"": 52.38, ""correct"": 12, ""total"": 20}, ""subtle_gray_stripes_stripe227_bg123"": {""accuracy"": 60.0, ""f1_score"": 52.38, ""correct"": 12, ""total"": 20}, ""subtle_gray_stripes_stripe227_bg124"": {""accuracy"": 60.0, ""f1_score"": 52.38, ""correct"": 12, ""total"": 20}, ""subtle_gray_stripes_stripe228_bg120"": {""accuracy"": 60.0, ""f1_score"": 52.38, ""correct"": 12, ""total"": 20}, ""subtle_gray_stripes_stripe228_bg121"": {""accuracy"": 60.0, ""f1_score"": 52.38, ""correct"": 12, ""total"": 20}, ""subtle_gray_stripes_stripe228_bg123"": {""accuracy"": 60.0, ""f1_score"": 52.38, ""correct"": 12, ""total"": 20}, ""subtle_gray_stripes_stripe228_bg124"": {""accuracy"": 60.0, ""f1_score"": 52.38, ""correct"": 12, ""total"": 20}, ""subtle_gray_stripes_stripe229_bg120"": {""accuracy"": 60.0, ""f1_score"": 52.38, ""correct"": 12, ""total"": 20}, ""subtle_gray_stripes_stripe229_bg121"": {""accuracy"": 60.0, ""f1_score"": 52.38, ""correct"": 12, ""total"": 20}, ""subtle_gray_stripes_stripe229_bg123"": {""accuracy"": 60.0, ""f1_score"": 52.38, ""correct"": 12, ""total"": 20}, ""subtle_gray_stripes_stripe229_bg124"": {""accuracy"": 60.0, ""f1_score"": 52.38, ""correct"": 12, ""total"": 20}}","{""angle0"": {""accuracy"": 60.0, ""f1_score"": 52.38, ""correct"": 96, ""total"": 160}, ""angle30"": {""accuracy"": 60.0, ""f1_score"": 52.38, ""correct"": 96, ""total"": 160}}",,,saves/dist_augment_x5_combined_loraplus_5ep_noquant,dist_augment_x5_combined_loraplus_5ep_noquant,FALSE,lora+,5,,
64,12/9/2025 17:22,20251209_172219,_exp_20251208_230500,_exp_20251208_230500_train,_exp_20251208_230500_test,100,1,42,subtle_gray_stripes,"left,right,up,down","0.0,15.0,30.0,45.0","0.0,14.0",640x480,4,12,0,1,none,1,0,0,0.1,1,0,0,"1.0,1.2",10,60,20,15,0,FALSE,,,,,FALSE,,,,FALSE,subtle_gray_stripes,"left,right,up,down","0.0,15.0,30.0,45.0","0.0,14.0",640x480,4,12,0,1,none,1,0,0,0.1,1,0,0,"1.0,1.2",10,60,15,10,0,FALSE,,,,,FALSE,,,,FALSE,Qwen/Qwen2.5-VL-3B-Instruct,qwen2_vl,saves/balanced_sampling_test_loraplus,8,16,0.05,8192,14,1,5.00E-05,cosine,0.1,FALSE,TRUE,4,10,100,100,yesno,128,1024,4,128,0.8,TRUE,FALSE,FALSE,FALSE,failed,failed,failed,,,,,,,,,,,,,,,,,,,,,,,,,,,saves/balanced_sampling_test_loraplus,balanced_sampling_test_loraplus,FALSE,lora+,3,,
65,12/9/2025 17:24,20251209_172444,_exp_20251208_230500,_exp_20251208_230500_train,_exp_20251208_230500_test,100,1,42,subtle_gray_stripes,"left,right,up,down","0.0,15.0,30.0,45.0","0.0,14.0",640x480,4,12,0,1,none,1,0,0,0.1,1,0,0,"1.0,1.2",10,60,20,15,0,FALSE,,,,,FALSE,,,,FALSE,subtle_gray_stripes,"left,right,up,down","0.0,15.0,30.0,45.0","0.0,14.0",640x480,4,12,0,1,none,1,0,0,0.1,1,0,0,"1.0,1.2",10,60,15,10,0,FALSE,,,,,FALSE,,,,FALSE,Qwen/Qwen2.5-VL-3B-Instruct,qwen2_vl,saves/balanced_sampling_test_loraplus,8,16,0.05,8192,14,1,5.00E-05,cosine,0.1,FALSE,TRUE,4,10,100,100,yesno,128,1024,4,128,0.8,TRUE,FALSE,FALSE,FALSE,skipped,completed,completed,50,33.33,0,66.67,25,50,0,160,160,160,69.38,67.44,75.38,59.5,75.42,69.38,150,160,72,160,"{""subtle_gray_stripes_stripe226_bg120"": {""accuracy"": 50.0, ""f1_score"": 33.33, ""correct"": 10, ""total"": 20}, ""subtle_gray_stripes_stripe226_bg121"": {""accuracy"": 50.0, ""f1_score"": 33.33, ""correct"": 10, ""total"": 20}, ""subtle_gray_stripes_stripe226_bg123"": {""accuracy"": 50.0, ""f1_score"": 33.33, ""correct"": 10, ""total"": 20}, ""subtle_gray_stripes_stripe226_bg124"": {""accuracy"": 50.0, ""f1_score"": 33.33, ""correct"": 10, ""total"": 20}, ""subtle_gray_stripes_stripe227_bg120"": {""accuracy"": 50.0, ""f1_score"": 33.33, ""correct"": 10, ""total"": 20}, ""subtle_gray_stripes_stripe227_bg121"": {""accuracy"": 50.0, ""f1_score"": 33.33, ""correct"": 10, ""total"": 20}, ""subtle_gray_stripes_stripe227_bg123"": {""accuracy"": 50.0, ""f1_score"": 33.33, ""correct"": 10, ""total"": 20}, ""subtle_gray_stripes_stripe227_bg124"": {""accuracy"": 50.0, ""f1_score"": 33.33, ""correct"": 10, ""total"": 20}, ""subtle_gray_stripes_stripe228_bg120"": {""accuracy"": 50.0, ""f1_score"": 33.33, ""correct"": 10, ""total"": 20}, ""subtle_gray_stripes_stripe228_bg121"": {""accuracy"": 50.0, ""f1_score"": 33.33, ""correct"": 10, ""total"": 20}, ""subtle_gray_stripes_stripe228_bg123"": {""accuracy"": 50.0, ""f1_score"": 33.33, ""correct"": 10, ""total"": 20}, ""subtle_gray_stripes_stripe228_bg124"": {""accuracy"": 50.0, ""f1_score"": 33.33, ""correct"": 10, ""total"": 20}, ""subtle_gray_stripes_stripe229_bg120"": {""accuracy"": 50.0, ""f1_score"": 33.33, ""correct"": 10, ""total"": 20}, ""subtle_gray_stripes_stripe229_bg121"": {""accuracy"": 50.0, ""f1_score"": 33.33, ""correct"": 10, ""total"": 20}, ""subtle_gray_stripes_stripe229_bg123"": {""accuracy"": 50.0, ""f1_score"": 33.33, ""correct"": 10, ""total"": 20}, ""subtle_gray_stripes_stripe229_bg124"": {""accuracy"": 50.0, ""f1_score"": 33.33, ""correct"": 10, ""total"": 20}}","{""angle0"": {""accuracy"": 50.0, ""f1_score"": 33.33, ""correct"": 80, ""total"": 160}, ""angle30"": {""accuracy"": 50.0, ""f1_score"": 33.33, ""correct"": 80, ""total"": 160}}","{""subtle_gray_stripes_stripe226_bg120"": {""accuracy"": 65.0, ""f1_score"": 62.67, ""correct"": 13, ""total"": 20}, ""subtle_gray_stripes_stripe226_bg121"": {""accuracy"": 65.0, ""f1_score"": 60.11, ""correct"": 13, ""total"": 20}, ""subtle_gray_stripes_stripe226_bg123"": {""accuracy"": 70.0, ""f1_score"": 67.03, ""correct"": 14, ""total"": 20}, ""subtle_gray_stripes_stripe226_bg124"": {""accuracy"": 75.0, ""f1_score"": 74.42, ""correct"": 15, ""total"": 20}, ""subtle_gray_stripes_stripe227_bg120"": {""accuracy"": 75.0, ""f1_score"": 73.33, ""correct"": 15, ""total"": 20}, ""subtle_gray_stripes_stripe227_bg121"": {""accuracy"": 80.0, ""f1_score"": 79.17, ""correct"": 16, ""total"": 20}, ""subtle_gray_stripes_stripe227_bg123"": {""accuracy"": 70.0, ""f1_score"": 67.03, ""correct"": 14, ""total"": 20}, ""subtle_gray_stripes_stripe227_bg124"": {""accuracy"": 75.0, ""f1_score"": 73.33, ""correct"": 15, ""total"": 20}, ""subtle_gray_stripes_stripe228_bg120"": {""accuracy"": 85.0, ""f1_score"": 84.65, ""correct"": 17, ""total"": 20}, ""subtle_gray_stripes_stripe228_bg121"": {""accuracy"": 40.0, ""f1_score"": 28.57, ""correct"": 8, ""total"": 20}, ""subtle_gray_stripes_stripe228_bg123"": {""accuracy"": 70.0, ""f1_score"": 69.7, ""correct"": 14, ""total"": 20}, ""subtle_gray_stripes_stripe228_bg124"": {""accuracy"": 80.0, ""f1_score"": 79.17, ""correct"": 16, ""total"": 20}, ""subtle_gray_stripes_stripe229_bg120"": {""accuracy"": 50.0, ""f1_score"": 45.05, ""correct"": 10, ""total"": 20}, ""subtle_gray_stripes_stripe229_bg121"": {""accuracy"": 60.0, ""f1_score"": 52.38, ""correct"": 12, ""total"": 20}, ""subtle_gray_stripes_stripe229_bg123"": {""accuracy"": 75.0, ""f1_score"": 73.33, ""correct"": 15, ""total"": 20}, ""subtle_gray_stripes_stripe229_bg124"": {""accuracy"": 75.0, ""f1_score"": 74.94, ""correct"": 15, ""total"": 20}}","{""angle0"": {""accuracy"": 63.12, ""f1_score"": 58.95, ""correct"": 101, ""total"": 160}, ""angle30"": {""accuracy"": 75.62, ""f1_score"": 74.91, ""correct"": 121, ""total"": 160}}",,,saves/balanced_sampling_test_loraplus,balanced_sampling_test_loraplus,FALSE,lora+,3,,
66,12/9/2025 17:45,20251209_174545,_exp_20251208_230500,_exp_20251208_230500_train,_exp_20251208_230500_test,100,1,42,subtle_gray_stripes,"left,right,up,down","0.0,15.0,30.0,45.0","0.0,14.0",640x480,4,12,0,1,none,1,0,0,0.1,1,0,0,"1.0,1.2",10,60,20,15,0,FALSE,,,,,FALSE,,,,FALSE,subtle_gray_stripes,"left,right,up,down","0.0,15.0,30.0,45.0","0.0,14.0",640x480,4,12,0,1,none,1,0,0,0.1,1,0,0,"1.0,1.2",10,60,15,10,0,FALSE,,,,,FALSE,,,,FALSE,Qwen/Qwen2.5-VL-3B-Instruct,qwen2_vl,saves/balanced_sampling_test_loraplus_5ep,8,16,0.05,8192,14,1,5.00E-05,cosine,0.1,FALSE,TRUE,4,10,100,100,yesno,128,1024,4,128,0.8,TRUE,FALSE,FALSE,FALSE,skipped,completed,completed,50,33.33,0,66.67,25,50,0,160,160,160,58.13,50.15,70.09,30.21,72.57,58.12,157,160,29,160,"{""subtle_gray_stripes_stripe226_bg120"": {""accuracy"": 50.0, ""f1_score"": 33.33, ""correct"": 10, ""total"": 20}, ""subtle_gray_stripes_stripe226_bg121"": {""accuracy"": 50.0, ""f1_score"": 33.33, ""correct"": 10, ""total"": 20}, ""subtle_gray_stripes_stripe226_bg123"": {""accuracy"": 50.0, ""f1_score"": 33.33, ""correct"": 10, ""total"": 20}, ""subtle_gray_stripes_stripe226_bg124"": {""accuracy"": 50.0, ""f1_score"": 33.33, ""correct"": 10, ""total"": 20}, ""subtle_gray_stripes_stripe227_bg120"": {""accuracy"": 50.0, ""f1_score"": 33.33, ""correct"": 10, ""total"": 20}, ""subtle_gray_stripes_stripe227_bg121"": {""accuracy"": 50.0, ""f1_score"": 33.33, ""correct"": 10, ""total"": 20}, ""subtle_gray_stripes_stripe227_bg123"": {""accuracy"": 50.0, ""f1_score"": 33.33, ""correct"": 10, ""total"": 20}, ""subtle_gray_stripes_stripe227_bg124"": {""accuracy"": 50.0, ""f1_score"": 33.33, ""correct"": 10, ""total"": 20}, ""subtle_gray_stripes_stripe228_bg120"": {""accuracy"": 50.0, ""f1_score"": 33.33, ""correct"": 10, ""total"": 20}, ""subtle_gray_stripes_stripe228_bg121"": {""accuracy"": 50.0, ""f1_score"": 33.33, ""correct"": 10, ""total"": 20}, ""subtle_gray_stripes_stripe228_bg123"": {""accuracy"": 50.0, ""f1_score"": 33.33, ""correct"": 10, ""total"": 20}, ""subtle_gray_stripes_stripe228_bg124"": {""accuracy"": 50.0, ""f1_score"": 33.33, ""correct"": 10, ""total"": 20}, ""subtle_gray_stripes_stripe229_bg120"": {""accuracy"": 50.0, ""f1_score"": 33.33, ""correct"": 10, ""total"": 20}, ""subtle_gray_stripes_stripe229_bg121"": {""accuracy"": 50.0, ""f1_score"": 33.33, ""correct"": 10, ""total"": 20}, ""subtle_gray_stripes_stripe229_bg123"": {""accuracy"": 50.0, ""f1_score"": 33.33, ""correct"": 10, ""total"": 20}, ""subtle_gray_stripes_stripe229_bg124"": {""accuracy"": 50.0, ""f1_score"": 33.33, ""correct"": 10, ""total"": 20}}","{""angle0"": {""accuracy"": 50.0, ""f1_score"": 33.33, ""correct"": 80, ""total"": 160}, ""angle30"": {""accuracy"": 50.0, ""f1_score"": 33.33, ""correct"": 80, ""total"": 160}}","{""subtle_gray_stripes_stripe226_bg120"": {""accuracy"": 65.0, ""f1_score"": 60.11, ""correct"": 13, ""total"": 20}, ""subtle_gray_stripes_stripe226_bg121"": {""accuracy"": 60.0, ""f1_score"": 52.38, ""correct"": 12, ""total"": 20}, ""subtle_gray_stripes_stripe226_bg123"": {""accuracy"": 60.0, ""f1_score"": 52.38, ""correct"": 12, ""total"": 20}, ""subtle_gray_stripes_stripe226_bg124"": {""accuracy"": 55.0, ""f1_score"": 43.57, ""correct"": 11, ""total"": 20}, ""subtle_gray_stripes_stripe227_bg120"": {""accuracy"": 65.0, ""f1_score"": 60.11, ""correct"": 13, ""total"": 20}, ""subtle_gray_stripes_stripe227_bg121"": {""accuracy"": 65.0, ""f1_score"": 60.11, ""correct"": 13, ""total"": 20}, ""subtle_gray_stripes_stripe227_bg123"": {""accuracy"": 55.0, ""f1_score"": 43.57, ""correct"": 11, ""total"": 20}, ""subtle_gray_stripes_stripe227_bg124"": {""accuracy"": 50.0, ""f1_score"": 33.33, ""correct"": 10, ""total"": 20}, ""subtle_gray_stripes_stripe228_bg120"": {""accuracy"": 75.0, ""f1_score"": 73.33, ""correct"": 15, ""total"": 20}, ""subtle_gray_stripes_stripe228_bg121"": {""accuracy"": 50.0, ""f1_score"": 33.33, ""correct"": 10, ""total"": 20}, ""subtle_gray_stripes_stripe228_bg123"": {""accuracy"": 55.0, ""f1_score"": 48.72, ""correct"": 11, ""total"": 20}, ""subtle_gray_stripes_stripe228_bg124"": {""accuracy"": 60.0, ""f1_score"": 52.38, ""correct"": 12, ""total"": 20}, ""subtle_gray_stripes_stripe229_bg120"": {""accuracy"": 50.0, ""f1_score"": 40.48, ""correct"": 10, ""total"": 20}, ""subtle_gray_stripes_stripe229_bg121"": {""accuracy"": 50.0, ""f1_score"": 33.33, ""correct"": 10, ""total"": 20}, ""subtle_gray_stripes_stripe229_bg123"": {""accuracy"": 60.0, ""f1_score"": 52.38, ""correct"": 12, ""total"": 20}, ""subtle_gray_stripes_stripe229_bg124"": {""accuracy"": 55.0, ""f1_score"": 48.72, ""correct"": 11, ""total"": 20}}","{""angle0"": {""accuracy"": 55.62, ""f1_score"": 44.74, ""correct"": 89, ""total"": 160}, ""angle30"": {""accuracy"": 60.62, ""f1_score"": 54.9, ""correct"": 97, ""total"": 160}}",,,saves/balanced_sampling_test_loraplus_5ep,balanced_sampling_test_loraplus_5ep,FALSE,lora+,5,,
67,12/9/2025 18:18,20251209_181804,_exp_20251208_230500,_exp_20251208_230500_train,_exp_20251208_230500_test,100,1,42,subtle_gray_stripes,"left,right,up,down","0.0,15.0,30.0,45.0","0.0,14.0",640x480,4,12,0,1,none,1,0,0,0.1,1,0,0,"1.0,1.2",10,60,20,15,0,FALSE,,,,,FALSE,,,,FALSE,subtle_gray_stripes,"left,right,up,down","0.0,15.0,30.0,45.0","0.0,14.0",640x480,4,12,0,1,none,1,0,0,0.1,1,0,0,"1.0,1.2",10,60,15,10,0,FALSE,,,,,FALSE,,,,FALSE,Qwen/Qwen2.5-VL-3B-Instruct,qwen2_vl,saves/random_sampler_test_loraplus_5ep,8,16,0.05,8192,14,1,5.00E-05,cosine,0.1,FALSE,TRUE,4,10,100,100,yesno,128,1024,4,128,0.8,TRUE,FALSE,FALSE,FALSE,skipped,completed,completed,50,33.33,0,66.67,25,50,0,160,160,160,80.94,80.71,82.82,78.6,82.49,80.94,147,160,112,160,"{""subtle_gray_stripes_stripe226_bg120"": {""accuracy"": 50.0, ""f1_score"": 33.33, ""correct"": 10, ""total"": 20}, ""subtle_gray_stripes_stripe226_bg121"": {""accuracy"": 50.0, ""f1_score"": 33.33, ""correct"": 10, ""total"": 20}, ""subtle_gray_stripes_stripe226_bg123"": {""accuracy"": 50.0, ""f1_score"": 33.33, ""correct"": 10, ""total"": 20}, ""subtle_gray_stripes_stripe226_bg124"": {""accuracy"": 50.0, ""f1_score"": 33.33, ""correct"": 10, ""total"": 20}, ""subtle_gray_stripes_stripe227_bg120"": {""accuracy"": 50.0, ""f1_score"": 33.33, ""correct"": 10, ""total"": 20}, ""subtle_gray_stripes_stripe227_bg121"": {""accuracy"": 50.0, ""f1_score"": 33.33, ""correct"": 10, ""total"": 20}, ""subtle_gray_stripes_stripe227_bg123"": {""accuracy"": 50.0, ""f1_score"": 33.33, ""correct"": 10, ""total"": 20}, ""subtle_gray_stripes_stripe227_bg124"": {""accuracy"": 50.0, ""f1_score"": 33.33, ""correct"": 10, ""total"": 20}, ""subtle_gray_stripes_stripe228_bg120"": {""accuracy"": 50.0, ""f1_score"": 33.33, ""correct"": 10, ""total"": 20}, ""subtle_gray_stripes_stripe228_bg121"": {""accuracy"": 50.0, ""f1_score"": 33.33, ""correct"": 10, ""total"": 20}, ""subtle_gray_stripes_stripe228_bg123"": {""accuracy"": 50.0, ""f1_score"": 33.33, ""correct"": 10, ""total"": 20}, ""subtle_gray_stripes_stripe228_bg124"": {""accuracy"": 50.0, ""f1_score"": 33.33, ""correct"": 10, ""total"": 20}, ""subtle_gray_stripes_stripe229_bg120"": {""accuracy"": 50.0, ""f1_score"": 33.33, ""correct"": 10, ""total"": 20}, ""subtle_gray_stripes_stripe229_bg121"": {""accuracy"": 50.0, ""f1_score"": 33.33, ""correct"": 10, ""total"": 20}, ""subtle_gray_stripes_stripe229_bg123"": {""accuracy"": 50.0, ""f1_score"": 33.33, ""correct"": 10, ""total"": 20}, ""subtle_gray_stripes_stripe229_bg124"": {""accuracy"": 50.0, ""f1_score"": 33.33, ""correct"": 10, ""total"": 20}}","{""angle0"": {""accuracy"": 50.0, ""f1_score"": 33.33, ""correct"": 80, ""total"": 160}, ""angle30"": {""accuracy"": 50.0, ""f1_score"": 33.33, ""correct"": 80, ""total"": 160}}","{""subtle_gray_stripes_stripe226_bg120"": {""accuracy"": 70.0, ""f1_score"": 69.7, ""correct"": 14, ""total"": 20}, ""subtle_gray_stripes_stripe226_bg121"": {""accuracy"": 85.0, ""f1_score"": 84.65, ""correct"": 17, ""total"": 20}, ""subtle_gray_stripes_stripe226_bg123"": {""accuracy"": 90.0, ""f1_score"": 89.9, ""correct"": 18, ""total"": 20}, ""subtle_gray_stripes_stripe226_bg124"": {""accuracy"": 85.0, ""f1_score"": 84.96, ""correct"": 17, ""total"": 20}, ""subtle_gray_stripes_stripe227_bg120"": {""accuracy"": 85.0, ""f1_score"": 84.65, ""correct"": 17, ""total"": 20}, ""subtle_gray_stripes_stripe227_bg121"": {""accuracy"": 90.0, ""f1_score"": 89.9, ""correct"": 18, ""total"": 20}, ""subtle_gray_stripes_stripe227_bg123"": {""accuracy"": 90.0, ""f1_score"": 89.9, ""correct"": 18, ""total"": 20}, ""subtle_gray_stripes_stripe227_bg124"": {""accuracy"": 65.0, ""f1_score"": 62.67, ""correct"": 13, ""total"": 20}, ""subtle_gray_stripes_stripe228_bg120"": {""accuracy"": 80.0, ""f1_score"": 80.0, ""correct"": 16, ""total"": 20}, ""subtle_gray_stripes_stripe228_bg121"": {""accuracy"": 70.0, ""f1_score"": 68.75, ""correct"": 14, ""total"": 20}, ""subtle_gray_stripes_stripe228_bg123"": {""accuracy"": 75.0, ""f1_score"": 74.94, ""correct"": 15, ""total"": 20}, ""subtle_gray_stripes_stripe228_bg124"": {""accuracy"": 90.0, ""f1_score"": 90.0, ""correct"": 18, ""total"": 20}, ""subtle_gray_stripes_stripe229_bg120"": {""accuracy"": 75.0, ""f1_score"": 73.33, ""correct"": 15, ""total"": 20}, ""subtle_gray_stripes_stripe229_bg121"": {""accuracy"": 85.0, ""f1_score"": 84.65, ""correct"": 17, ""total"": 20}, ""subtle_gray_stripes_stripe229_bg123"": {""accuracy"": 85.0, ""f1_score"": 84.96, ""correct"": 17, ""total"": 20}, ""subtle_gray_stripes_stripe229_bg124"": {""accuracy"": 75.0, ""f1_score"": 74.94, ""correct"": 15, ""total"": 20}}","{""angle0"": {""accuracy"": 77.5, ""f1_score"": 76.68, ""correct"": 124, ""total"": 160}, ""angle30"": {""accuracy"": 84.38, ""f1_score"": 84.36, ""correct"": 135, ""total"": 160}}",,,saves/random_sampler_test_loraplus_5ep,random_sampler_test_loraplus_5ep,FALSE,lora+,5,,
68,12/9/2025 18:56,20251209_185610,_exp_20251208_230500,_exp_20251208_230500_train,_exp_20251208_230500_test,100,1,42,subtle_gray_stripes,"left,right,up,down","0.0,15.0,30.0,45.0","0.0,14.0",640x480,4,12,0,1,none,1,0,0,0.1,1,0,0,"1.0,1.2",10,60,20,15,0,FALSE,,,,,FALSE,,,,FALSE,subtle_gray_stripes,"left,right,up,down","0.0,15.0,30.0,45.0","0.0,14.0",640x480,4,12,0,1,none,1,0,0,0.1,1,0,0,"1.0,1.2",10,60,15,10,0,FALSE,,,,,FALSE,,,,FALSE,Qwen/Qwen2.5-VL-3B-Instruct,qwen2_vl,saves/random_batch_sampler_test_5ep,8,16,0.05,8192,14,1,5.00E-05,cosine,0.1,FALSE,TRUE,4,10,100,100,yesno,128,1024,4,128,0.8,TRUE,FALSE,FALSE,FALSE,failed,failed,failed,,,,,,,,,,,,,,,,,,,,,,,,,,,saves/random_batch_sampler_test_5ep,random_batch_sampler_test_5ep,FALSE,lora+,5,,
69,12/9/2025 18:57,20251209_185743,_exp_20251208_230500,_exp_20251208_230500_train,_exp_20251208_230500_test,100,1,42,subtle_gray_stripes,"left,right,up,down","0.0,15.0,30.0,45.0","0.0,14.0",640x480,4,12,0,1,none,1,0,0,0.1,1,0,0,"1.0,1.2",10,60,20,15,0,FALSE,,,,,FALSE,,,,FALSE,subtle_gray_stripes,"left,right,up,down","0.0,15.0,30.0,45.0","0.0,14.0",640x480,4,12,0,1,none,1,0,0,0.1,1,0,0,"1.0,1.2",10,60,15,10,0,FALSE,,,,,FALSE,,,,FALSE,Qwen/Qwen2.5-VL-3B-Instruct,qwen2_vl,saves/random_batch_sampler_test_5ep_v2,8,16,0.05,8192,14,1,5.00E-05,cosine,0.1,FALSE,TRUE,4,10,100,100,yesno,128,1024,4,128,0.8,TRUE,FALSE,FALSE,FALSE,skipped,completed,completed,50,33.33,0,66.67,25,50,0,160,160,160,72.81,71.49,77.63,65.34,78.02,72.81,151,160,82,160,"{""subtle_gray_stripes_stripe226_bg120"": {""accuracy"": 50.0, ""f1_score"": 33.33, ""correct"": 10, ""total"": 20}, ""subtle_gray_stripes_stripe226_bg121"": {""accuracy"": 50.0, ""f1_score"": 33.33, ""correct"": 10, ""total"": 20}, ""subtle_gray_stripes_stripe226_bg123"": {""accuracy"": 50.0, ""f1_score"": 33.33, ""correct"": 10, ""total"": 20}, ""subtle_gray_stripes_stripe226_bg124"": {""accuracy"": 50.0, ""f1_score"": 33.33, ""correct"": 10, ""total"": 20}, ""subtle_gray_stripes_stripe227_bg120"": {""accuracy"": 50.0, ""f1_score"": 33.33, ""correct"": 10, ""total"": 20}, ""subtle_gray_stripes_stripe227_bg121"": {""accuracy"": 50.0, ""f1_score"": 33.33, ""correct"": 10, ""total"": 20}, ""subtle_gray_stripes_stripe227_bg123"": {""accuracy"": 50.0, ""f1_score"": 33.33, ""correct"": 10, ""total"": 20}, ""subtle_gray_stripes_stripe227_bg124"": {""accuracy"": 50.0, ""f1_score"": 33.33, ""correct"": 10, ""total"": 20}, ""subtle_gray_stripes_stripe228_bg120"": {""accuracy"": 50.0, ""f1_score"": 33.33, ""correct"": 10, ""total"": 20}, ""subtle_gray_stripes_stripe228_bg121"": {""accuracy"": 50.0, ""f1_score"": 33.33, ""correct"": 10, ""total"": 20}, ""subtle_gray_stripes_stripe228_bg123"": {""accuracy"": 50.0, ""f1_score"": 33.33, ""correct"": 10, ""total"": 20}, ""subtle_gray_stripes_stripe228_bg124"": {""accuracy"": 50.0, ""f1_score"": 33.33, ""correct"": 10, ""total"": 20}, ""subtle_gray_stripes_stripe229_bg120"": {""accuracy"": 50.0, ""f1_score"": 33.33, ""correct"": 10, ""total"": 20}, ""subtle_gray_stripes_stripe229_bg121"": {""accuracy"": 50.0, ""f1_score"": 33.33, ""correct"": 10, ""total"": 20}, ""subtle_gray_stripes_stripe229_bg123"": {""accuracy"": 50.0, ""f1_score"": 33.33, ""correct"": 10, ""total"": 20}, ""subtle_gray_stripes_stripe229_bg124"": {""accuracy"": 50.0, ""f1_score"": 33.33, ""correct"": 10, ""total"": 20}}","{""angle0"": {""accuracy"": 50.0, ""f1_score"": 33.33, ""correct"": 80, ""total"": 160}, ""angle30"": {""accuracy"": 50.0, ""f1_score"": 33.33, ""correct"": 80, ""total"": 160}}","{""subtle_gray_stripes_stripe226_bg120"": {""accuracy"": 65.0, ""f1_score"": 62.67, ""correct"": 13, ""total"": 20}, ""subtle_gray_stripes_stripe226_bg121"": {""accuracy"": 70.0, ""f1_score"": 67.03, ""correct"": 14, ""total"": 20}, ""subtle_gray_stripes_stripe226_bg123"": {""accuracy"": 75.0, ""f1_score"": 74.42, ""correct"": 15, ""total"": 20}, ""subtle_gray_stripes_stripe226_bg124"": {""accuracy"": 70.0, ""f1_score"": 68.75, ""correct"": 14, ""total"": 20}, ""subtle_gray_stripes_stripe227_bg120"": {""accuracy"": 80.0, ""f1_score"": 79.17, ""correct"": 16, ""total"": 20}, ""subtle_gray_stripes_stripe227_bg121"": {""accuracy"": 80.0, ""f1_score"": 79.17, ""correct"": 16, ""total"": 20}, ""subtle_gray_stripes_stripe227_bg123"": {""accuracy"": 80.0, ""f1_score"": 79.17, ""correct"": 16, ""total"": 20}, ""subtle_gray_stripes_stripe227_bg124"": {""accuracy"": 70.0, ""f1_score"": 67.03, ""correct"": 14, ""total"": 20}, ""subtle_gray_stripes_stripe228_bg120"": {""accuracy"": 85.0, ""f1_score"": 84.65, ""correct"": 17, ""total"": 20}, ""subtle_gray_stripes_stripe228_bg121"": {""accuracy"": 60.0, ""f1_score"": 56.04, ""correct"": 12, ""total"": 20}, ""subtle_gray_stripes_stripe228_bg123"": {""accuracy"": 70.0, ""f1_score"": 68.75, ""correct"": 14, ""total"": 20}, ""subtle_gray_stripes_stripe228_bg124"": {""accuracy"": 75.0, ""f1_score"": 74.42, ""correct"": 15, ""total"": 20}, ""subtle_gray_stripes_stripe229_bg120"": {""accuracy"": 60.0, ""f1_score"": 56.04, ""correct"": 12, ""total"": 20}, ""subtle_gray_stripes_stripe229_bg121"": {""accuracy"": 70.0, ""f1_score"": 68.75, ""correct"": 14, ""total"": 20}, ""subtle_gray_stripes_stripe229_bg123"": {""accuracy"": 80.0, ""f1_score"": 79.17, ""correct"": 16, ""total"": 20}, ""subtle_gray_stripes_stripe229_bg124"": {""accuracy"": 75.0, ""f1_score"": 74.42, ""correct"": 15, ""total"": 20}}","{""angle0"": {""accuracy"": 67.5, ""f1_score"": 63.98, ""correct"": 108, ""total"": 160}, ""angle30"": {""accuracy"": 78.12, ""f1_score"": 77.81, ""correct"": 125, ""total"": 160}}",,,saves/random_batch_sampler_test_5ep_v2,random_batch_sampler_test_5ep_v2,FALSE,lora+,5,,
70,12/10/2025 7:45,20251210_074505,real_world_test_my_treadmill_processed,real_world_test_my_treadmill_processed_train,real_world_test_my_treadmill_processed_test,100,1,42,subtle_gray_stripes,"left,right,up,down","0.0,15.0,30.0,45.0","0.0,14.0",640x480,4,12,0,1,none,1,0,0,0.1,1,0,0,"1.0,1.2",10,60,20,15,0,FALSE,,,,,FALSE,,,,FALSE,subtle_gray_stripes,"left,right,up,down","0.0,15.0,30.0,45.0","0.0,14.0",640x480,4,12,0,1,none,1,0,0,0.1,1,0,0,"1.0,1.2",10,60,15,10,0,FALSE,,,,,FALSE,,,,FALSE,Qwen/Qwen2.5-VL-3B-Instruct,qwen2_vl,saves/_exp_20251204_133345_dora,8,16,0.05,8192,1,8,5.00E-05,cosine,0.1,FALSE,TRUE,4,10,100,100,yesno,128,1024,4,128,0.8,TRUE,TRUE,FALSE,FALSE,failed,failed,failed,,,,,,,,,,,,,,,,,,,,,,,,,,,saves/_exp_20251204_133345_dora,,FALSE,lora,5,,
71,12/10/2025 7:53,20251210_075347,real_world_test_my_treadmill_processed,real_world_test_my_treadmill_processed_train,real_world_test_my_treadmill_processed_test,100,1,42,subtle_gray_stripes,"left,right,up,down","0.0,15.0,30.0,45.0","0.0,14.0",640x480,4,12,0,1,none,1,0,0,0.1,1,0,0,"1.0,1.2",10,60,20,15,0,FALSE,,,,,FALSE,,,,FALSE,subtle_gray_stripes,"left,right,up,down","0.0,15.0,30.0,45.0","0.0,14.0",640x480,4,12,0,1,none,1,0,0,0.1,1,0,0,"1.0,1.2",10,60,15,10,0,FALSE,,,,,FALSE,,,,FALSE,Qwen/Qwen2.5-VL-3B-Instruct,qwen2_vl,saves/_exp_20251204_133345_dora,8,16,0.05,8192,1,8,5.00E-05,cosine,0.1,FALSE,TRUE,4,10,100,100,yesno,128,1024,4,128,0.8,TRUE,TRUE,FALSE,FALSE,failed,failed,failed,,,,,,,,,,,,,,,,,,,,,,,,,,,saves/_exp_20251204_133345_dora,,FALSE,lora,5,,
72,12/10/2025 7:54,20251210_075434,real_world_test_my_treadmill_processed,real_world_test_my_treadmill_processed_train,real_world_test_my_treadmill_processed_test,100,1,42,subtle_gray_stripes,"left,right,up,down","0.0,15.0,30.0,45.0","0.0,14.0",640x480,4,12,0,1,none,1,0,0,0.1,1,0,0,"1.0,1.2",10,60,20,15,0,FALSE,,,,,FALSE,,,,FALSE,subtle_gray_stripes,"left,right,up,down","0.0,15.0,30.0,45.0","0.0,14.0",640x480,4,12,0,1,none,1,0,0,0.1,1,0,0,"1.0,1.2",10,60,15,10,0,FALSE,,,,,FALSE,,,,FALSE,Qwen/Qwen2.5-VL-3B-Instruct,qwen2_vl,saves/_exp_20251204_133345_dora,8,16,0.05,8192,1,8,5.00E-05,cosine,0.1,FALSE,TRUE,4,10,100,100,yesno,128,1024,4,128,0.8,TRUE,TRUE,FALSE,FALSE,skipped,skipped,completed,50,33.33,0,66.67,25,50,0,40,40,40,48.75,36.62,8.89,64.35,44.67,48.75,2,40,37,40,"{""realworld"": {""accuracy"": 50.0, ""f1_score"": 33.33, ""correct"": 40, ""total"": 80}}","{""angle0"": {""accuracy"": 50.0, ""f1_score"": 33.33, ""correct"": 40, ""total"": 80}}","{""realworld"": {""accuracy"": 48.75, ""f1_score"": 36.62, ""correct"": 39, ""total"": 80}}","{""angle0"": {""accuracy"": 48.75, ""f1_score"": 36.62, ""correct"": 39, ""total"": 80}}",,,saves/_exp_20251204_133345_dora,,FALSE,lora,5,,
73,12/10/2025 10:08,20251210_100842,_exp_20251208_230500,_exp_20251208_230500_train,_exp_20251208_230500_test,100,1,42,subtle_gray_stripes,"left,right,up,down","0.0,15.0,30.0,45.0","0.0,14.0",640x480,4,12,0,1,none,1,0,0,0.1,1,0,0,"1.0,1.2",10,60,20,15,0,FALSE,,,,,FALSE,,,,FALSE,subtle_gray_stripes,"left,right,up,down","0.0,15.0,30.0,45.0","0.0,14.0",640x480,4,12,0,1,none,1,0,0,0.1,1,0,0,"1.0,1.2",10,60,15,10,0,FALSE,,,,,FALSE,,,,FALSE,Qwen/Qwen2.5-VL-3B-Instruct,qwen2_vl,saves/loraplus_random_sampler_dec10,8,16,0.05,8192,14,1,5.00E-05,cosine,0.1,FALSE,TRUE,4,10,100,100,yesno,128,1024,4,128,0.8,TRUE,FALSE,FALSE,FALSE,failed,failed,failed,,,,,,,,,,,,,,,,,,,,,,,,,,,saves/loraplus_random_sampler_dec10,loraplus_random_sampler_dec10,FALSE,lora+,5,,
74,12/10/2025 10:10,20251210_101043,_exp_20251208_230500,_exp_20251208_230500_train,_exp_20251208_230500_test,100,1,42,subtle_gray_stripes,"left,right,up,down","0.0,15.0,30.0,45.0","0.0,14.0",640x480,4,12,0,1,none,1,0,0,0.1,1,0,0,"1.0,1.2",10,60,20,15,0,FALSE,,,,,FALSE,,,,FALSE,subtle_gray_stripes,"left,right,up,down","0.0,15.0,30.0,45.0","0.0,14.0",640x480,4,12,0,1,none,1,0,0,0.1,1,0,0,"1.0,1.2",10,60,15,10,0,FALSE,,,,,FALSE,,,,FALSE,Qwen/Qwen2.5-VL-3B-Instruct,qwen2_vl,saves/loraplus_random_sampler_dec10,8,16,0.05,8192,14,1,5.00E-05,cosine,0.1,FALSE,TRUE,4,10,100,100,yesno,128,1024,4,128,0.8,TRUE,FALSE,FALSE,FALSE,skipped,completed,completed,50,33.33,0,66.67,25,50,0,160,160,160,83.44,83.28,81.66,84.9,84.74,83.44,118,160,149,160,"{""subtle_gray_stripes_stripe226_bg120"": {""accuracy"": 50.0, ""f1_score"": 33.33, ""correct"": 10, ""total"": 20}, ""subtle_gray_stripes_stripe226_bg121"": {""accuracy"": 50.0, ""f1_score"": 33.33, ""correct"": 10, ""total"": 20}, ""subtle_gray_stripes_stripe226_bg123"": {""accuracy"": 50.0, ""f1_score"": 33.33, ""correct"": 10, ""total"": 20}, ""subtle_gray_stripes_stripe226_bg124"": {""accuracy"": 50.0, ""f1_score"": 33.33, ""correct"": 10, ""total"": 20}, ""subtle_gray_stripes_stripe227_bg120"": {""accuracy"": 50.0, ""f1_score"": 33.33, ""correct"": 10, ""total"": 20}, ""subtle_gray_stripes_stripe227_bg121"": {""accuracy"": 50.0, ""f1_score"": 33.33, ""correct"": 10, ""total"": 20}, ""subtle_gray_stripes_stripe227_bg123"": {""accuracy"": 50.0, ""f1_score"": 33.33, ""correct"": 10, ""total"": 20}, ""subtle_gray_stripes_stripe227_bg124"": {""accuracy"": 50.0, ""f1_score"": 33.33, ""correct"": 10, ""total"": 20}, ""subtle_gray_stripes_stripe228_bg120"": {""accuracy"": 50.0, ""f1_score"": 33.33, ""correct"": 10, ""total"": 20}, ""subtle_gray_stripes_stripe228_bg121"": {""accuracy"": 50.0, ""f1_score"": 33.33, ""correct"": 10, ""total"": 20}, ""subtle_gray_stripes_stripe228_bg123"": {""accuracy"": 50.0, ""f1_score"": 33.33, ""correct"": 10, ""total"": 20}, ""subtle_gray_stripes_stripe228_bg124"": {""accuracy"": 50.0, ""f1_score"": 33.33, ""correct"": 10, ""total"": 20}, ""subtle_gray_stripes_stripe229_bg120"": {""accuracy"": 50.0, ""f1_score"": 33.33, ""correct"": 10, ""total"": 20}, ""subtle_gray_stripes_stripe229_bg121"": {""accuracy"": 50.0, ""f1_score"": 33.33, ""correct"": 10, ""total"": 20}, ""subtle_gray_stripes_stripe229_bg123"": {""accuracy"": 50.0, ""f1_score"": 33.33, ""correct"": 10, ""total"": 20}, ""subtle_gray_stripes_stripe229_bg124"": {""accuracy"": 50.0, ""f1_score"": 33.33, ""correct"": 10, ""total"": 20}}","{""angle0"": {""accuracy"": 50.0, ""f1_score"": 33.33, ""correct"": 80, ""total"": 160}, ""angle30"": {""accuracy"": 50.0, ""f1_score"": 33.33, ""correct"": 80, ""total"": 160}}","{""subtle_gray_stripes_stripe226_bg120"": {""accuracy"": 80.0, ""f1_score"": 79.8, ""correct"": 16, ""total"": 20}, ""subtle_gray_stripes_stripe226_bg121"": {""accuracy"": 80.0, ""f1_score"": 80.0, ""correct"": 16, ""total"": 20}, ""subtle_gray_stripes_stripe226_bg123"": {""accuracy"": 90.0, ""f1_score"": 89.9, ""correct"": 18, ""total"": 20}, ""subtle_gray_stripes_stripe226_bg124"": {""accuracy"": 80.0, ""f1_score"": 79.17, ""correct"": 16, ""total"": 20}, ""subtle_gray_stripes_stripe227_bg120"": {""accuracy"": 95.0, ""f1_score"": 94.99, ""correct"": 19, ""total"": 20}, ""subtle_gray_stripes_stripe227_bg121"": {""accuracy"": 85.0, ""f1_score"": 84.65, ""correct"": 17, ""total"": 20}, ""subtle_gray_stripes_stripe227_bg123"": {""accuracy"": 100.0, ""f1_score"": 100.0, ""correct"": 20, ""total"": 20}, ""subtle_gray_stripes_stripe227_bg124"": {""accuracy"": 80.0, ""f1_score"": 80.0, ""correct"": 16, ""total"": 20}, ""subtle_gray_stripes_stripe228_bg120"": {""accuracy"": 85.0, ""f1_score"": 84.65, ""correct"": 17, ""total"": 20}, ""subtle_gray_stripes_stripe228_bg121"": {""accuracy"": 80.0, ""f1_score"": 79.8, ""correct"": 16, ""total"": 20}, ""subtle_gray_stripes_stripe228_bg123"": {""accuracy"": 65.0, ""f1_score"": 62.67, ""correct"": 13, ""total"": 20}, ""subtle_gray_stripes_stripe228_bg124"": {""accuracy"": 80.0, ""f1_score"": 79.8, ""correct"": 16, ""total"": 20}, ""subtle_gray_stripes_stripe229_bg120"": {""accuracy"": 70.0, ""f1_score"": 70.0, ""correct"": 14, ""total"": 20}, ""subtle_gray_stripes_stripe229_bg121"": {""accuracy"": 95.0, ""f1_score"": 94.99, ""correct"": 19, ""total"": 20}, ""subtle_gray_stripes_stripe229_bg123"": {""accuracy"": 85.0, ""f1_score"": 84.65, ""correct"": 17, ""total"": 20}, ""subtle_gray_stripes_stripe229_bg124"": {""accuracy"": 85.0, ""f1_score"": 84.65, ""correct"": 17, ""total"": 20}}","{""angle0"": {""accuracy"": 85.62, ""f1_score"": 85.6, ""correct"": 137, ""total"": 160}, ""angle30"": {""accuracy"": 81.25, ""f1_score"": 80.82, ""correct"": 130, ""total"": 160}}",,,saves/loraplus_random_sampler_dec10,loraplus_random_sampler_dec10,FALSE,lora+,5,,
75,12/10/2025 10:38,20251210_103820,_exp_20251208_230500,_exp_20251208_230500_train,_exp_20251208_230500_test,100,1,42,subtle_gray_stripes,"left,right,up,down","0.0,15.0,30.0,45.0","0.0,14.0",640x480,4,12,0,1,none,1,0,0,0.1,1,0,0,"1.0,1.2",10,60,20,15,0,FALSE,,,,,FALSE,,,,FALSE,subtle_gray_stripes,"left,right,up,down","0.0,15.0,30.0,45.0","0.0,14.0",640x480,4,12,0,1,none,1,0,0,0.1,1,0,0,"1.0,1.2",10,60,15,10,0,FALSE,,,,,FALSE,,,,FALSE,Qwen/Qwen2.5-VL-3B-Instruct,qwen2_vl,saves/loraplus_hf_shuffle_dec10,8,16,0.05,8192,14,1,5.00E-05,cosine,0.1,FALSE,TRUE,4,10,100,100,yesno,128,1024,4,128,0.8,TRUE,FALSE,FALSE,FALSE,skipped,completed,completed,50,33.33,0,66.67,25,50,0,160,160,160,80.94,80.71,82.82,78.6,82.49,80.94,147,160,112,160,"{""subtle_gray_stripes_stripe226_bg120"": {""accuracy"": 50.0, ""f1_score"": 33.33, ""correct"": 10, ""total"": 20}, ""subtle_gray_stripes_stripe226_bg121"": {""accuracy"": 50.0, ""f1_score"": 33.33, ""correct"": 10, ""total"": 20}, ""subtle_gray_stripes_stripe226_bg123"": {""accuracy"": 50.0, ""f1_score"": 33.33, ""correct"": 10, ""total"": 20}, ""subtle_gray_stripes_stripe226_bg124"": {""accuracy"": 50.0, ""f1_score"": 33.33, ""correct"": 10, ""total"": 20}, ""subtle_gray_stripes_stripe227_bg120"": {""accuracy"": 50.0, ""f1_score"": 33.33, ""correct"": 10, ""total"": 20}, ""subtle_gray_stripes_stripe227_bg121"": {""accuracy"": 50.0, ""f1_score"": 33.33, ""correct"": 10, ""total"": 20}, ""subtle_gray_stripes_stripe227_bg123"": {""accuracy"": 50.0, ""f1_score"": 33.33, ""correct"": 10, ""total"": 20}, ""subtle_gray_stripes_stripe227_bg124"": {""accuracy"": 50.0, ""f1_score"": 33.33, ""correct"": 10, ""total"": 20}, ""subtle_gray_stripes_stripe228_bg120"": {""accuracy"": 50.0, ""f1_score"": 33.33, ""correct"": 10, ""total"": 20}, ""subtle_gray_stripes_stripe228_bg121"": {""accuracy"": 50.0, ""f1_score"": 33.33, ""correct"": 10, ""total"": 20}, ""subtle_gray_stripes_stripe228_bg123"": {""accuracy"": 50.0, ""f1_score"": 33.33, ""correct"": 10, ""total"": 20}, ""subtle_gray_stripes_stripe228_bg124"": {""accuracy"": 50.0, ""f1_score"": 33.33, ""correct"": 10, ""total"": 20}, ""subtle_gray_stripes_stripe229_bg120"": {""accuracy"": 50.0, ""f1_score"": 33.33, ""correct"": 10, ""total"": 20}, ""subtle_gray_stripes_stripe229_bg121"": {""accuracy"": 50.0, ""f1_score"": 33.33, ""correct"": 10, ""total"": 20}, ""subtle_gray_stripes_stripe229_bg123"": {""accuracy"": 50.0, ""f1_score"": 33.33, ""correct"": 10, ""total"": 20}, ""subtle_gray_stripes_stripe229_bg124"": {""accuracy"": 50.0, ""f1_score"": 33.33, ""correct"": 10, ""total"": 20}}","{""angle0"": {""accuracy"": 50.0, ""f1_score"": 33.33, ""correct"": 80, ""total"": 160}, ""angle30"": {""accuracy"": 50.0, ""f1_score"": 33.33, ""correct"": 80, ""total"": 160}}","{""subtle_gray_stripes_stripe226_bg120"": {""accuracy"": 70.0, ""f1_score"": 69.7, ""correct"": 14, ""total"": 20}, ""subtle_gray_stripes_stripe226_bg121"": {""accuracy"": 85.0, ""f1_score"": 84.65, ""correct"": 17, ""total"": 20}, ""subtle_gray_stripes_stripe226_bg123"": {""accuracy"": 90.0, ""f1_score"": 89.9, ""correct"": 18, ""total"": 20}, ""subtle_gray_stripes_stripe226_bg124"": {""accuracy"": 85.0, ""f1_score"": 84.96, ""correct"": 17, ""total"": 20}, ""subtle_gray_stripes_stripe227_bg120"": {""accuracy"": 85.0, ""f1_score"": 84.65, ""correct"": 17, ""total"": 20}, ""subtle_gray_stripes_stripe227_bg121"": {""accuracy"": 90.0, ""f1_score"": 89.9, ""correct"": 18, ""total"": 20}, ""subtle_gray_stripes_stripe227_bg123"": {""accuracy"": 90.0, ""f1_score"": 89.9, ""correct"": 18, ""total"": 20}, ""subtle_gray_stripes_stripe227_bg124"": {""accuracy"": 65.0, ""f1_score"": 62.67, ""correct"": 13, ""total"": 20}, ""subtle_gray_stripes_stripe228_bg120"": {""accuracy"": 80.0, ""f1_score"": 80.0, ""correct"": 16, ""total"": 20}, ""subtle_gray_stripes_stripe228_bg121"": {""accuracy"": 70.0, ""f1_score"": 68.75, ""correct"": 14, ""total"": 20}, ""subtle_gray_stripes_stripe228_bg123"": {""accuracy"": 75.0, ""f1_score"": 74.94, ""correct"": 15, ""total"": 20}, ""subtle_gray_stripes_stripe228_bg124"": {""accuracy"": 90.0, ""f1_score"": 90.0, ""correct"": 18, ""total"": 20}, ""subtle_gray_stripes_stripe229_bg120"": {""accuracy"": 75.0, ""f1_score"": 73.33, ""correct"": 15, ""total"": 20}, ""subtle_gray_stripes_stripe229_bg121"": {""accuracy"": 85.0, ""f1_score"": 84.65, ""correct"": 17, ""total"": 20}, ""subtle_gray_stripes_stripe229_bg123"": {""accuracy"": 85.0, ""f1_score"": 84.96, ""correct"": 17, ""total"": 20}, ""subtle_gray_stripes_stripe229_bg124"": {""accuracy"": 75.0, ""f1_score"": 74.94, ""correct"": 15, ""total"": 20}}","{""angle0"": {""accuracy"": 77.5, ""f1_score"": 76.68, ""correct"": 124, ""total"": 160}, ""angle30"": {""accuracy"": 84.38, ""f1_score"": 84.36, ""correct"": 135, ""total"": 160}}",,,saves/loraplus_hf_shuffle_dec10,loraplus_hf_shuffle_dec10,FALSE,lora+,5,,
76,12/10/2025 10:58,20251210_105831,_exp_20251208_230500,_exp_20251208_230500_train,_exp_20251208_230500_test,100,1,42,subtle_gray_stripes,"left,right,up,down","0.0,15.0,30.0,45.0","0.0,14.0",640x480,4,12,0,1,none,1,0,0,0.1,1,0,0,"1.0,1.2",10,60,20,15,0,FALSE,,,,,FALSE,,,,FALSE,subtle_gray_stripes,"left,right,up,down","0.0,15.0,30.0,45.0","0.0,14.0",640x480,4,12,0,1,none,1,0,0,0.1,1,0,0,"1.0,1.2",10,60,15,10,0,FALSE,,,,,FALSE,,,,FALSE,Qwen/Qwen2.5-VL-3B-Instruct,qwen2_vl,saves/loraplus_random_sampler_fixed_dec10,8,16,0.05,8192,14,1,5.00E-05,cosine,0.1,FALSE,TRUE,4,10,100,100,yesno,128,1024,4,128,0.8,TRUE,FALSE,FALSE,FALSE,skipped,completed,completed,50,33.33,0,66.67,25,50,0,160,160,160,83.44,83.28,81.66,84.9,84.74,83.44,118,160,149,160,"{""subtle_gray_stripes_stripe226_bg120"": {""accuracy"": 50.0, ""f1_score"": 33.33, ""correct"": 10, ""total"": 20}, ""subtle_gray_stripes_stripe226_bg121"": {""accuracy"": 50.0, ""f1_score"": 33.33, ""correct"": 10, ""total"": 20}, ""subtle_gray_stripes_stripe226_bg123"": {""accuracy"": 50.0, ""f1_score"": 33.33, ""correct"": 10, ""total"": 20}, ""subtle_gray_stripes_stripe226_bg124"": {""accuracy"": 50.0, ""f1_score"": 33.33, ""correct"": 10, ""total"": 20}, ""subtle_gray_stripes_stripe227_bg120"": {""accuracy"": 50.0, ""f1_score"": 33.33, ""correct"": 10, ""total"": 20}, ""subtle_gray_stripes_stripe227_bg121"": {""accuracy"": 50.0, ""f1_score"": 33.33, ""correct"": 10, ""total"": 20}, ""subtle_gray_stripes_stripe227_bg123"": {""accuracy"": 50.0, ""f1_score"": 33.33, ""correct"": 10, ""total"": 20}, ""subtle_gray_stripes_stripe227_bg124"": {""accuracy"": 50.0, ""f1_score"": 33.33, ""correct"": 10, ""total"": 20}, ""subtle_gray_stripes_stripe228_bg120"": {""accuracy"": 50.0, ""f1_score"": 33.33, ""correct"": 10, ""total"": 20}, ""subtle_gray_stripes_stripe228_bg121"": {""accuracy"": 50.0, ""f1_score"": 33.33, ""correct"": 10, ""total"": 20}, ""subtle_gray_stripes_stripe228_bg123"": {""accuracy"": 50.0, ""f1_score"": 33.33, ""correct"": 10, ""total"": 20}, ""subtle_gray_stripes_stripe228_bg124"": {""accuracy"": 50.0, ""f1_score"": 33.33, ""correct"": 10, ""total"": 20}, ""subtle_gray_stripes_stripe229_bg120"": {""accuracy"": 50.0, ""f1_score"": 33.33, ""correct"": 10, ""total"": 20}, ""subtle_gray_stripes_stripe229_bg121"": {""accuracy"": 50.0, ""f1_score"": 33.33, ""correct"": 10, ""total"": 20}, ""subtle_gray_stripes_stripe229_bg123"": {""accuracy"": 50.0, ""f1_score"": 33.33, ""correct"": 10, ""total"": 20}, ""subtle_gray_stripes_stripe229_bg124"": {""accuracy"": 50.0, ""f1_score"": 33.33, ""correct"": 10, ""total"": 20}}","{""angle0"": {""accuracy"": 50.0, ""f1_score"": 33.33, ""correct"": 80, ""total"": 160}, ""angle30"": {""accuracy"": 50.0, ""f1_score"": 33.33, ""correct"": 80, ""total"": 160}}","{""subtle_gray_stripes_stripe226_bg120"": {""accuracy"": 80.0, ""f1_score"": 79.8, ""correct"": 16, ""total"": 20}, ""subtle_gray_stripes_stripe226_bg121"": {""accuracy"": 80.0, ""f1_score"": 80.0, ""correct"": 16, ""total"": 20}, ""subtle_gray_stripes_stripe226_bg123"": {""accuracy"": 90.0, ""f1_score"": 89.9, ""correct"": 18, ""total"": 20}, ""subtle_gray_stripes_stripe226_bg124"": {""accuracy"": 80.0, ""f1_score"": 79.17, ""correct"": 16, ""total"": 20}, ""subtle_gray_stripes_stripe227_bg120"": {""accuracy"": 95.0, ""f1_score"": 94.99, ""correct"": 19, ""total"": 20}, ""subtle_gray_stripes_stripe227_bg121"": {""accuracy"": 85.0, ""f1_score"": 84.65, ""correct"": 17, ""total"": 20}, ""subtle_gray_stripes_stripe227_bg123"": {""accuracy"": 100.0, ""f1_score"": 100.0, ""correct"": 20, ""total"": 20}, ""subtle_gray_stripes_stripe227_bg124"": {""accuracy"": 80.0, ""f1_score"": 80.0, ""correct"": 16, ""total"": 20}, ""subtle_gray_stripes_stripe228_bg120"": {""accuracy"": 85.0, ""f1_score"": 84.65, ""correct"": 17, ""total"": 20}, ""subtle_gray_stripes_stripe228_bg121"": {""accuracy"": 80.0, ""f1_score"": 79.8, ""correct"": 16, ""total"": 20}, ""subtle_gray_stripes_stripe228_bg123"": {""accuracy"": 65.0, ""f1_score"": 62.67, ""correct"": 13, ""total"": 20}, ""subtle_gray_stripes_stripe228_bg124"": {""accuracy"": 80.0, ""f1_score"": 79.8, ""correct"": 16, ""total"": 20}, ""subtle_gray_stripes_stripe229_bg120"": {""accuracy"": 70.0, ""f1_score"": 70.0, ""correct"": 14, ""total"": 20}, ""subtle_gray_stripes_stripe229_bg121"": {""accuracy"": 95.0, ""f1_score"": 94.99, ""correct"": 19, ""total"": 20}, ""subtle_gray_stripes_stripe229_bg123"": {""accuracy"": 85.0, ""f1_score"": 84.65, ""correct"": 17, ""total"": 20}, ""subtle_gray_stripes_stripe229_bg124"": {""accuracy"": 85.0, ""f1_score"": 84.65, ""correct"": 17, ""total"": 20}}","{""angle0"": {""accuracy"": 85.62, ""f1_score"": 85.6, ""correct"": 137, ""total"": 160}, ""angle30"": {""accuracy"": 81.25, ""f1_score"": 80.82, ""correct"": 130, ""total"": 160}}",Our random shuffle,,saves/loraplus_random_sampler_fixed_dec10,loraplus_random_sampler_fixed_dec10,FALSE,lora+,5,,
77,12/10/2025 11:20,20251210_112045,_exp_20251208_230500,_exp_20251208_230500_train,_exp_20251208_230500_test,100,1,42,subtle_gray_stripes,"left,right,up,down","0.0,15.0,30.0,45.0","0.0,14.0",640x480,4,12,0,1,none,1,0,0,0.1,1,0,0,"1.0,1.2",10,60,20,15,0,FALSE,,,,,FALSE,,,,FALSE,subtle_gray_stripes,"left,right,up,down","0.0,15.0,30.0,45.0","0.0,14.0",640x480,4,12,0,1,none,1,0,0,0.1,1,0,0,"1.0,1.2",10,60,15,10,0,FALSE,,,,,FALSE,,,,FALSE,Qwen/Qwen2.5-VL-3B-Instruct,qwen2_vl,saves/loraplus_iter_count_fix_dec10,8,16,0.05,8192,14,1,5.00E-05,cosine,0.1,FALSE,TRUE,4,10,100,100,yesno,128,1024,4,128,0.8,TRUE,FALSE,FALSE,FALSE,skipped,completed,completed,50,33.33,0,66.67,25,50,0,160,160,160,80.94,80.71,82.82,78.6,82.49,80.94,147,160,112,160,"{""subtle_gray_stripes_stripe226_bg120"": {""accuracy"": 50.0, ""f1_score"": 33.33, ""correct"": 10, ""total"": 20}, ""subtle_gray_stripes_stripe226_bg121"": {""accuracy"": 50.0, ""f1_score"": 33.33, ""correct"": 10, ""total"": 20}, ""subtle_gray_stripes_stripe226_bg123"": {""accuracy"": 50.0, ""f1_score"": 33.33, ""correct"": 10, ""total"": 20}, ""subtle_gray_stripes_stripe226_bg124"": {""accuracy"": 50.0, ""f1_score"": 33.33, ""correct"": 10, ""total"": 20}, ""subtle_gray_stripes_stripe227_bg120"": {""accuracy"": 50.0, ""f1_score"": 33.33, ""correct"": 10, ""total"": 20}, ""subtle_gray_stripes_stripe227_bg121"": {""accuracy"": 50.0, ""f1_score"": 33.33, ""correct"": 10, ""total"": 20}, ""subtle_gray_stripes_stripe227_bg123"": {""accuracy"": 50.0, ""f1_score"": 33.33, ""correct"": 10, ""total"": 20}, ""subtle_gray_stripes_stripe227_bg124"": {""accuracy"": 50.0, ""f1_score"": 33.33, ""correct"": 10, ""total"": 20}, ""subtle_gray_stripes_stripe228_bg120"": {""accuracy"": 50.0, ""f1_score"": 33.33, ""correct"": 10, ""total"": 20}, ""subtle_gray_stripes_stripe228_bg121"": {""accuracy"": 50.0, ""f1_score"": 33.33, ""correct"": 10, ""total"": 20}, ""subtle_gray_stripes_stripe228_bg123"": {""accuracy"": 50.0, ""f1_score"": 33.33, ""correct"": 10, ""total"": 20}, ""subtle_gray_stripes_stripe228_bg124"": {""accuracy"": 50.0, ""f1_score"": 33.33, ""correct"": 10, ""total"": 20}, ""subtle_gray_stripes_stripe229_bg120"": {""accuracy"": 50.0, ""f1_score"": 33.33, ""correct"": 10, ""total"": 20}, ""subtle_gray_stripes_stripe229_bg121"": {""accuracy"": 50.0, ""f1_score"": 33.33, ""correct"": 10, ""total"": 20}, ""subtle_gray_stripes_stripe229_bg123"": {""accuracy"": 50.0, ""f1_score"": 33.33, ""correct"": 10, ""total"": 20}, ""subtle_gray_stripes_stripe229_bg124"": {""accuracy"": 50.0, ""f1_score"": 33.33, ""correct"": 10, ""total"": 20}}","{""angle0"": {""accuracy"": 50.0, ""f1_score"": 33.33, ""correct"": 80, ""total"": 160}, ""angle30"": {""accuracy"": 50.0, ""f1_score"": 33.33, ""correct"": 80, ""total"": 160}}","{""subtle_gray_stripes_stripe226_bg120"": {""accuracy"": 70.0, ""f1_score"": 69.7, ""correct"": 14, ""total"": 20}, ""subtle_gray_stripes_stripe226_bg121"": {""accuracy"": 85.0, ""f1_score"": 84.65, ""correct"": 17, ""total"": 20}, ""subtle_gray_stripes_stripe226_bg123"": {""accuracy"": 90.0, ""f1_score"": 89.9, ""correct"": 18, ""total"": 20}, ""subtle_gray_stripes_stripe226_bg124"": {""accuracy"": 85.0, ""f1_score"": 84.96, ""correct"": 17, ""total"": 20}, ""subtle_gray_stripes_stripe227_bg120"": {""accuracy"": 85.0, ""f1_score"": 84.65, ""correct"": 17, ""total"": 20}, ""subtle_gray_stripes_stripe227_bg121"": {""accuracy"": 90.0, ""f1_score"": 89.9, ""correct"": 18, ""total"": 20}, ""subtle_gray_stripes_stripe227_bg123"": {""accuracy"": 90.0, ""f1_score"": 89.9, ""correct"": 18, ""total"": 20}, ""subtle_gray_stripes_stripe227_bg124"": {""accuracy"": 65.0, ""f1_score"": 62.67, ""correct"": 13, ""total"": 20}, ""subtle_gray_stripes_stripe228_bg120"": {""accuracy"": 80.0, ""f1_score"": 80.0, ""correct"": 16, ""total"": 20}, ""subtle_gray_stripes_stripe228_bg121"": {""accuracy"": 70.0, ""f1_score"": 68.75, ""correct"": 14, ""total"": 20}, ""subtle_gray_stripes_stripe228_bg123"": {""accuracy"": 75.0, ""f1_score"": 74.94, ""correct"": 15, ""total"": 20}, ""subtle_gray_stripes_stripe228_bg124"": {""accuracy"": 90.0, ""f1_score"": 90.0, ""correct"": 18, ""total"": 20}, ""subtle_gray_stripes_stripe229_bg120"": {""accuracy"": 75.0, ""f1_score"": 73.33, ""correct"": 15, ""total"": 20}, ""subtle_gray_stripes_stripe229_bg121"": {""accuracy"": 85.0, ""f1_score"": 84.65, ""correct"": 17, ""total"": 20}, ""subtle_gray_stripes_stripe229_bg123"": {""accuracy"": 85.0, ""f1_score"": 84.96, ""correct"": 17, ""total"": 20}, ""subtle_gray_stripes_stripe229_bg124"": {""accuracy"": 75.0, ""f1_score"": 74.94, ""correct"": 15, ""total"": 20}}","{""angle0"": {""accuracy"": 77.5, ""f1_score"": 76.68, ""correct"": 124, ""total"": 160}, ""angle30"": {""accuracy"": 84.38, ""f1_score"": 84.36, ""correct"": 135, ""total"": 160}}",regular shuffle hugging face,,saves/loraplus_iter_count_fix_dec10,loraplus_iter_count_fix_dec10,FALSE,lora+,5,,
78,12/10/2025 11:29,20251210_112959,real_world_test_my_treadmill_processed,real_world_test_my_treadmill_processed_train,real_world_test_my_treadmill_processed_test,100,1,42,subtle_gray_stripes,"left,right,up,down","0.0,15.0,30.0,45.0","0.0,14.0",640x480,4,12,0,1,none,1,0,0,0.1,1,0,0,"1.0,1.2",10,60,20,15,0,FALSE,,,,,FALSE,,,,FALSE,subtle_gray_stripes,"left,right,up,down","0.0,15.0,30.0,45.0","0.0,14.0",640x480,4,12,0,1,none,1,0,0,0.1,1,0,0,"1.0,1.2",10,60,15,10,0,FALSE,,,,,FALSE,,,,FALSE,Qwen/Qwen2.5-VL-3B-Instruct,qwen2_vl,saves/loraplus_random_sampler_fixed_dec10,8,16,0.05,8192,1,8,5.00E-05,cosine,0.1,FALSE,TRUE,4,10,100,100,yesno,128,1024,4,128,0.8,TRUE,TRUE,FALSE,FALSE,skipped,skipped,completed,50,33.33,0,66.67,25,50,0,40,40,40,55,53.58,45.45,61.7,55.7,55,15,40,29,40,"{""realworld"": {""accuracy"": 50.0, ""f1_score"": 33.33, ""correct"": 40, ""total"": 80}}","{""angle0"": {""accuracy"": 50.0, ""f1_score"": 33.33, ""correct"": 40, ""total"": 80}}","{""realworld"": {""accuracy"": 55.0, ""f1_score"": 53.58, ""correct"": 44, ""total"": 80}}","{""angle0"": {""accuracy"": 55.0, ""f1_score"": 53.58, ""correct"": 44, ""total"": 80}}",,,saves/loraplus_random_sampler_fixed_dec10,,FALSE,lora,5,,
79,12/10/2025 11:53,20251210_115318,_exp_20251208_230500,_exp_20251208_230500_train,_exp_20251208_230500_test,100,1,42,subtle_gray_stripes,"left,right,up,down","0.0,15.0,30.0,45.0","0.0,14.0",640x480,4,12,0,1,none,1,0,0,0.1,1,0,0,"1.0,1.2",10,60,20,15,0,FALSE,,,,,FALSE,,,,FALSE,subtle_gray_stripes,"left,right,up,down","0.0,15.0,30.0,45.0","0.0,14.0",640x480,4,12,0,1,none,1,0,0,0.1,1,0,0,"1.0,1.2",10,60,15,10,0,FALSE,,,,,FALSE,,,,FALSE,Qwen/Qwen2.5-VL-3B-Instruct,qwen2_vl,saves/loraplus_10epochs_dec10,8,16,0.05,8192,14,1,5.00E-05,cosine,0.1,FALSE,TRUE,4,10,100,100,yesno,128,1024,4,128,0.8,TRUE,FALSE,FALSE,FALSE,skipped,completed,completed,50,33.33,0,66.67,25,50,0,160,160,160,69.38,66.87,75.98,57.76,77.78,69.38,155,160,67,160,"{""subtle_gray_stripes_stripe226_bg120"": {""accuracy"": 50.0, ""f1_score"": 33.33, ""correct"": 10, ""total"": 20}, ""subtle_gray_stripes_stripe226_bg121"": {""accuracy"": 50.0, ""f1_score"": 33.33, ""correct"": 10, ""total"": 20}, ""subtle_gray_stripes_stripe226_bg123"": {""accuracy"": 50.0, ""f1_score"": 33.33, ""correct"": 10, ""total"": 20}, ""subtle_gray_stripes_stripe226_bg124"": {""accuracy"": 50.0, ""f1_score"": 33.33, ""correct"": 10, ""total"": 20}, ""subtle_gray_stripes_stripe227_bg120"": {""accuracy"": 50.0, ""f1_score"": 33.33, ""correct"": 10, ""total"": 20}, ""subtle_gray_stripes_stripe227_bg121"": {""accuracy"": 50.0, ""f1_score"": 33.33, ""correct"": 10, ""total"": 20}, ""subtle_gray_stripes_stripe227_bg123"": {""accuracy"": 50.0, ""f1_score"": 33.33, ""correct"": 10, ""total"": 20}, ""subtle_gray_stripes_stripe227_bg124"": {""accuracy"": 50.0, ""f1_score"": 33.33, ""correct"": 10, ""total"": 20}, ""subtle_gray_stripes_stripe228_bg120"": {""accuracy"": 50.0, ""f1_score"": 33.33, ""correct"": 10, ""total"": 20}, ""subtle_gray_stripes_stripe228_bg121"": {""accuracy"": 50.0, ""f1_score"": 33.33, ""correct"": 10, ""total"": 20}, ""subtle_gray_stripes_stripe228_bg123"": {""accuracy"": 50.0, ""f1_score"": 33.33, ""correct"": 10, ""total"": 20}, ""subtle_gray_stripes_stripe228_bg124"": {""accuracy"": 50.0, ""f1_score"": 33.33, ""correct"": 10, ""total"": 20}, ""subtle_gray_stripes_stripe229_bg120"": {""accuracy"": 50.0, ""f1_score"": 33.33, ""correct"": 10, ""total"": 20}, ""subtle_gray_stripes_stripe229_bg121"": {""accuracy"": 50.0, ""f1_score"": 33.33, ""correct"": 10, ""total"": 20}, ""subtle_gray_stripes_stripe229_bg123"": {""accuracy"": 50.0, ""f1_score"": 33.33, ""correct"": 10, ""total"": 20}, ""subtle_gray_stripes_stripe229_bg124"": {""accuracy"": 50.0, ""f1_score"": 33.33, ""correct"": 10, ""total"": 20}}","{""angle0"": {""accuracy"": 50.0, ""f1_score"": 33.33, ""correct"": 80, ""total"": 160}, ""angle30"": {""accuracy"": 50.0, ""f1_score"": 33.33, ""correct"": 80, ""total"": 160}}","{""subtle_gray_stripes_stripe226_bg120"": {""accuracy"": 65.0, ""f1_score"": 62.67, ""correct"": 13, ""total"": 20}, ""subtle_gray_stripes_stripe226_bg121"": {""accuracy"": 70.0, ""f1_score"": 67.03, ""correct"": 14, ""total"": 20}, ""subtle_gray_stripes_stripe226_bg123"": {""accuracy"": 65.0, ""f1_score"": 60.11, ""correct"": 13, ""total"": 20}, ""subtle_gray_stripes_stripe226_bg124"": {""accuracy"": 70.0, ""f1_score"": 68.75, ""correct"": 14, ""total"": 20}, ""subtle_gray_stripes_stripe227_bg120"": {""accuracy"": 65.0, ""f1_score"": 60.11, ""correct"": 13, ""total"": 20}, ""subtle_gray_stripes_stripe227_bg121"": {""accuracy"": 80.0, ""f1_score"": 79.17, ""correct"": 16, ""total"": 20}, ""subtle_gray_stripes_stripe227_bg123"": {""accuracy"": 80.0, ""f1_score"": 79.17, ""correct"": 16, ""total"": 20}, ""subtle_gray_stripes_stripe227_bg124"": {""accuracy"": 70.0, ""f1_score"": 67.03, ""correct"": 14, ""total"": 20}, ""subtle_gray_stripes_stripe228_bg120"": {""accuracy"": 70.0, ""f1_score"": 68.75, ""correct"": 14, ""total"": 20}, ""subtle_gray_stripes_stripe228_bg121"": {""accuracy"": 70.0, ""f1_score"": 67.03, ""correct"": 14, ""total"": 20}, ""subtle_gray_stripes_stripe228_bg123"": {""accuracy"": 65.0, ""f1_score"": 62.67, ""correct"": 13, ""total"": 20}, ""subtle_gray_stripes_stripe228_bg124"": {""accuracy"": 75.0, ""f1_score"": 73.33, ""correct"": 15, ""total"": 20}, ""subtle_gray_stripes_stripe229_bg120"": {""accuracy"": 60.0, ""f1_score"": 52.38, ""correct"": 12, ""total"": 20}, ""subtle_gray_stripes_stripe229_bg121"": {""accuracy"": 70.0, ""f1_score"": 67.03, ""correct"": 14, ""total"": 20}, ""subtle_gray_stripes_stripe229_bg123"": {""accuracy"": 70.0, ""f1_score"": 67.03, ""correct"": 14, ""total"": 20}, ""subtle_gray_stripes_stripe229_bg124"": {""accuracy"": 65.0, ""f1_score"": 62.67, ""correct"": 13, ""total"": 20}}","{""angle0"": {""accuracy"": 65.0, ""f1_score"": 60.11, ""correct"": 104, ""total"": 160}, ""angle30"": {""accuracy"": 73.75, ""f1_score"": 72.66, ""correct"": 118, ""total"": 160}}",Our random shuffle,,saves/loraplus_10epochs_dec10,loraplus_10epochs_dec10,FALSE,lora+,10,file:///mnt/c/Users/shaha/Desktop/Qwen2.5/LLaMA-Factory/analytics/reports/_exp_20251208_230500_dual_report_20251210_141331.html,
80,12/10/2025 12:19,20251210_121915,_exp_20251208_230500,_exp_20251208_230500_train,_exp_20251208_230500_test,100,1,42,subtle_gray_stripes,"left,right,up,down","0.0,15.0,30.0,45.0","0.0,14.0",640x480,4,12,0,1,none,1,0,0,0.1,1,0,0,"1.0,1.2",10,60,20,15,0,FALSE,,,,,FALSE,,,,FALSE,subtle_gray_stripes,"left,right,up,down","0.0,15.0,30.0,45.0","0.0,14.0",640x480,4,12,0,1,none,1,0,0,0.1,1,0,0,"1.0,1.2",10,60,15,10,0,FALSE,,,,,FALSE,,,,FALSE,Qwen/Qwen2.5-VL-3B-Instruct,qwen2_vl,saves/loraplus_10epochs_noshuffle_dec10,8,16,0.05,8192,14,1,5.00E-05,cosine,0.1,FALSE,TRUE,4,10,100,100,yesno,128,1024,4,128,0.8,TRUE,FALSE,FALSE,FALSE,skipped,completed,completed,50,33.33,0,66.67,25,50,0,160,160,160,58.75,50.29,70.8,29.79,77.4,58.75,160,160,28,160,"{""subtle_gray_stripes_stripe226_bg120"": {""accuracy"": 50.0, ""f1_score"": 33.33, ""correct"": 10, ""total"": 20}, ""subtle_gray_stripes_stripe226_bg121"": {""accuracy"": 50.0, ""f1_score"": 33.33, ""correct"": 10, ""total"": 20}, ""subtle_gray_stripes_stripe226_bg123"": {""accuracy"": 50.0, ""f1_score"": 33.33, ""correct"": 10, ""total"": 20}, ""subtle_gray_stripes_stripe226_bg124"": {""accuracy"": 50.0, ""f1_score"": 33.33, ""correct"": 10, ""total"": 20}, ""subtle_gray_stripes_stripe227_bg120"": {""accuracy"": 50.0, ""f1_score"": 33.33, ""correct"": 10, ""total"": 20}, ""subtle_gray_stripes_stripe227_bg121"": {""accuracy"": 50.0, ""f1_score"": 33.33, ""correct"": 10, ""total"": 20}, ""subtle_gray_stripes_stripe227_bg123"": {""accuracy"": 50.0, ""f1_score"": 33.33, ""correct"": 10, ""total"": 20}, ""subtle_gray_stripes_stripe227_bg124"": {""accuracy"": 50.0, ""f1_score"": 33.33, ""correct"": 10, ""total"": 20}, ""subtle_gray_stripes_stripe228_bg120"": {""accuracy"": 50.0, ""f1_score"": 33.33, ""correct"": 10, ""total"": 20}, ""subtle_gray_stripes_stripe228_bg121"": {""accuracy"": 50.0, ""f1_score"": 33.33, ""correct"": 10, ""total"": 20}, ""subtle_gray_stripes_stripe228_bg123"": {""accuracy"": 50.0, ""f1_score"": 33.33, ""correct"": 10, ""total"": 20}, ""subtle_gray_stripes_stripe228_bg124"": {""accuracy"": 50.0, ""f1_score"": 33.33, ""correct"": 10, ""total"": 20}, ""subtle_gray_stripes_stripe229_bg120"": {""accuracy"": 50.0, ""f1_score"": 33.33, ""correct"": 10, ""total"": 20}, ""subtle_gray_stripes_stripe229_bg121"": {""accuracy"": 50.0, ""f1_score"": 33.33, ""correct"": 10, ""total"": 20}, ""subtle_gray_stripes_stripe229_bg123"": {""accuracy"": 50.0, ""f1_score"": 33.33, ""correct"": 10, ""total"": 20}, ""subtle_gray_stripes_stripe229_bg124"": {""accuracy"": 50.0, ""f1_score"": 33.33, ""correct"": 10, ""total"": 20}}","{""angle0"": {""accuracy"": 50.0, ""f1_score"": 33.33, ""correct"": 80, ""total"": 160}, ""angle30"": {""accuracy"": 50.0, ""f1_score"": 33.33, ""correct"": 80, ""total"": 160}}","{""subtle_gray_stripes_stripe226_bg120"": {""accuracy"": 70.0, ""f1_score"": 67.03, ""correct"": 14, ""total"": 20}, ""subtle_gray_stripes_stripe226_bg121"": {""accuracy"": 55.0, ""f1_score"": 43.57, ""correct"": 11, ""total"": 20}, ""subtle_gray_stripes_stripe226_bg123"": {""accuracy"": 60.0, ""f1_score"": 52.38, ""correct"": 12, ""total"": 20}, ""subtle_gray_stripes_stripe226_bg124"": {""accuracy"": 55.0, ""f1_score"": 43.57, ""correct"": 11, ""total"": 20}, ""subtle_gray_stripes_stripe227_bg120"": {""accuracy"": 60.0, ""f1_score"": 52.38, ""correct"": 12, ""total"": 20}, ""subtle_gray_stripes_stripe227_bg121"": {""accuracy"": 65.0, ""f1_score"": 60.11, ""correct"": 13, ""total"": 20}, ""subtle_gray_stripes_stripe227_bg123"": {""accuracy"": 60.0, ""f1_score"": 52.38, ""correct"": 12, ""total"": 20}, ""subtle_gray_stripes_stripe227_bg124"": {""accuracy"": 50.0, ""f1_score"": 33.33, ""correct"": 10, ""total"": 20}, ""subtle_gray_stripes_stripe228_bg120"": {""accuracy"": 65.0, ""f1_score"": 60.11, ""correct"": 13, ""total"": 20}, ""subtle_gray_stripes_stripe228_bg121"": {""accuracy"": 55.0, ""f1_score"": 43.57, ""correct"": 11, ""total"": 20}, ""subtle_gray_stripes_stripe228_bg123"": {""accuracy"": 55.0, ""f1_score"": 43.57, ""correct"": 11, ""total"": 20}, ""subtle_gray_stripes_stripe228_bg124"": {""accuracy"": 70.0, ""f1_score"": 67.03, ""correct"": 14, ""total"": 20}, ""subtle_gray_stripes_stripe229_bg120"": {""accuracy"": 60.0, ""f1_score"": 52.38, ""correct"": 12, ""total"": 20}, ""subtle_gray_stripes_stripe229_bg121"": {""accuracy"": 55.0, ""f1_score"": 43.57, ""correct"": 11, ""total"": 20}, ""subtle_gray_stripes_stripe229_bg123"": {""accuracy"": 50.0, ""f1_score"": 33.33, ""correct"": 10, ""total"": 20}, ""subtle_gray_stripes_stripe229_bg124"": {""accuracy"": 55.0, ""f1_score"": 43.57, ""correct"": 11, ""total"": 20}}","{""angle0"": {""accuracy"": 56.88, ""f1_score"": 47.02, ""correct"": 91, ""total"": 160}, ""angle30"": {""accuracy"": 60.62, ""f1_score"": 53.4, ""correct"": 97, ""total"": 160}}",regular shuffle hugging face,,saves/loraplus_10epochs_noshuffle_dec10,loraplus_10epochs_noshuffle_dec10,FALSE,lora+,10,file:///mnt/c/Users/shaha/Desktop/Qwen2.5/LLaMA-Factory/analytics/reports/_exp_20251208_230500_dual_report_20251210_143918.html,
81,12/10/2025 12:47,20251210_124704,_exp_20251208_230500,_exp_20251208_230500_train,_exp_20251208_230500_test,100,1,42,subtle_gray_stripes,"left,right,up,down","0.0,15.0,30.0,45.0","0.0,14.0",640x480,4,12,0,1,none,1,0,0,0.1,1,0,0,"1.0,1.2",10,60,20,15,0,FALSE,,,,,FALSE,,,,FALSE,subtle_gray_stripes,"left,right,up,down","0.0,15.0,30.0,45.0","0.0,14.0",640x480,4,12,0,1,none,1,0,0,0.1,1,0,0,"1.0,1.2",10,60,15,10,0,FALSE,,,,,FALSE,,,,FALSE,Qwen/Qwen2.5-VL-3B-Instruct,qwen2_vl,saves/loraplus_hf_shuffle_5epochs_dec10,8,16,0.05,8192,14,1,5.00E-05,cosine,0.1,FALSE,TRUE,4,10,100,100,yesno,128,1024,4,128,0.8,TRUE,FALSE,FALSE,FALSE,skipped,completed,completed,50,33.33,0,66.67,25,50,0,160,160,160,83.44,83.28,81.66,84.9,84.74,83.44,118,160,149,160,"{""subtle_gray_stripes_stripe226_bg120"": {""accuracy"": 50.0, ""f1_score"": 33.33, ""correct"": 10, ""total"": 20}, ""subtle_gray_stripes_stripe226_bg121"": {""accuracy"": 50.0, ""f1_score"": 33.33, ""correct"": 10, ""total"": 20}, ""subtle_gray_stripes_stripe226_bg123"": {""accuracy"": 50.0, ""f1_score"": 33.33, ""correct"": 10, ""total"": 20}, ""subtle_gray_stripes_stripe226_bg124"": {""accuracy"": 50.0, ""f1_score"": 33.33, ""correct"": 10, ""total"": 20}, ""subtle_gray_stripes_stripe227_bg120"": {""accuracy"": 50.0, ""f1_score"": 33.33, ""correct"": 10, ""total"": 20}, ""subtle_gray_stripes_stripe227_bg121"": {""accuracy"": 50.0, ""f1_score"": 33.33, ""correct"": 10, ""total"": 20}, ""subtle_gray_stripes_stripe227_bg123"": {""accuracy"": 50.0, ""f1_score"": 33.33, ""correct"": 10, ""total"": 20}, ""subtle_gray_stripes_stripe227_bg124"": {""accuracy"": 50.0, ""f1_score"": 33.33, ""correct"": 10, ""total"": 20}, ""subtle_gray_stripes_stripe228_bg120"": {""accuracy"": 50.0, ""f1_score"": 33.33, ""correct"": 10, ""total"": 20}, ""subtle_gray_stripes_stripe228_bg121"": {""accuracy"": 50.0, ""f1_score"": 33.33, ""correct"": 10, ""total"": 20}, ""subtle_gray_stripes_stripe228_bg123"": {""accuracy"": 50.0, ""f1_score"": 33.33, ""correct"": 10, ""total"": 20}, ""subtle_gray_stripes_stripe228_bg124"": {""accuracy"": 50.0, ""f1_score"": 33.33, ""correct"": 10, ""total"": 20}, ""subtle_gray_stripes_stripe229_bg120"": {""accuracy"": 50.0, ""f1_score"": 33.33, ""correct"": 10, ""total"": 20}, ""subtle_gray_stripes_stripe229_bg121"": {""accuracy"": 50.0, ""f1_score"": 33.33, ""correct"": 10, ""total"": 20}, ""subtle_gray_stripes_stripe229_bg123"": {""accuracy"": 50.0, ""f1_score"": 33.33, ""correct"": 10, ""total"": 20}, ""subtle_gray_stripes_stripe229_bg124"": {""accuracy"": 50.0, ""f1_score"": 33.33, ""correct"": 10, ""total"": 20}}","{""angle0"": {""accuracy"": 50.0, ""f1_score"": 33.33, ""correct"": 80, ""total"": 160}, ""angle30"": {""accuracy"": 50.0, ""f1_score"": 33.33, ""correct"": 80, ""total"": 160}}","{""subtle_gray_stripes_stripe226_bg120"": {""accuracy"": 80.0, ""f1_score"": 79.8, ""correct"": 16, ""total"": 20}, ""subtle_gray_stripes_stripe226_bg121"": {""accuracy"": 80.0, ""f1_score"": 80.0, ""correct"": 16, ""total"": 20}, ""subtle_gray_stripes_stripe226_bg123"": {""accuracy"": 90.0, ""f1_score"": 89.9, ""correct"": 18, ""total"": 20}, ""subtle_gray_stripes_stripe226_bg124"": {""accuracy"": 80.0, ""f1_score"": 79.17, ""correct"": 16, ""total"": 20}, ""subtle_gray_stripes_stripe227_bg120"": {""accuracy"": 95.0, ""f1_score"": 94.99, ""correct"": 19, ""total"": 20}, ""subtle_gray_stripes_stripe227_bg121"": {""accuracy"": 85.0, ""f1_score"": 84.65, ""correct"": 17, ""total"": 20}, ""subtle_gray_stripes_stripe227_bg123"": {""accuracy"": 100.0, ""f1_score"": 100.0, ""correct"": 20, ""total"": 20}, ""subtle_gray_stripes_stripe227_bg124"": {""accuracy"": 80.0, ""f1_score"": 80.0, ""correct"": 16, ""total"": 20}, ""subtle_gray_stripes_stripe228_bg120"": {""accuracy"": 85.0, ""f1_score"": 84.65, ""correct"": 17, ""total"": 20}, ""subtle_gray_stripes_stripe228_bg121"": {""accuracy"": 80.0, ""f1_score"": 79.8, ""correct"": 16, ""total"": 20}, ""subtle_gray_stripes_stripe228_bg123"": {""accuracy"": 65.0, ""f1_score"": 62.67, ""correct"": 13, ""total"": 20}, ""subtle_gray_stripes_stripe228_bg124"": {""accuracy"": 80.0, ""f1_score"": 79.8, ""correct"": 16, ""total"": 20}, ""subtle_gray_stripes_stripe229_bg120"": {""accuracy"": 70.0, ""f1_score"": 70.0, ""correct"": 14, ""total"": 20}, ""subtle_gray_stripes_stripe229_bg121"": {""accuracy"": 95.0, ""f1_score"": 94.99, ""correct"": 19, ""total"": 20}, ""subtle_gray_stripes_stripe229_bg123"": {""accuracy"": 85.0, ""f1_score"": 84.65, ""correct"": 17, ""total"": 20}, ""subtle_gray_stripes_stripe229_bg124"": {""accuracy"": 85.0, ""f1_score"": 84.65, ""correct"": 17, ""total"": 20}}","{""angle0"": {""accuracy"": 85.62, ""f1_score"": 85.6, ""correct"": 137, ""total"": 160}, ""angle30"": {""accuracy"": 81.25, ""f1_score"": 80.82, ""correct"": 130, ""total"": 160}}",Our random shuffle,,saves/loraplus_hf_shuffle_5epochs_dec10,loraplus_hf_shuffle_5epochs_dec10,FALSE,lora+,5,file:///mnt/c/Users/shaha/Desktop/Qwen2.5/LLaMA-Factory/analytics/reports/_exp_20251208_230500_dual_report_20251210_150334.html,
82,12/10/2025 13:16,20251210_131649,_exp_20251208_230500,_exp_20251208_230500_train,_exp_20251208_230500_test,100,1,42,subtle_gray_stripes,"left,right,up,down","0.0,15.0,30.0,45.0","0.0,14.0",640x480,4,12,0,1,none,1,0,0,0.1,1,0,0,"1.0,1.2",10,60,20,15,0,FALSE,,,,,FALSE,,,,FALSE,subtle_gray_stripes,"left,right,up,down","0.0,15.0,30.0,45.0","0.0,14.0",640x480,4,12,0,1,none,1,0,0,0.1,1,0,0,"1.0,1.2",10,60,15,10,0,FALSE,,,,,FALSE,,,,FALSE,Qwen/Qwen2.5-VL-3B-Instruct,qwen2_vl,saves/loraplus_hf_sequential_dec10,8,16,0.05,8192,14,1,5.00E-05,cosine,0.1,FALSE,TRUE,4,10,100,100,yesno,128,1024,4,128,0.8,TRUE,FALSE,FALSE,FALSE,skipped,completed,completed,50,33.33,0,66.67,25,50,0,160,160,160,79.06,78.64,81.64,75.64,81.56,79.06,149,160,104,160,"{""subtle_gray_stripes_stripe226_bg120"": {""accuracy"": 50.0, ""f1_score"": 33.33, ""correct"": 10, ""total"": 20}, ""subtle_gray_stripes_stripe226_bg121"": {""accuracy"": 50.0, ""f1_score"": 33.33, ""correct"": 10, ""total"": 20}, ""subtle_gray_stripes_stripe226_bg123"": {""accuracy"": 50.0, ""f1_score"": 33.33, ""correct"": 10, ""total"": 20}, ""subtle_gray_stripes_stripe226_bg124"": {""accuracy"": 50.0, ""f1_score"": 33.33, ""correct"": 10, ""total"": 20}, ""subtle_gray_stripes_stripe227_bg120"": {""accuracy"": 50.0, ""f1_score"": 33.33, ""correct"": 10, ""total"": 20}, ""subtle_gray_stripes_stripe227_bg121"": {""accuracy"": 50.0, ""f1_score"": 33.33, ""correct"": 10, ""total"": 20}, ""subtle_gray_stripes_stripe227_bg123"": {""accuracy"": 50.0, ""f1_score"": 33.33, ""correct"": 10, ""total"": 20}, ""subtle_gray_stripes_stripe227_bg124"": {""accuracy"": 50.0, ""f1_score"": 33.33, ""correct"": 10, ""total"": 20}, ""subtle_gray_stripes_stripe228_bg120"": {""accuracy"": 50.0, ""f1_score"": 33.33, ""correct"": 10, ""total"": 20}, ""subtle_gray_stripes_stripe228_bg121"": {""accuracy"": 50.0, ""f1_score"": 33.33, ""correct"": 10, ""total"": 20}, ""subtle_gray_stripes_stripe228_bg123"": {""accuracy"": 50.0, ""f1_score"": 33.33, ""correct"": 10, ""total"": 20}, ""subtle_gray_stripes_stripe228_bg124"": {""accuracy"": 50.0, ""f1_score"": 33.33, ""correct"": 10, ""total"": 20}, ""subtle_gray_stripes_stripe229_bg120"": {""accuracy"": 50.0, ""f1_score"": 33.33, ""correct"": 10, ""total"": 20}, ""subtle_gray_stripes_stripe229_bg121"": {""accuracy"": 50.0, ""f1_score"": 33.33, ""correct"": 10, ""total"": 20}, ""subtle_gray_stripes_stripe229_bg123"": {""accuracy"": 50.0, ""f1_score"": 33.33, ""correct"": 10, ""total"": 20}, ""subtle_gray_stripes_stripe229_bg124"": {""accuracy"": 50.0, ""f1_score"": 33.33, ""correct"": 10, ""total"": 20}}","{""angle0"": {""accuracy"": 50.0, ""f1_score"": 33.33, ""correct"": 80, ""total"": 160}, ""angle30"": {""accuracy"": 50.0, ""f1_score"": 33.33, ""correct"": 80, ""total"": 160}}","{""subtle_gray_stripes_stripe226_bg120"": {""accuracy"": 75.0, ""f1_score"": 74.94, ""correct"": 15, ""total"": 20}, ""subtle_gray_stripes_stripe226_bg121"": {""accuracy"": 80.0, ""f1_score"": 79.17, ""correct"": 16, ""total"": 20}, ""subtle_gray_stripes_stripe226_bg123"": {""accuracy"": 80.0, ""f1_score"": 79.17, ""correct"": 16, ""total"": 20}, ""subtle_gray_stripes_stripe226_bg124"": {""accuracy"": 75.0, ""f1_score"": 74.94, ""correct"": 15, ""total"": 20}, ""subtle_gray_stripes_stripe227_bg120"": {""accuracy"": 80.0, ""f1_score"": 79.17, ""correct"": 16, ""total"": 20}, ""subtle_gray_stripes_stripe227_bg121"": {""accuracy"": 85.0, ""f1_score"": 84.65, ""correct"": 17, ""total"": 20}, ""subtle_gray_stripes_stripe227_bg123"": {""accuracy"": 85.0, ""f1_score"": 84.65, ""correct"": 17, ""total"": 20}, ""subtle_gray_stripes_stripe227_bg124"": {""accuracy"": 75.0, ""f1_score"": 73.33, ""correct"": 15, ""total"": 20}, ""subtle_gray_stripes_stripe228_bg120"": {""accuracy"": 90.0, ""f1_score"": 90.0, ""correct"": 18, ""total"": 20}, ""subtle_gray_stripes_stripe228_bg121"": {""accuracy"": 70.0, ""f1_score"": 68.75, ""correct"": 14, ""total"": 20}, ""subtle_gray_stripes_stripe228_bg123"": {""accuracy"": 65.0, ""f1_score"": 64.19, ""correct"": 13, ""total"": 20}, ""subtle_gray_stripes_stripe228_bg124"": {""accuracy"": 90.0, ""f1_score"": 90.0, ""correct"": 18, ""total"": 20}, ""subtle_gray_stripes_stripe229_bg120"": {""accuracy"": 70.0, ""f1_score"": 68.75, ""correct"": 14, ""total"": 20}, ""subtle_gray_stripes_stripe229_bg121"": {""accuracy"": 85.0, ""f1_score"": 84.65, ""correct"": 17, ""total"": 20}, ""subtle_gray_stripes_stripe229_bg123"": {""accuracy"": 75.0, ""f1_score"": 73.33, ""correct"": 15, ""total"": 20}, ""subtle_gray_stripes_stripe229_bg124"": {""accuracy"": 85.0, ""f1_score"": 84.96, ""correct"": 17, ""total"": 20}}","{""angle0"": {""accuracy"": 79.38, ""f1_score"": 78.57, ""correct"": 127, ""total"": 160}, ""angle30"": {""accuracy"": 78.75, ""f1_score"": 78.59, ""correct"": 126, ""total"": 160}}",No shuffle,,saves/loraplus_hf_sequential_dec10,loraplus_hf_sequential_dec10,FALSE,lora+,5,file:///mnt/c/Users/shaha/Desktop/Qwen2.5/LLaMA-Factory/analytics/reports/_exp_20251208_230500_dual_report_20251210_153319.html,
3,2025-12-10 14:37:47,20251210_143747,_exp_20251209_dist_augment_x5_combined,_exp_20251209_dist_augment_x5_combined_train,_exp_20251209_dist_augment_x5_combined_test,100,1.0,42,subtle_gray_stripes,"left,right,up,down","0.0,15.0,30.0,45.0","0.0,14.0",640x480,4,12.0,0.0,1.0,none,1.0,0,0.0,0.1,1.0,0,0,"1.0,1.2",10,60,20,15,0.0,false,,,,,false,,,,false,subtle_gray_stripes,"left,right,up,down","0.0,15.0,30.0,45.0","0.0,14.0",640x480,4,12.0,0.0,1.0,none,1.0,0,0.0,0.1,1.0,0,0,"1.0,1.2",10,60,15,10,0.0,false,,,,,false,,,,false,Qwen/Qwen2.5-VL-3B-Instruct,qwen2_vl,saves/loraplus_balanced_x5combined_dec10,8,16,0.05,8192,2,7,5e-05,cosine,0.1,False,True,4,10,100,100,yesno,128,1024,4.0,128,0.8,True,False,False,False,skipped,completed,completed,50.00,33.33,0.00,66.67,25.00,50.00,0,160,160,160,77.50,76.50,71.65,81.35,83.14,77.50,91,160,157,160,"{""subtle_gray_stripes_stripe226_bg120"": {""accuracy"": 50.0, ""f1_score"": 33.33, ""correct"": 10, ""total"": 20}, ""subtle_gray_stripes_stripe226_bg121"": {""accuracy"": 50.0, ""f1_score"": 33.33, ""correct"": 10, ""total"": 20}, ""subtle_gray_stripes_stripe226_bg123"": {""accuracy"": 50.0, ""f1_score"": 33.33, ""correct"": 10, ""total"": 20}, ""subtle_gray_stripes_stripe226_bg124"": {""accuracy"": 50.0, ""f1_score"": 33.33, ""correct"": 10, ""total"": 20}, ""subtle_gray_stripes_stripe227_bg120"": {""accuracy"": 50.0, ""f1_score"": 33.33, ""correct"": 10, ""total"": 20}, ""subtle_gray_stripes_stripe227_bg121"": {""accuracy"": 50.0, ""f1_score"": 33.33, ""correct"": 10, ""total"": 20}, ""subtle_gray_stripes_stripe227_bg123"": {""accuracy"": 50.0, ""f1_score"": 33.33, ""correct"": 10, ""total"": 20}, ""subtle_gray_stripes_stripe227_bg124"": {""accuracy"": 50.0, ""f1_score"": 33.33, ""correct"": 10, ""total"": 20}, ""subtle_gray_stripes_stripe228_bg120"": {""accuracy"": 50.0, ""f1_score"": 33.33, ""correct"": 10, ""total"": 20}, ""subtle_gray_stripes_stripe228_bg121"": {""accuracy"": 50.0, ""f1_score"": 33.33, ""correct"": 10, ""total"": 20}, ""subtle_gray_stripes_stripe228_bg123"": {""accuracy"": 50.0, ""f1_score"": 33.33, ""correct"": 10, ""total"": 20}, ""subtle_gray_stripes_stripe228_bg124"": {""accuracy"": 50.0, ""f1_score"": 33.33, ""correct"": 10, ""total"": 20}, ""subtle_gray_stripes_stripe229_bg120"": {""accuracy"": 50.0, ""f1_score"": 33.33, ""correct"": 10, ""total"": 20}, ""subtle_gray_stripes_stripe229_bg121"": {""accuracy"": 50.0, ""f1_score"": 33.33, ""correct"": 10, ""total"": 20}, ""subtle_gray_stripes_stripe229_bg123"": {""accuracy"": 50.0, ""f1_score"": 33.33, ""correct"": 10, ""total"": 20}, ""subtle_gray_stripes_stripe229_bg124"": {""accuracy"": 50.0, ""f1_score"": 33.33, ""correct"": 10, ""total"": 20}}","{""angle0"": {""accuracy"": 50.0, ""f1_score"": 33.33, ""correct"": 80, ""total"": 160}, ""angle30"": {""accuracy"": 50.0, ""f1_score"": 33.33, ""correct"": 80, ""total"": 160}}","{""subtle_gray_stripes_stripe226_bg120"": {""accuracy"": 75.0, ""f1_score"": 73.33, ""correct"": 15, ""total"": 20}, ""subtle_gray_stripes_stripe226_bg121"": {""accuracy"": 70.0, ""f1_score"": 67.03, ""correct"": 14, ""total"": 20}, ""subtle_gray_stripes_stripe226_bg123"": {""accuracy"": 80.0, ""f1_score"": 79.17, ""correct"": 16, ""total"": 20}, ""subtle_gray_stripes_stripe226_bg124"": {""accuracy"": 75.0, ""f1_score"": 74.42, ""correct"": 15, ""total"": 20}, ""subtle_gray_stripes_stripe227_bg120"": {""accuracy"": 75.0, ""f1_score"": 73.33, ""correct"": 15, ""total"": 20}, ""subtle_gray_stripes_stripe227_bg121"": {""accuracy"": 80.0, ""f1_score"": 79.17, ""correct"": 16, ""total"": 20}, ""subtle_gray_stripes_stripe227_bg123"": {""accuracy"": 75.0, ""f1_score"": 73.33, ""correct"": 15, ""total"": 20}, ""subtle_gray_stripes_stripe227_bg124"": {""accuracy"": 80.0, ""f1_score"": 79.17, ""correct"": 16, ""total"": 20}, ""subtle_gray_stripes_stripe228_bg120"": {""accuracy"": 80.0, ""f1_score"": 79.17, ""correct"": 16, ""total"": 20}, ""subtle_gray_stripes_stripe228_bg121"": {""accuracy"": 70.0, ""f1_score"": 67.03, ""correct"": 14, ""total"": 20}, ""subtle_gray_stripes_stripe228_bg123"": {""accuracy"": 80.0, ""f1_score"": 79.17, ""correct"": 16, ""total"": 20}, ""subtle_gray_stripes_stripe228_bg124"": {""accuracy"": 85.0, ""f1_score"": 84.65, ""correct"": 17, ""total"": 20}, ""subtle_gray_stripes_stripe229_bg120"": {""accuracy"": 75.0, ""f1_score"": 74.42, ""correct"": 15, ""total"": 20}, ""subtle_gray_stripes_stripe229_bg121"": {""accuracy"": 85.0, ""f1_score"": 84.65, ""correct"": 17, ""total"": 20}, ""subtle_gray_stripes_stripe229_bg123"": {""accuracy"": 75.0, ""f1_score"": 74.42, ""correct"": 15, ""total"": 20}, ""subtle_gray_stripes_stripe229_bg124"": {""accuracy"": 80.0, ""f1_score"": 79.17, ""correct"": 16, ""total"": 20}}","{""angle0"": {""accuracy"": 79.38, ""f1_score"": 78.46, ""correct"": 127, ""total"": 160}, ""angle30"": {""accuracy"": 75.62, ""f1_score"": 74.54, ""correct"": 121, ""total"": 160}}",,,saves/loraplus_balanced_x5combined_dec10,loraplus_balanced_x5combined_dec10,False,lora+,5,file:///mnt/c/Users/shaha/Desktop/Qwen2.5/LLaMA-Factory/analytics/reports/_exp_20251209_dist_augment_x5_combined_dual_report_20251210_165629.html,
4,2025-12-10 15:13:06,20251210_151306,_exp_20251209_dist_augment_x5_combined,_exp_20251209_dist_augment_x5_combined_train,_exp_20251209_dist_augment_x5_combined_test,100,1.0,42,subtle_gray_stripes,"left,right,up,down","0.0,15.0,30.0,45.0","0.0,14.0",640x480,4,12.0,0.0,1.0,none,1.0,0,0.0,0.1,1.0,0,0,"1.0,1.2",10,60,20,15,0.0,false,,,,,false,,,,false,subtle_gray_stripes,"left,right,up,down","0.0,15.0,30.0,45.0","0.0,14.0",640x480,4,12.0,0.0,1.0,none,1.0,0,0.0,0.1,1.0,0,0,"1.0,1.2",10,60,15,10,0.0,false,,,,,false,,,,false,Qwen/Qwen2.5-VL-3B-Instruct,qwen2_vl,saves/loraplus_balanced_x5combined_dec10_b14,8,16,0.05,8192,14,1,5e-05,cosine,0.1,False,True,4,10,100,100,yesno,128,1024,4.0,128,0.8,True,False,False,False,skipped,completed,completed,50.00,33.33,0.00,66.67,25.00,50.00,0,160,160,160,78.12,77.21,72.66,81.77,83.48,78.12,93,160,157,160,"{""subtle_gray_stripes_stripe226_bg120"": {""accuracy"": 50.0, ""f1_score"": 33.33, ""correct"": 10, ""total"": 20}, ""subtle_gray_stripes_stripe226_bg121"": {""accuracy"": 50.0, ""f1_score"": 33.33, ""correct"": 10, ""total"": 20}, ""subtle_gray_stripes_stripe226_bg123"": {""accuracy"": 50.0, ""f1_score"": 33.33, ""correct"": 10, ""total"": 20}, ""subtle_gray_stripes_stripe226_bg124"": {""accuracy"": 50.0, ""f1_score"": 33.33, ""correct"": 10, ""total"": 20}, ""subtle_gray_stripes_stripe227_bg120"": {""accuracy"": 50.0, ""f1_score"": 33.33, ""correct"": 10, ""total"": 20}, ""subtle_gray_stripes_stripe227_bg121"": {""accuracy"": 50.0, ""f1_score"": 33.33, ""correct"": 10, ""total"": 20}, ""subtle_gray_stripes_stripe227_bg123"": {""accuracy"": 50.0, ""f1_score"": 33.33, ""correct"": 10, ""total"": 20}, ""subtle_gray_stripes_stripe227_bg124"": {""accuracy"": 50.0, ""f1_score"": 33.33, ""correct"": 10, ""total"": 20}, ""subtle_gray_stripes_stripe228_bg120"": {""accuracy"": 50.0, ""f1_score"": 33.33, ""correct"": 10, ""total"": 20}, ""subtle_gray_stripes_stripe228_bg121"": {""accuracy"": 50.0, ""f1_score"": 33.33, ""correct"": 10, ""total"": 20}, ""subtle_gray_stripes_stripe228_bg123"": {""accuracy"": 50.0, ""f1_score"": 33.33, ""correct"": 10, ""total"": 20}, ""subtle_gray_stripes_stripe228_bg124"": {""accuracy"": 50.0, ""f1_score"": 33.33, ""correct"": 10, ""total"": 20}, ""subtle_gray_stripes_stripe229_bg120"": {""accuracy"": 50.0, ""f1_score"": 33.33, ""correct"": 10, ""total"": 20}, ""subtle_gray_stripes_stripe229_bg121"": {""accuracy"": 50.0, ""f1_score"": 33.33, ""correct"": 10, ""total"": 20}, ""subtle_gray_stripes_stripe229_bg123"": {""accuracy"": 50.0, ""f1_score"": 33.33, ""correct"": 10, ""total"": 20}, ""subtle_gray_stripes_stripe229_bg124"": {""accuracy"": 50.0, ""f1_score"": 33.33, ""correct"": 10, ""total"": 20}}","{""angle0"": {""accuracy"": 50.0, ""f1_score"": 33.33, ""correct"": 80, ""total"": 160}, ""angle30"": {""accuracy"": 50.0, ""f1_score"": 33.33, ""correct"": 80, ""total"": 160}}","{""subtle_gray_stripes_stripe226_bg120"": {""accuracy"": 75.0, ""f1_score"": 73.33, ""correct"": 15, ""total"": 20}, ""subtle_gray_stripes_stripe226_bg121"": {""accuracy"": 70.0, ""f1_score"": 67.03, ""correct"": 14, ""total"": 20}, ""subtle_gray_stripes_stripe226_bg123"": {""accuracy"": 80.0, ""f1_score"": 79.17, ""correct"": 16, ""total"": 20}, ""subtle_gray_stripes_stripe226_bg124"": {""accuracy"": 75.0, ""f1_score"": 74.42, ""correct"": 15, ""total"": 20}, ""subtle_gray_stripes_stripe227_bg120"": {""accuracy"": 80.0, ""f1_score"": 79.17, ""correct"": 16, ""total"": 20}, ""subtle_gray_stripes_stripe227_bg121"": {""accuracy"": 80.0, ""f1_score"": 79.17, ""correct"": 16, ""total"": 20}, ""subtle_gray_stripes_stripe227_bg123"": {""accuracy"": 80.0, ""f1_score"": 79.17, ""correct"": 16, ""total"": 20}, ""subtle_gray_stripes_stripe227_bg124"": {""accuracy"": 80.0, ""f1_score"": 79.17, ""correct"": 16, ""total"": 20}, ""subtle_gray_stripes_stripe228_bg120"": {""accuracy"": 80.0, ""f1_score"": 79.17, ""correct"": 16, ""total"": 20}, ""subtle_gray_stripes_stripe228_bg121"": {""accuracy"": 70.0, ""f1_score"": 67.03, ""correct"": 14, ""total"": 20}, ""subtle_gray_stripes_stripe228_bg123"": {""accuracy"": 80.0, ""f1_score"": 79.17, ""correct"": 16, ""total"": 20}, ""subtle_gray_stripes_stripe228_bg124"": {""accuracy"": 85.0, ""f1_score"": 84.65, ""correct"": 17, ""total"": 20}, ""subtle_gray_stripes_stripe229_bg120"": {""accuracy"": 75.0, ""f1_score"": 74.42, ""correct"": 15, ""total"": 20}, ""subtle_gray_stripes_stripe229_bg121"": {""accuracy"": 85.0, ""f1_score"": 84.65, ""correct"": 17, ""total"": 20}, ""subtle_gray_stripes_stripe229_bg123"": {""accuracy"": 75.0, ""f1_score"": 74.42, ""correct"": 15, ""total"": 20}, ""subtle_gray_stripes_stripe229_bg124"": {""accuracy"": 80.0, ""f1_score"": 79.17, ""correct"": 16, ""total"": 20}}","{""angle0"": {""accuracy"": 79.38, ""f1_score"": 78.46, ""correct"": 127, ""total"": 160}, ""angle30"": {""accuracy"": 76.88, ""f1_score"": 75.97, ""correct"": 123, ""total"": 160}}",,,saves/loraplus_balanced_x5combined_dec10_b14,loraplus_balanced_x5combined_dec10_b14,False,lora+,5,file:///mnt/c/Users/shaha/Desktop/Qwen2.5/LLaMA-Factory/analytics/reports/_exp_20251209_dist_augment_x5_combined_dual_report_20251210_173224.html,
5,2025-12-10 15:40:58,20251210_154058,real_world_test_my_treadmill_processed,real_world_test_my_treadmill_processed_train,real_world_test_my_treadmill_processed_test,100,1.0,42,subtle_gray_stripes,"left,right,up,down","0.0,15.0,30.0,45.0","0.0,14.0",640x480,4,12.0,0.0,1.0,none,1.0,0,0.0,0.1,1.0,0,0,"1.0,1.2",10,60,20,15,0.0,false,,,,,false,,,,false,subtle_gray_stripes,"left,right,up,down","0.0,15.0,30.0,45.0","0.0,14.0",640x480,4,12.0,0.0,1.0,none,1.0,0,0.0,0.1,1.0,0,0,"1.0,1.2",10,60,15,10,0.0,false,,,,,false,,,,false,Qwen/Qwen2.5-VL-3B-Instruct,qwen2_vl,saves/loraplus_balanced_x5combined_dec10_b14,8,16,0.05,8192,1,8,5e-05,cosine,0.1,False,True,4,10,100,100,yesno,128,1024,4.0,128,0.8,True,True,False,False,skipped,skipped,completed,50.00,33.33,0.00,66.67,25.00,50.00,0,40,40,40,51.25,45.97,29.09,62.86,52.05,51.25,8,40,33,40,"{""realworld"": {""accuracy"": 50.0, ""f1_score"": 33.33, ""correct"": 40, ""total"": 80}}","{""angle0"": {""accuracy"": 50.0, ""f1_score"": 33.33, ""correct"": 40, ""total"": 80}}","{""realworld"": {""accuracy"": 51.25, ""f1_score"": 45.97, ""correct"": 41, ""total"": 80}}","{""angle0"": {""accuracy"": 51.25, ""f1_score"": 45.97, ""correct"": 41, ""total"": 80}}",,,saves/loraplus_balanced_x5combined_dec10_b14,,False,lora,5,file:///mnt/c/Users/shaha/Desktop/Qwen2.5/LLaMA-Factory/analytics/reports/real_world_test_my_treadmill_processed_dual_report_20251210_174742.html,
6,2025-12-10 15:59:56,20251210_155956,_exp_20251209_dist_augment,_exp_20251209_dist_augment_train,_exp_20251209_dist_augment_test,100,1.0,42,subtle_gray_stripes,"left,right,up,down","0.0,15.0,30.0,45.0","0.0,14.0",640x480,4,12.0,0.0,1.0,none,1.0,0,0.0,0.1,1.0,0,0,"1.0,1.2",10,60,20,15,0.0,false,,,,,false,,,,false,subtle_gray_stripes,"left,right,up,down","0.0,15.0,30.0,45.0","0.0,14.0",640x480,4,12.0,0.0,1.0,none,1.0,0,0.0,0.1,1.0,0,0,"1.0,1.2",10,60,15,10,0.0,false,,,,,false,,,,false,Qwen/Qwen2.5-VL-3B-Instruct,qwen2_vl,saves/loraplus_balanced_dist_augment_dec10,8,16,0.05,8192,14,1,5e-05,cosine,0.1,False,True,4,10,100,100,yesno,128,1024,4.0,128,0.8,True,False,False,False,skipped,completed,completed,50.00,33.33,0.00,66.67,25.00,50.00,0,160,160,160,59.69,52.15,33.16,71.14,76.19,59.69,32,160,159,160,"{""subtle_gray_stripes_stripe226_bg120"": {""accuracy"": 50.0, ""f1_score"": 33.33, ""correct"": 10, ""total"": 20}, ""subtle_gray_stripes_stripe226_bg121"": {""accuracy"": 50.0, ""f1_score"": 33.33, ""correct"": 10, ""total"": 20}, ""subtle_gray_stripes_stripe226_bg123"": {""accuracy"": 50.0, ""f1_score"": 33.33, ""correct"": 10, ""total"": 20}, ""subtle_gray_stripes_stripe226_bg124"": {""accuracy"": 50.0, ""f1_score"": 33.33, ""correct"": 10, ""total"": 20}, ""subtle_gray_stripes_stripe227_bg120"": {""accuracy"": 50.0, ""f1_score"": 33.33, ""correct"": 10, ""total"": 20}, ""subtle_gray_stripes_stripe227_bg121"": {""accuracy"": 50.0, ""f1_score"": 33.33, ""correct"": 10, ""total"": 20}, ""subtle_gray_stripes_stripe227_bg123"": {""accuracy"": 50.0, ""f1_score"": 33.33, ""correct"": 10, ""total"": 20}, ""subtle_gray_stripes_stripe227_bg124"": {""accuracy"": 50.0, ""f1_score"": 33.33, ""correct"": 10, ""total"": 20}, ""subtle_gray_stripes_stripe228_bg120"": {""accuracy"": 50.0, ""f1_score"": 33.33, ""correct"": 10, ""total"": 20}, ""subtle_gray_stripes_stripe228_bg121"": {""accuracy"": 50.0, ""f1_score"": 33.33, ""correct"": 10, ""total"": 20}, ""subtle_gray_stripes_stripe228_bg123"": {""accuracy"": 50.0, ""f1_score"": 33.33, ""correct"": 10, ""total"": 20}, ""subtle_gray_stripes_stripe228_bg124"": {""accuracy"": 50.0, ""f1_score"": 33.33, ""correct"": 10, ""total"": 20}, ""subtle_gray_stripes_stripe229_bg120"": {""accuracy"": 50.0, ""f1_score"": 33.33, ""correct"": 10, ""total"": 20}, ""subtle_gray_stripes_stripe229_bg121"": {""accuracy"": 50.0, ""f1_score"": 33.33, ""correct"": 10, ""total"": 20}, ""subtle_gray_stripes_stripe229_bg123"": {""accuracy"": 50.0, ""f1_score"": 33.33, ""correct"": 10, ""total"": 20}, ""subtle_gray_stripes_stripe229_bg124"": {""accuracy"": 50.0, ""f1_score"": 33.33, ""correct"": 10, ""total"": 20}}","{""angle0"": {""accuracy"": 50.0, ""f1_score"": 33.33, ""correct"": 80, ""total"": 160}, ""angle30"": {""accuracy"": 50.0, ""f1_score"": 33.33, ""correct"": 80, ""total"": 160}}","{""subtle_gray_stripes_stripe226_bg120"": {""accuracy"": 60.0, ""f1_score"": 52.38, ""correct"": 12, ""total"": 20}, ""subtle_gray_stripes_stripe226_bg121"": {""accuracy"": 60.0, ""f1_score"": 52.38, ""correct"": 12, ""total"": 20}, ""subtle_gray_stripes_stripe226_bg123"": {""accuracy"": 60.0, ""f1_score"": 52.38, ""correct"": 12, ""total"": 20}, ""subtle_gray_stripes_stripe226_bg124"": {""accuracy"": 60.0, ""f1_score"": 52.38, ""correct"": 12, ""total"": 20}, ""subtle_gray_stripes_stripe227_bg120"": {""accuracy"": 60.0, ""f1_score"": 52.38, ""correct"": 12, ""total"": 20}, ""subtle_gray_stripes_stripe227_bg121"": {""accuracy"": 60.0, ""f1_score"": 52.38, ""correct"": 12, ""total"": 20}, ""subtle_gray_stripes_stripe227_bg123"": {""accuracy"": 60.0, ""f1_score"": 52.38, ""correct"": 12, ""total"": 20}, ""subtle_gray_stripes_stripe227_bg124"": {""accuracy"": 60.0, ""f1_score"": 52.38, ""correct"": 12, ""total"": 20}, ""subtle_gray_stripes_stripe228_bg120"": {""accuracy"": 60.0, ""f1_score"": 52.38, ""correct"": 12, ""total"": 20}, ""subtle_gray_stripes_stripe228_bg121"": {""accuracy"": 60.0, ""f1_score"": 52.38, ""correct"": 12, ""total"": 20}, ""subtle_gray_stripes_stripe228_bg123"": {""accuracy"": 60.0, ""f1_score"": 52.38, ""correct"": 12, ""total"": 20}, ""subtle_gray_stripes_stripe228_bg124"": {""accuracy"": 60.0, ""f1_score"": 52.38, ""correct"": 12, ""total"": 20}, ""subtle_gray_stripes_stripe229_bg120"": {""accuracy"": 60.0, ""f1_score"": 52.38, ""correct"": 12, ""total"": 20}, ""subtle_gray_stripes_stripe229_bg121"": {""accuracy"": 60.0, ""f1_score"": 52.38, ""correct"": 12, ""total"": 20}, ""subtle_gray_stripes_stripe229_bg123"": {""accuracy"": 55.0, ""f1_score"": 48.72, ""correct"": 11, ""total"": 20}, ""subtle_gray_stripes_stripe229_bg124"": {""accuracy"": 60.0, ""f1_score"": 52.38, ""correct"": 12, ""total"": 20}}","{""angle0"": {""accuracy"": 60.0, ""f1_score"": 52.38, ""correct"": 96, ""total"": 160}, ""angle30"": {""accuracy"": 59.38, ""f1_score"": 51.92, ""correct"": 95, ""total"": 160}}",,,saves/loraplus_balanced_dist_augment_dec10,loraplus_balanced_dist_augment_dec10,False,lora+,5,file:///mnt/c/Users/shaha/Desktop/Qwen2.5/LLaMA-Factory/analytics/reports/_exp_20251209_dist_augment_dual_report_20251210_181624.html,
7,2025-12-10 16:25:45,20251210_162545,_exp_20251208_230500,_exp_20251208_230500_train,_exp_20251208_230500_test,100,1.0,42,subtle_gray_stripes,"left,right,up,down","0.0,15.0,30.0,45.0","0.0,14.0",640x480,4,12.0,0.0,1.0,none,1.0,0,0.0,0.1,1.0,0,0,"1.0,1.2",10,60,20,15,0.0,false,,,,,false,,,,false,subtle_gray_stripes,"left,right,up,down","0.0,15.0,30.0,45.0","0.0,14.0",640x480,4,12.0,0.0,1.0,none,1.0,0,0.0,0.1,1.0,0,0,"1.0,1.2",10,60,15,10,0.0,false,,,,,false,,,,false,Qwen/Qwen2.5-VL-3B-Instruct,qwen2_vl,saves/loraplus_balanced_exp230500_dec10,8,16,0.05,8192,14,1,5e-05,cosine,0.1,False,True,4,10,100,100,yesno,128,1024,4.0,128,0.8,True,False,False,False,skipped,completed,completed,50.00,33.33,0.00,66.67,25.00,50.00,0,160,160,160,54.69,43.38,68.68,18.08,73.30,54.69,159,160,16,160,"{""subtle_gray_stripes_stripe226_bg120"": {""accuracy"": 50.0, ""f1_score"": 33.33, ""correct"": 10, ""total"": 20}, ""subtle_gray_stripes_stripe226_bg121"": {""accuracy"": 50.0, ""f1_score"": 33.33, ""correct"": 10, ""total"": 20}, ""subtle_gray_stripes_stripe226_bg123"": {""accuracy"": 50.0, ""f1_score"": 33.33, ""correct"": 10, ""total"": 20}, ""subtle_gray_stripes_stripe226_bg124"": {""accuracy"": 50.0, ""f1_score"": 33.33, ""correct"": 10, ""total"": 20}, ""subtle_gray_stripes_stripe227_bg120"": {""accuracy"": 50.0, ""f1_score"": 33.33, ""correct"": 10, ""total"": 20}, ""subtle_gray_stripes_stripe227_bg121"": {""accuracy"": 50.0, ""f1_score"": 33.33, ""correct"": 10, ""total"": 20}, ""subtle_gray_stripes_stripe227_bg123"": {""accuracy"": 50.0, ""f1_score"": 33.33, ""correct"": 10, ""total"": 20}, ""subtle_gray_stripes_stripe227_bg124"": {""accuracy"": 50.0, ""f1_score"": 33.33, ""correct"": 10, ""total"": 20}, ""subtle_gray_stripes_stripe228_bg120"": {""accuracy"": 50.0, ""f1_score"": 33.33, ""correct"": 10, ""total"": 20}, ""subtle_gray_stripes_stripe228_bg121"": {""accuracy"": 50.0, ""f1_score"": 33.33, ""correct"": 10, ""total"": 20}, ""subtle_gray_stripes_stripe228_bg123"": {""accuracy"": 50.0, ""f1_score"": 33.33, ""correct"": 10, ""total"": 20}, ""subtle_gray_stripes_stripe228_bg124"": {""accuracy"": 50.0, ""f1_score"": 33.33, ""correct"": 10, ""total"": 20}, ""subtle_gray_stripes_stripe229_bg120"": {""accuracy"": 50.0, ""f1_score"": 33.33, ""correct"": 10, ""total"": 20}, ""subtle_gray_stripes_stripe229_bg121"": {""accuracy"": 50.0, ""f1_score"": 33.33, ""correct"": 10, ""total"": 20}, ""subtle_gray_stripes_stripe229_bg123"": {""accuracy"": 50.0, ""f1_score"": 33.33, ""correct"": 10, ""total"": 20}, ""subtle_gray_stripes_stripe229_bg124"": {""accuracy"": 50.0, ""f1_score"": 33.33, ""correct"": 10, ""total"": 20}}","{""angle0"": {""accuracy"": 50.0, ""f1_score"": 33.33, ""correct"": 80, ""total"": 160}, ""angle30"": {""accuracy"": 50.0, ""f1_score"": 33.33, ""correct"": 80, ""total"": 160}}","{""subtle_gray_stripes_stripe226_bg120"": {""accuracy"": 65.0, ""f1_score"": 62.67, ""correct"": 13, ""total"": 20}, ""subtle_gray_stripes_stripe226_bg121"": {""accuracy"": 55.0, ""f1_score"": 43.57, ""correct"": 11, ""total"": 20}, ""subtle_gray_stripes_stripe226_bg123"": {""accuracy"": 50.0, ""f1_score"": 33.33, ""correct"": 10, ""total"": 20}, ""subtle_gray_stripes_stripe226_bg124"": {""accuracy"": 50.0, ""f1_score"": 33.33, ""correct"": 10, ""total"": 20}, ""subtle_gray_stripes_stripe227_bg120"": {""accuracy"": 50.0, ""f1_score"": 33.33, ""correct"": 10, ""total"": 20}, ""subtle_gray_stripes_stripe227_bg121"": {""accuracy"": 60.0, ""f1_score"": 52.38, ""correct"": 12, ""total"": 20}, ""subtle_gray_stripes_stripe227_bg123"": {""accuracy"": 60.0, ""f1_score"": 52.38, ""correct"": 12, ""total"": 20}, ""subtle_gray_stripes_stripe227_bg124"": {""accuracy"": 50.0, ""f1_score"": 33.33, ""correct"": 10, ""total"": 20}, ""subtle_gray_stripes_stripe228_bg120"": {""accuracy"": 65.0, ""f1_score"": 60.11, ""correct"": 13, ""total"": 20}, ""subtle_gray_stripes_stripe228_bg121"": {""accuracy"": 50.0, ""f1_score"": 33.33, ""correct"": 10, ""total"": 20}, ""subtle_gray_stripes_stripe228_bg123"": {""accuracy"": 50.0, ""f1_score"": 33.33, ""correct"": 10, ""total"": 20}, ""subtle_gray_stripes_stripe228_bg124"": {""accuracy"": 65.0, ""f1_score"": 60.11, ""correct"": 13, ""total"": 20}, ""subtle_gray_stripes_stripe229_bg120"": {""accuracy"": 50.0, ""f1_score"": 33.33, ""correct"": 10, ""total"": 20}, ""subtle_gray_stripes_stripe229_bg121"": {""accuracy"": 50.0, ""f1_score"": 33.33, ""correct"": 10, ""total"": 20}, ""subtle_gray_stripes_stripe229_bg123"": {""accuracy"": 55.0, ""f1_score"": 43.57, ""correct"": 11, ""total"": 20}, ""subtle_gray_stripes_stripe229_bg124"": {""accuracy"": 50.0, ""f1_score"": 33.33, ""correct"": 10, ""total"": 20}}","{""angle0"": {""accuracy"": 51.88, ""f1_score"": 37.37, ""correct"": 83, ""total"": 160}, ""angle30"": {""accuracy"": 57.5, ""f1_score"": 48.79, ""correct"": 92, ""total"": 160}}",,,saves/loraplus_balanced_exp230500_dec10,loraplus_balanced_exp230500_dec10,False,lora+,5,file:///mnt/c/Users/shaha/Desktop/Qwen2.5/LLaMA-Factory/analytics/reports/_exp_20251208_230500_dual_report_20251210_184218.html,
